record_id,redcap_data_access_group,date_inclus,sc_age,sc_symptoms,sc_follow_up,sc_alternative_explanation,sc_decision,agreement_upload,agreement_biobank_upload,screening_complete,clinician,chief_complaint,fever_sympt_onset,cough_sympt_onset,cough_productive_main,dyspnea_sympt_onset,chestpain_symp_onset,hemoptysis_sympt_onset,chief_complaint_other,other_sympt_onset,accompanying_symptoms___1,accompanying_symptoms___2,accompanying_symptoms___3,accompanying_symptoms___4,accompanying_symptoms___5,accompanying_symptoms___6,accompanying_symptoms___7,accompanying_symptoms___8,accompanying_symptoms___9,accompanying_symptoms___10,accompanying_symptoms___11,accompanying_symptoms___12,accompanying_symptoms___13,accompanying_symptoms___not,accompanying_symptoms___ni,accompanying_symptoms___inv,accompanying_symptoms___unk,accompanying_symptoms___nask,accompanying_symptoms___na,fever_acc_sympt_duration,cough_acc_sympt_duration,cough_productive_assoc,weight_acc_sympt_duration,dyspnea_acc_sympt_duration,chest_acc_sympt_duration,hemopt_acc_sympt_duration,sweats_acc_sympt_duration,asthen_acc_sympt_duration,anorex_acc_sympt_duration,pharyn_acc_sympt_duration,git_acc_sympt_duration,taste_acc_sympt_duration,acc_symptoms_other,other_acc_symp_duration,chronic_cough,anthonissen_1,anthonissen_2,anthonissen_3,antibiotique_av,prev_antibiotics___1,prev_antibiotics___2,prev_antibiotics___3,prev_antibiotics___4,prev_antibiotics___5,prev_antibiotics___6,prev_antibiotics___7,prev_antibiotics___not,prev_antibiotics___ni,prev_antibiotics___inv,prev_antibiotics___unk,prev_antibiotics___nask,prev_antibiotics___na,prev_abx_other,prev_antibiotic_amox,prev_antibiotic_aug,prev_antibiotic_azith,prev_antibiotic_metro,prev_antibiotic_erythro,prev_antibiotic_other,previous_tb_diagnosis,tb_act_diagnosed,treatment_active_tb,tb_active_wo_treat_s_dur,date_prev_tb,multiple_tb,mdr_tb,mdr_year,cxr_post_tb_tt,cxr_tb_sequellae,tb_resolv_wo_treat_taken,tb_resolv_wo_treat_c_dur_2,tb_resolv_wo_treat_s_dur_1,tb_resolv_wo_treat_s_dur_2,smoker,lung_diseases,chronic_pulm_disease___1,chronic_pulm_disease___2,chronic_pulm_disease___3,chronic_pulm_disease___4,chronic_pulm_disease___5,chronic_pulm_disease___6,chronic_pulm_disease___not,chronic_pulm_disease___ni,chronic_pulm_disease___inv,chronic_pulm_disease___unk,chronic_pulm_disease___nask,chronic_pulm_disease___na,other_lung_disease,diabetes,hypertension,heart_failure,cardiopathy,heart_disease,hiv,recent_cd4_count,recent_cd4_date,recent_viral_load,recent_viralload_date,arv_regimen_combo,arv_regimen_other___1,arv_regimen_other___2,arv_regimen_other___3,arv_regimen_other___4,arv_regimen_other___5,arv_regimen_other___6,arv_regimen_other___7,arv_regimen_other___8,arv_regimen_other___not,arv_regimen_other___ni,arv_regimen_other___inv,arv_regimen_other___unk,arv_regimen_other___nask,arv_regimen_other___na,other_arv,other_medical_history,covid_contact,covid_vacc,covid_vaccin,covid_doses,vaccine_year,vaccine_month,previous_covid_test,date_prev_pos_covid_test,symptoms_prev_covid,traditional_med_sought,malaria_rapid,poids_kg,taille_cm,temperature,frequence_cardiaque,tension_arterielle_systol,tension_arterielle_diastol,frequence_respiratoire,saturation_en_oxygene_spo2,glucose_rapid,glasgow_coma_scale,qsofa_freqresp,qsofa_gcs,qsofa_systolbp,quick_sofa_score,bmi,general_state,pitting_peripheral_edema,cerv_and_or_axillary_adp,gen_wasting,consultation_complete,ausc_recorded,ausc_recorded_reason,dr_ausc,auscultation_a,crackles___1,crackles___2,crackles___3,crackles___4,crackles___5,crackles___6,crackles___7,crackles___8,crackles___not,crackles___ni,crackles___inv,crackles___unk,crackles___nask,crackles___na,bronchial_breathing___1,bronchial_breathing___2,bronchial_breathing___3,bronchial_breathing___4,bronchial_breathing___5,bronchial_breathing___6,bronchial_breathing___7,bronchial_breathing___8,bronchial_breathing___not,bronchial_breathing___ni,bronchial_breathing___inv,bronchial_breathing___unk,bronchial_breathing___nask,bronchial_breathing___na,reduced_ariflow___1,reduced_ariflow___2,reduced_ariflow___3,reduced_ariflow___4,reduced_ariflow___5,reduced_ariflow___6,reduced_ariflow___7,reduced_ariflow___8,reduced_ariflow___not,reduced_ariflow___ni,reduced_ariflow___inv,reduced_ariflow___unk,reduced_ariflow___nask,reduced_ariflow___na,wheeze___1,wheeze___2,wheeze___3,wheeze___4,wheeze___5,wheeze___6,wheeze___7,wheeze___8,wheeze___not,wheeze___ni,wheeze___inv,wheeze___unk,wheeze___nask,wheeze___na,autre_bruit_auscultation,add_sound_descr,additional_sound___1,additional_sound___2,additional_sound___3,additional_sound___4,additional_sound___5,additional_sound___6,additional_sound___7,additional_sound___8,additional_sound___not,additional_sound___ni,additional_sound___inv,additional_sound___unk,additional_sound___nask,additional_sound___na,auscultation_complete,lus_echogenicity,lus_problems,lus_problems_type,la,las,lai,lps,lpi,lls,ll,ra,ras,rai,rps,rpi,rl,rls,lus_pe_1,lus_pe_lateralisation_1,lus_pe_size_1,lus_pe_size_2,pe_aspect_v1,pe_aspect_v2,lus_clinician_interpretation_complete,management,reason_hosp_refusal,end_diagnosis,secondary_diagnosis___1,secondary_diagnosis___2,secondary_diagnosis___3,secondary_diagnosis___4,secondary_diagnosis___5,secondary_diagnosis___6,secondary_diagnosis___7,secondary_diagnosis___8,secondary_diagnosis___10,secondary_diagnosis___9,secondary_diagnosis___11,secondary_diagnosis___12,secondary_diagnosis___13,secondary_diagnosis___14,secondary_diagnosis___15,secondary_diagnosis___16,secondary_diagnosis___not,secondary_diagnosis___ni,secondary_diagnosis___inv,secondary_diagnosis___unk,secondary_diagnosis___nask,secondary_diagnosis___na,tb_tt,ab_prescribed,ab_which_one___0,ab_which_one___8,ab_which_one___1,ab_which_one___9,ab_which_one___2,ab_which_one___3,ab_which_one___4,ab_which_one___5,ab_which_one___6,ab_which_one___7,ab_which_one___not,ab_which_one___ni,ab_which_one___inv,ab_which_one___unk,ab_which_one___nask,ab_which_one___na,ab_other,ab_duration_amox,ab_duration_ampi,ab_duration_aug,ab_duration_genta,ab_duration_cef,ab_duration_metro,ab_duration_erythro,ab_duration_azithro,ab_duration_bactrim,ab_duration_other,rx_steroids,oxy_prescription,covid_tt_prescription___1,covid_tt_prescription___2,covid_tt_prescription___3,covid_tt_prescription___not,covid_tt_prescription___ni,covid_tt_prescription___inv,covid_tt_prescription___unk,covid_tt_prescription___nask,covid_tt_prescription___na,initial_diagnosis_and_management_complete,blood_taken,blood_barcode_1,blood_barcode_1_typed,blood_barcode_2,blood_barcode_2_typed,blood_photo,blood_tests___1,blood_tests___2,blood_tests___3,blood_tests___4,blood_tests___5,blood_tests___6,blood_tests___7,blood_tests___8,blood_tests___9,blood_tests___10,blood_tests___not,blood_tests___ni,blood_tests___inv,blood_tests___unk,blood_tests___nask,blood_tests___na,blood_other,sputum_sample_routine,sputum_barcode_2,sputum_barcode_typed,sputum_photo,sputum_test_required___1,sputum_test_required___2,sputum_test_required___3,sputum_test_required___4,sputum_test_required___not,sputum_test_required___ni,sputum_test_required___inv,sputum_test_required___unk,sputum_test_required___nask,sputum_test_required___na,other_test_sputum,covid_rapid_done,covid_rapid,covid_rapid_barcode,covid_rapid_barcode_typed,covid_rapid_photo,nasoswab,oronaso_barcode,oronaso_barcode_typed,nasoswab_photo,pleural_tap,pleural_tap_barcode,pleural_tap_barcode_typed,pleural_tap_photo,ascitic_tap,ascitic_tap_barcode,ascitic_tap_photo,csf,csf_barcode,csf_photo,lam_test,specimens_taken_complete,cxr_taken,cxr_photo,cxr_number,cxr_doctor,cxr_normal,cxr_caracteristics___1,cxr_caracteristics___2,cxr_caracteristics___3,cxr_caracteristics___4,cxr_caracteristics___5,cxr_caracteristics___6,cxr_caracteristics___7,cxr_caracteristics___8,cxr_caracteristics___9,cxr_caracteristics___10,cxr_caracteristics___11,cxr_caracteristics___not,cxr_caracteristics___ni,cxr_caracteristics___inv,cxr_caracteristics___unk,cxr_caracteristics___nask,cxr_caracteristics___na,old_cxr_taken,old_cxr_number,old_cxr,cxr_clinician_interpretation_complete,biobank_sst,sst_number_tube,sst_barcode,sst_barcode_type,sst_none_why,sst_none_other,biobank_edta,edta_number_tube,edta_barcode,edta_barcode_type,edta_none_why,edta_none_other,biobank_pax,pax_barcode,pax_barcode_type,pax_none_why,pax_none_other,biobank_np,np_barcode,np_barcode_type,np_none_why,np_none_other,biobank_sputum,sputum_barcode,sputum_barcode_type,sputum_none_why,sputum_none_other,biobank_complete,cxr_upload,cxr_acquisition_date,old_cxr_upload,old_cxr_acquisition_date,cxr_linking_complete,nomenclature_son,eko_link_sound,eko_piste,eko_auscultation_recording_complete,lus_link,lus_link_concerns___1,lus_link_concerns___2,lus_link_concerns___3,lus_link_concerns___4,lus_link_concerns___5,lus_link_concerns___not,lus_link_concerns___ni,lus_link_concerns___inv,lus_link_concerns___unk,lus_link_concerns___nask,lus_link_concerns___na,lus_link_concerns_other,lus_linking_complete,lus_reader1_v2,lus_qasd_1_v2,qual_apxd,reason_bad_qual,lus_qasd_2_v2,qual_qasd_2,reason_bad_qual_2,lus_qaid_1_v2,qual_qaid,reasnon_bad_qual,lus_qsld_2_v2,qual_qsld,reasnon_bad_qual_2,lus_qld_1_v2,qual_qld_2,reasnon_bad_qual_3,lus_qasg_1_v2,qual_apxg_3,reasnon_bad_qual_4,lus_qasg_2_v2,qual_qasg,reasnon_bad_qual_5,lus_qaig_1_v2,qual_qaig,reasnon_bad_qual_6,lus_qslg_2_v2,qual_qslg,reasnon_bad_qual_7,lus_qlg_1_v2,reasnon_bad_qual_8,qual_qlg_2,lus_qpsd_1_v2,qual_qpsd,reasnon_bad_qual_9,lus_qpid_1_v2,qual_qpid,reasnon_bad_qual_10,lus_qpsg_1_v2,qual_qpsg,reasnon_bad_qual_11,lus_qpig_1_v2,qual_qpig,reasnon_bad_qual_12,lus_pe_1_v2,lus_pe_lateralisation_1_v2,lus_pe_size_1_v2,lus_pe_size_2_v2,pe_aspect_v1_v2,pe_aspect_v2_v2,lus_reader_2_interpretation_complete,cxr_reader2,cxr_normal_v2,cxr_caracteristics_v2___1,cxr_caracteristics_v2___2,cxr_caracteristics_v2___3,cxr_caracteristics_v2___4,cxr_caracteristics_v2___5,cxr_caracteristics_v2___6,cxr_caracteristics_v2___7,cxr_caracteristics_v2___8,cxr_caracteristics_v2___9,cxr_caracteristics_v2___10,cxr_caracteristics_v2___not,cxr_caracteristics_v2___ni,cxr_caracteristics_v2___inv,cxr_caracteristics_v2___unk,cxr_caracteristics_v2___nask,cxr_caracteristics_v2___na,cxr_reader_2_interpretation_complete,crp_result,u_e_result,fbc_result,hiv_elisa_result,cd4_result,viral_load_result,lft_result,ldh_result,clat_result,other_blood_test_result,gxp_result,tb_mc_s_result,afbs_result,other_sputum_result,covid_19,pleural_tap_r,ascitic_tap_r,csf_r,lam_test_r,specimens_result_complete,lus_link_v2,lus_echogenicity_v2,lus_problems_v2,lus_problems_type_v2,fash_complete,fash_reader,fash_pericard_effusion,fash_adp,fash_rpleural_effusion,fash_liver,fash_morison_ascites,fash_lpleural_effusion,fash_spleen,fash_splenoren_ascites,fash_douglas_ascites,fash_reader_1_interpretation_complete,fash_reader_v2,fash_pericard_effusion_v2,qual_sx,reason_bad_qual_fash,fash_adp_v2,qual_ap,reason_bad_qual_fash_2,fash_rpleural_effusion_v2,qual_qld_fash,reason_bad_qual_fash_3,fash_liver_v2,qual_liver,reason_bad_qual_fash_4,fash_morison_ascites_v2,qual_mor,reason_bad_qual_fash_5,fash_lpleural_effusion_v2,qual_qlg_fash,reason_bad_qual_fash_6,fash_spleen_v2,qual_spleen,reason_bad_qual_fash_7,fash_splenoren_ascites_v2,qual_sr,reason_bad_qual_fash_8,fash_douglas_ascites_v2,qual_douglas,reason_bad_qual_fash_9,fash_reader_2_interpretation_complete,pt_revisited_7d_14d,end_diagnosis_v2,secondary_diagnosis_v2___1,secondary_diagnosis_v2___2,secondary_diagnosis_v2___3,secondary_diagnosis_v2___4,secondary_diagnosis_v2___5,secondary_diagnosis_v2___6,secondary_diagnosis_v2___7,secondary_diagnosis_v2___8,secondary_diagnosis_v2___10,secondary_diagnosis_v2___9,secondary_diagnosis_v2___11,secondary_diagnosis_v2___12,secondary_diagnosis_v2___13,secondary_diagnosis_v2___14,secondary_diagnosis_v2___15,secondary_diagnosis_v2___16,secondary_diagnosis_v2___not,secondary_diagnosis_v2___ni,secondary_diagnosis_v2___inv,secondary_diagnosis_v2___unk,secondary_diagnosis_v2___nask,secondary_diagnosis_v2___na,tb_xpert_pleural,tb_cult_pleural,pleural_bact_culture,result_pleural_bact,tb_pleural_cytology,pleural_percent_lymph,tb_pleural_exsudat,tb_pericard,tb_pericard_lab,tb_xpert_pericard,tb_cult_pericard,pericard_cult_bact,result_bact_pericard,tb_pericard_cytology,pericard_percent_lymph,tb_extra_pulm,tb_tt_v2,tb_treatment_lazaret,tb_register_nr,other_tb_tt_site,ab_prescribed_v2,days_ab_prescribed_v2,ab_which_one_v2___1,ab_which_one_v2___2,ab_which_one_v2___3,ab_which_one_v2___4,ab_which_one_v2___5,ab_which_one_v2___6,ab_which_one_v2___not,ab_which_one_v2___ni,ab_which_one_v2___inv,ab_which_one_v2___unk,ab_which_one_v2___nask,ab_which_one_v2___na,ab_other_v2,oxy_prescription_v2,covid_tt_prescription_v2___1,covid_tt_prescription_v2___2,covid_tt_prescription_v2___3,covid_tt_prescription_v2___not,covid_tt_prescription_v2___ni,covid_tt_prescription_v2___inv,covid_tt_prescription_v2___unk,covid_tt_prescription_v2___nask,covid_tt_prescription_v2___na,final_diagnosis_and_management_j7j14_complete,date_fu_6m,tb_outcome_6m_tb_reg,phone_call_miss_data,outcome_tb_6m_call,followup_6_month_tb_complete,auscultation_a_v1,crepitant_v1___1,crepitant_v1___2,crepitant_v1___3,crepitant_v1___4,crepitant_v1___5,crepitant_v1___6,crepitant_v1___7,crepitant_v1___8,crepitant_v1___not,crepitant_v1___ni,crepitant_v1___inv,crepitant_v1___unk,crepitant_v1___nask,crepitant_v1___na,sibilant_v1___1,sibilant_v1___2,sibilant_v1___3,sibilant_v1___4,sibilant_v1___5,sibilant_v1___6,sibilant_v1___7,sibilant_v1___8,sibilant_v1___not,sibilant_v1___ni,sibilant_v1___inv,sibilant_v1___unk,sibilant_v1___nask,sibilant_v1___na,ronchus_v1___1,ronchus_v1___2,ronchus_v1___3,ronchus_v1___4,ronchus_v1___5,ronchus_v1___6,ronchus_v1___7,ronchus_v1___8,ronchus_v1___not,ronchus_v1___ni,ronchus_v1___inv,ronchus_v1___unk,ronchus_v1___nask,ronchus_v1___na,souffle_tub_v1___1,souffle_tub_v1___2,souffle_tub_v1___3,souffle_tub_v1___4,souffle_tub_v1___5,souffle_tub_v1___6,souffle_tub_v1___7,souffle_tub_v1___8,souffle_tub_v1___not,souffle_tub_v1___ni,souffle_tub_v1___inv,souffle_tub_v1___unk,souffle_tub_v1___nask,souffle_tub_v1___na,frott_pleur_v1___1,frott_pleur_v1___2,frott_pleur_v1___3,frott_pleur_v1___4,frott_pleur_v1___5,frott_pleur_v1___6,frott_pleur_v1___7,frott_pleur_v1___8,frott_pleur_v1___not,frott_pleur_v1___ni,frott_pleur_v1___inv,frott_pleur_v1___unk,frott_pleur_v1___nask,frott_pleur_v1___na,expirium_v1___1,expirium_v1___2,expirium_v1___3,expirium_v1___4,expirium_v1___5,expirium_v1___6,expirium_v1___7,expirium_v1___8,expirium_v1___not,expirium_v1___ni,expirium_v1___inv,expirium_v1___unk,expirium_v1___nask,expirium_v1___na,autre_bruit_v1___1,autre_bruit_v1___2,autre_bruit_v1___3,autre_bruit_v1___4,autre_bruit_v1___5,autre_bruit_v1___6,autre_bruit_v1___7,autre_bruit_v1___8,autre_bruit_v1___not,autre_bruit_v1___ni,autre_bruit_v1___inv,autre_bruit_v1___unk,autre_bruit_v1___nask,autre_bruit_v1___na,hypoventilation_v1,autre_bruit_auscultation_v1,auscultation_tableau_complete
2,,"2021-12-20 12:52",1,1,0,0,1,1,0,0,3,2,,14,1,,,,,,1,0,0,0,1,1,0,1,0,0,1,0,0,0,0,0,0,0,0,14,,,14,,,14,,14,,,2,,,,2,,,,1,0,0,0,0,0,0,0,0,0,0,0,0,0,,,,,,,,1,,,,,,,,,,,,,,1,0,0,0,0,0,0,0,0,0,0,0,0,0,,0,0,0,0,,1,,,,,,0,0,0,0,0,0,0,0,0,0,0,0,0,0,,,0,1,1,1,,,0,,,0,3,75,,36.1,73,125,76,20,99,,15,0,0,0,0,,1,0,0,0,0,,,,0,0,0,0,0,0,0,0,0,0,0,0,0,0,0,0,0,0,0,0,0,0,0,0,0,0,0,0,0,0,0,0,0,0,0,0,0,0,0,0,0,0,0,0,0,0,0,0,0,0,0,0,0,0,0,0,0,0,,0,0,0,0,0,0,0,0,0,0,0,0,0,0,0,2,1,"Difficult to image anterior due to breast tissue",0,0,0,0,0,,0,0,0,0,0,0,0,,0,,,,,,0,1,,3,0,0,0,0,0,0,0,0,0,0,0,0,0,0,0,0,0,0,0,0,0,0,0,0,0,0,0,0,0,0,0,0,0,0,0,0,0,0,0,0,,,,,,,,,,,,0,0,1,0,0,0,0,0,0,0,0,0,1,,,,,,1,0,1,0,0,0,0,0,0,0,0,0,0,0,0,0,,1,,,,1,0,0,0,0,0,0,0,0,0,,,,,,,1,,,,0,,,,0,,,0,,,3,0,,,,,,0,0,0,0,0,0,0,0,0,0,0,0,0,0,0,0,0,,,,0,,,,,,,,,,,,,,,,,,,,,,,,,,,,0,,,,,0,,,,0,,0,0,0,0,0,0,0,0,0,0,0,,0,,,,,,,,,,,,,,,,,,,,,,,,,,,,,,,,,,,,,,,,,,,,,,,,,,0,,,0,0,0,0,0,0,0,0,0,0,0,0,0,0,0,0,0,,,,,,,,,,,,,,,,,,,,0,,,,,0,,,,,,,,,,,0,,,,,,,,,,,,,,,,,,,,,,,,,,,,,0,,,0,0,0,0,0,0,0,0,0,0,0,0,0,0,0,0,0,0,0,0,0,0,,,,,,,,,,,,,,,,,,,,,,,0,0,0,0,0,0,0,0,0,0,0,0,,,0,0,0,0,0,0,0,0,0,0,,,,,0,,0,0,0,0,0,0,0,0,0,0,0,0,0,0,0,0,0,0,0,0,0,0,0,0,0,0,0,0,0,0,0,0,0,0,0,0,0,0,0,0,0,0,0,0,0,0,0,0,0,0,0,0,0,0,0,0,0,0,0,0,0,0,0,0,0,0,0,0,0,0,0,0,0,0,0,0,0,0,0,0,0,0,0,0,0,0,0,0,0,0,0,0,0,0,0,0,0,0,,,0
3,,"2021-12-20 12:52",1,1,0,0,1,1,0,0,3,2,,14,1,,,,,,1,0,0,0,1,1,0,1,0,0,1,0,0,0,0,0,0,0,0,14,,,14,,,14,,14,,,2,,,,2,,,,1,0,0,0,0,0,0,0,0,0,0,0,0,0,,,,,,,,1,,,,,,,,,,,,,,1,0,0,0,0,0,0,0,0,0,0,0,0,0,,0,0,0,0,,1,,,,,,0,0,0,0,0,0,0,0,0,0,0,0,0,0,,,0,1,1,1,,,0,,,0,3,75,,36.1,73,125,76,20,99,,15,0,0,0,0,,1,0,0,0,0,,,,0,0,0,0,0,0,0,0,0,0,0,0,0,0,0,0,0,0,0,0,0,0,0,0,0,0,0,0,0,0,0,0,0,0,0,0,0,0,0,0,0,0,0,0,0,0,0,0,0,0,0,0,0,0,0,0,0,0,,0,0,0,0,0,0,0,0,0,0,0,0,0,0,0,2,1,"Difficult to image anterior due to breast tissue",0,0,0,0,0,,0,0,0,0,0,0,0,,0,,,,,,0,1,,3,0,0,0,0,0,0,0,0,0,0,0,0,0,0,0,0,0,0,0,0,0,0,0,0,0,0,0,0,0,0,0,0,0,0,0,0,0,0,0,0,,,,,,,,,,,,0,0,1,0,0,0,0,0,0,0,0,0,1,,,,,,1,0,1,0,0,0,0,0,0,0,0,0,0,0,0,0,,1,,,,1,0,0,0,0,0,0,0,0,0,,,,,,,1,,,,0,,,,0,,,0,,,3,0,,,,,,0,0,0,0,0,0,0,0,0,0,0,0,0,0,0,0,0,,,,0,,,,,,,,,,,,,,,,,,,,,,,,,,,,0,,,,,0,,,,0,,0,0,0,0,0,0,0,0,0,0,0,,0,,,,,,,,,,,,,,,,,,,,,,,,,,,,,,,,,,,,,,,,,,,,,,,,,,0,,,0,0,0,0,0,0,0,0,0,0,0,0,0,0,0,0,0,,,,,,,,,,,,,,,,,,,,0,,,,,0,,,,,,,,,,,0,,,,,,,,,,,,,,,,,,,,,,,,,,,,,0,,,0,0,0,0,0,0,0,0,0,0,0,0,0,0,0,0,0,0,0,0,0,0,,,,,,,,,,,,,,,,,,,,,,,0,0,0,0,0,0,0,0,0,0,0,0,,,0,0,0,0,0,0,0,0,0,0,,,,,0,,0,0,0,0,0,0,0,0,0,0,0,0,0,0,0,0,0,0,0,0,0,0,0,0,0,0,0,0,0,0,0,0,0,0,0,0,0,0,0,0,0,0,0,0,0,0,0,0,0,0,0,0,0,0,0,0,0,0,0,0,0,0,0,0,0,0,0,0,0,0,0,0,0,0,0,0,0,0,0,0,0,0,0,0,0,0,0,0,0,0,0,0,0,0,0,0,0,0,,,0
4,,"2021-12-20 12:52",1,1,0,0,1,1,0,0,3,2,,14,1,,,,,,1,0,0,0,1,1,0,1,0,0,1,0,0,0,0,0,0,0,0,14,,,14,,,14,,14,,,2,,,,2,,,,1,0,0,0,0,0,0,0,0,0,0,0,0,0,,,,,,,,1,,,,,,,,,,,,,,1,0,0,0,0,0,0,0,0,0,0,0,0,0,,0,0,0,0,,1,,,,,,0,0,0,0,0,0,0,0,0,0,0,0,0,0,,,0,1,1,1,,,0,,,0,2,75,,36.1,73,125,76,20,99,,15,0,0,0,0,,1,0,0,0,0,,,,0,0,0,0,0,0,0,0,0,0,0,0,0,0,0,0,0,0,0,0,0,0,0,0,0,0,0,0,0,0,0,0,0,0,0,0,0,0,0,0,0,0,0,0,0,0,0,0,0,0,0,0,0,0,0,0,0,0,,0,0,0,0,0,0,0,0,0,0,0,0,0,0,0,2,1,"Difficult to image anterior due to breast tissue",0,0,0,0,0,,0,0,0,0,0,0,0,,0,,,,,,0,1,,3,0,0,0,0,0,0,0,0,0,0,0,0,0,0,0,0,0,0,0,0,0,0,0,0,0,0,0,0,0,0,0,0,0,0,0,0,0,0,0,0,,,,,,,,,,,,0,0,1,0,0,0,0,0,0,0,0,0,1,,,,,,1,0,1,0,0,0,0,0,0,0,0,0,0,0,0,0,,1,,,,1,0,0,0,0,0,0,0,0,0,,,,,,,1,,,,0,,,,0,,,0,,,3,0,,,,,,0,0,0,0,0,0,0,0,0,0,0,0,0,0,0,0,0,,,,0,,,,,,,,,,,,,,,,,,,,,,,,,,,,0,,,,,0,,,,0,,0,0,0,0,0,0,0,0,0,0,0,,0,,,,,,,,,,,,,,,,,,,,,,,,,,,,,,,,,,,,,,,,,,,,,,,,,,0,,,0,0,0,0,0,0,0,0,0,0,0,0,0,0,0,0,0,,,,,,,,,,,,,,,,,,,,0,,,,,0,,,,,,,,,,,0,,,,,,,,,,,,,,,,,,,,,,,,,,,,,0,,,0,0,0,0,0,0,0,0,0,0,0,0,0,0,0,0,0,0,0,0,0,0,,,,,,,,,,,,,,,,,,,,,,,0,0,0,0,0,0,0,0,0,0,0,0,,,0,0,0,0,0,0,0,0,0,0,,,,,0,,0,0,0,0,0,0,0,0,0,0,0,0,0,0,0,0,0,0,0,0,0,0,0,0,0,0,0,0,0,0,0,0,0,0,0,0,0,0,0,0,0,0,0,0,0,0,0,0,0,0,0,0,0,0,0,0,0,0,0,0,0,0,0,0,0,0,0,0,0,0,0,0,0,0,0,0,0,0,0,0,0,0,0,0,0,0,0,0,0,0,0,0,0,0,0,0,0,0,,,0
5,,"2021-12-13 16:18",,,,,,,,0,,,,,,,,,,,0,0,0,0,0,0,0,0,0,0,0,0,0,0,0,0,0,0,0,,,,,,,,,,,,,,,,,,,,,0,0,0,0,0,0,0,0,0,0,0,0,0,,,,,,,,,,,,,,,,,,,,,,,,0,0,0,0,0,0,0,0,0,0,0,0,,,,,,,,,,,,,0,0,0,0,0,0,0,0,0,0,0,0,0,0,,,,,,,,,,,,,,,,,,,,,,,,0,0,0,0,,,,,,0,,,,,0,0,0,0,0,0,0,0,0,0,0,0,0,0,0,0,0,0,0,0,0,0,0,0,0,0,0,0,0,0,0,0,0,0,0,0,0,0,0,0,0,0,0,0,0,0,0,0,0,0,0,0,0,0,0,0,,,0,0,0,0,0,0,0,0,0,0,0,0,0,0,0,,,,,,,,,,,,,,,,,,,,,,,,0,,,,0,0,0,0,0,0,0,0,0,0,0,0,0,0,0,0,0,0,0,0,0,0,,,0,0,0,0,0,0,0,0,0,0,0,0,0,0,0,0,,,,,,,,,,,,,,0,0,0,0,0,0,0,0,0,0,,,,,,,0,0,0,0,0,0,0,0,0,0,0,0,0,0,0,0,,,,,,0,0,0,0,0,0,0,0,0,0,,,,,,,,,,,,,,,,,,,,,,0,,,,,,0,0,0,0,0,0,0,0,0,0,0,0,0,0,0,0,0,,,,0,,,,,,,,,,,,,,,,,,,,,,,,,,,,0,,,,,0,,,,0,,0,0,0,0,0,0,0,0,0,0,0,,0,,,,,,,,,,,,,,,,,,,,,,,,,,,,,,,,,,,,,,,,,,,,,,,,,,0,,,0,0,0,0,0,0,0,0,0,0,0,0,0,0,0,0,0,,,,,,,,,,,,,,,,,,,,0,,,,,0,,,,,,,,,,,0,,,,,,,,,,,,,,,,,,,,,,,,,,,,,0,,,0,0,0,0,0,0,0,0,0,0,0,0,0,0,0,0,0,0,0,0,0,0,,,,,,,,,,,,,,,,,,,,,,,0,0,0,0,0,0,0,0,0,0,0,0,,,0,0,0,0,0,0,0,0,0,0,,,,,0,,0,0,0,0,0,0,0,0,0,0,0,0,0,0,0,0,0,0,0,0,0,0,0,0,0,0,0,0,0,0,0,0,0,0,0,0,0,0,0,0,0,0,0,0,0,0,0,0,0,0,0,0,0,0,0,0,0,0,0,0,0,0,0,0,0,0,0,0,0,0,0,0,0,0,0,0,0,0,0,0,0,0,0,0,0,0,0,0,0,0,0,0,0,0,0,0,0,0,,,0
27-0,hds,"2022-04-04 11:40",1,1,0,0,1,1,0,2,2,2,,30,1,,,,,,1,0,1,1,0,1,1,1,1,0,0,0,0,0,0,0,0,0,0,30,,,30,7,7,,30,30,30,,,,,,2,,,,1,0,0,0,0,0,0,0,0,0,0,0,0,0,,,,,,,,4,"March 2022",2,,,,0,,,,,,,,1,0,0,0,0,0,0,0,0,0,0,0,0,0,,0,0,0,0,,1,,,,,1,0,0,0,0,0,0,0,0,0,0,0,0,0,0,,,0,0,,,,,0,,,0,0,57,160,37.5,138,91,52,24,92,5.0,15,1,0,1,2,22.265625,3,0,0,1,2,,,,1,0,0,0,0,0,0,0,0,0,0,0,0,0,0,0,0,0,0,0,0,0,0,0,0,0,0,0,0,0,0,1,0,0,0,0,0,0,0,0,0,0,0,0,0,0,0,0,0,0,0,0,0,0,0,0,0,0,,0,0,0,0,0,0,0,0,0,0,0,0,0,0,2,2,1,"Patient extremely dyspnoeic. Difficulty sitting still during examination",1,2,1,3,1,,8,1,1,8,4,1,2,,0,,,,,,2,2,,10,1,0,0,0,0,0,0,0,0,0,0,0,0,0,0,0,0,0,0,0,0,0,1,1,0,0,1,0,1,0,0,0,0,0,0,0,0,0,0,0,,,,5,,5,,,,,,0,1,1,0,0,0,0,0,0,0,0,2,1,AGOF2734NOF,,AGOF3801NOF,,,0,1,1,0,0,1,0,0,0,1,0,0,0,0,0,0,"INR,D Dimers",1,"AGOF3803NOF and AJXH1573P",,,1,1,1,0,0,0,0,0,0,0,,0,,,,,1,AGOF2735NOF,,,0,,,,0,,,0,,,2,2,1,1649079456245.jpg,2896/22,1,0,0,1,0,0,1,0,0,0,0,0,1,0,0,0,0,0,0,,,,2,,,,,,,,,,,,,,,,,,,,,,,,,,,,0,2896.22,2022-04-04,,,2,27-0_Lu_HDS_ca_E,27-0_Lu_HDS_ca_E.zip,1,2,https://cloud.butterflynetwork.com/-/shared/086pTliTSgOCm4cACa0ppg?region=US,0,0,0,0,0,0,0,0,0,0,0,,2,,,,,,,,,,,,,,,,,,,,,,,,,,,,,,,,,,,,,,,,,,,,,,,,,,0,,,0,0,0,0,0,0,0,0,0,0,0,0,0,0,0,0,0,,,,,,,,,,,,,,,,,,,,0,,,,,0,,,,,,,,,,,0,,,,,,,,,,,,,,,,,,,,,,,,,,,,,0,,,0,0,0,0,0,0,0,0,0,0,0,0,0,0,0,0,0,0,0,0,0,0,,,,,,,,,,,,,,,,,,,,,,,0,0,0,0,0,0,0,0,0,0,0,0,,,0,0,0,0,0,0,0,0,0,0,,,,,0,,0,0,0,0,0,0,0,0,0,0,0,0,0,0,0,0,0,0,0,0,0,0,0,0,0,0,0,0,0,0,0,0,0,0,0,0,0,0,0,0,0,0,0,0,0,0,0,0,0,0,0,0,0,0,0,0,0,0,0,0,0,0,0,0,0,0,0,0,0,0,0,0,0,0,0,0,0,0,0,0,0,0,0,0,0,0,0,0,0,0,0,0,0,0,0,0,0,0,,,0
27-1,hds,"2022-01-10 08:28",1,1,0,0,1,1,,2,5,2,,14,1,,,,,,0,0,0,0,0,1,1,1,1,1,0,0,0,0,0,0,0,0,0,,,,14,,,,14,14,28,3,,,,,2,,,,1,0,0,0,0,0,0,0,0,0,0,0,0,0,,,,,,,,1,,,,,,,,,,,,,,1,0,0,0,0,0,0,0,0,0,0,0,0,0,,0,0,0,0,,0,,,,,,0,0,0,0,0,0,0,0,0,0,0,0,0,0,,,0,0,,,,,0,,,0,0,66,,36.4,125,116,56,18,100,5.4,15,0,0,0,0,,3,0,0,0,2,1,,,1,0,0,1,0,0,0,0,0,0,0,0,0,0,0,0,0,0,0,0,0,1,0,0,0,0,0,0,0,0,0,0,0,0,0,0,0,0,0,0,0,0,0,0,0,0,0,0,0,0,0,0,0,0,0,0,0,0,,0,0,0,0,0,0,0,0,0,0,0,0,0,0,2,1,0,,1,1,1,1,1,,1,1,1,5,1,5,1,,0,,,,,,2,2,,3,0,0,0,0,0,1,0,0,0,0,0,0,0,0,0,0,0,0,0,0,0,0,0,1,0,0,0,0,1,0,0,0,0,0,0,0,0,0,0,0,,,,,,5,,,,,,0,0,1,0,0,0,0,0,0,0,0,2,1,AGEY9092NOF,,,,,1,1,1,0,0,0,0,0,0,1,0,0,0,0,0,0,D-dimer,1,AGEY9048NOF,,,1,1,0,0,0,0,0,0,0,0,,1,0,,,,1,AGEY9047NOF,,,0,,,,0,,,0,,,2,2,1,"27-1 - 281_22.jpg",281/22,1,0,0,1,0,0,0,0,0,0,1,0,0,0,0,0,0,0,0,,,,2,,,,,,,,,,,,,,,,,,,,,,,,,,,,0,281.22,2022-01-10,,,2,27-1_Lu_HDS_ca_E,27-1_Lu_HDS_ca_E.zip,0,2,https://cloud.butterflynetwork.com/-/shared/MAHubvpqTMCEqZ5qP248uA?region=US,0,0,0,0,0,0,0,0,0,0,0,,2,,,,,,,,,,,,,,,,,,,,,,,,,,,,,,,,,,,,,,,,,,,,,,,,,,0,,,0,0,0,0,0,0,0,0,0,0,0,0,0,0,0,0,0,,,,,,,,,,,,,,,,,,,,0,,,,,0,,,,,,,,,,,0,,,,,,,,,,,,,,,,,,,,,,,,,,,,,0,,,0,0,0,0,0,0,0,0,0,0,0,0,0,0,0,0,0,0,0,0,0,0,,,,,,,,,,,,,,,,,,,,,,,0,0,0,0,0,0,0,0,0,0,0,0,,,0,0,0,0,0,0,0,0,0,0,,,,,0,,0,0,0,0,0,0,0,0,0,0,0,0,0,0,0,0,0,0,0,0,0,0,0,0,0,0,0,0,0,0,0,0,0,0,0,0,0,0,0,0,0,0,0,0,0,0,0,0,0,0,0,0,0,0,0,0,0,0,0,0,0,0,0,0,0,0,0,0,0,0,0,0,0,0,0,0,0,0,0,0,0,0,0,0,0,0,0,0,0,0,0,0,0,0,0,0,0,0,,,0
27-2,hds,"2022-01-10 10:27",1,1,0,0,1,1,0,2,5,3,,,,5,,,,,1,1,0,1,0,0,1,1,0,0,0,0,0,0,0,0,0,0,0,14,14,1,,,3,,14,3,,,,,,,2,,,,1,0,0,0,0,0,0,0,0,0,0,0,0,0,,,,,,,,1,,,,,,,,,,,,,,1,0,0,0,0,0,0,0,0,0,0,0,0,0,,1,0,0,0,,1,,,,,1,0,0,0,0,0,0,0,0,0,0,0,0,0,0,,,0,1,1,1,2021,11,0,,,0,0,160,,36.1,141,126,79,32,97,26,15,1,0,0,1,,4,0,0,0,2,1,,,1,0,1,0,0,1,0,1,0,0,0,0,0,0,0,0,1,0,0,0,0,0,0,0,0,0,0,0,0,0,0,0,0,0,0,0,0,0,0,0,0,0,0,0,0,0,0,0,0,0,0,0,0,0,0,0,0,0,,0,0,0,0,0,0,0,0,0,0,0,0,0,0,2,2,1,"Increased BMI, patient distressed",1,1,5,1,1,,1,5,5,1,1,1,1,,0,,,,,,2,2,,6,0,0,0,0,0,0,0,0,0,1,0,0,0,0,0,0,0,0,0,0,0,0,0,1,0,0,1,0,0,0,0,0,0,0,0,0,0,0,0,0,,,,7,,,,,,,,1,1,0,1,0,0,0,0,0,0,0,2,1,AGEY9044NOF,,ADIT6055HOF,,,1,1,1,0,1,1,0,0,0,1,0,0,0,0,0,0,HbA1c,0,,,,0,0,0,0,0,0,0,0,0,0,,0,,,,,1,AGEY9043NOF,,,0,,,,0,,,0,,,2,2,0,,,,,0,0,0,0,0,0,0,0,0,0,0,0,0,0,0,0,0,,,,2,,,,,,,,,,,,,,,,,,,,,,,,,,,,0,,,,,2,27-2_Lu_HDS_ca_E,27-2_Lu_HDS_ca_E.zip,1,2,https://cloud.butterflynetwork.com/-/shared/mli7e20TQaykSC6gyIe44g?region=US,0,0,0,0,0,0,0,0,0,0,0,,2,,,,,,,,,,,,,,,,,,,,,,,,,,,,,,,,,,,,,,,,,,,,,,,,,,0,,,0,0,0,0,0,0,0,0,0,0,0,0,0,0,0,0,0,,,,,,,,,,,,,,,,,,,,0,,,,,0,,,,,,,,,,,0,,,,,,,,,,,,,,,,,,,,,,,,,,,,,0,,,0,0,0,0,0,0,0,0,0,0,0,0,0,0,0,0,0,0,0,0,0,0,,,,,,,,,,,,,,,,,,,,,,,0,0,0,0,0,0,0,0,0,0,0,0,,,0,0,0,0,0,0,0,0,0,0,,,,,0,,0,0,0,0,0,0,0,0,0,0,0,0,0,0,0,0,0,0,0,0,0,0,0,0,0,0,0,0,0,0,0,0,0,0,0,0,0,0,0,0,0,0,0,0,0,0,0,0,0,0,0,0,0,0,0,0,0,0,0,0,0,0,0,0,0,0,0,0,0,0,0,0,0,0,0,0,0,0,0,0,0,0,0,0,0,0,0,0,0,0,0,0,0,0,0,0,0,0,,,0
27-3,hds,"2022-01-14 10:12",1,1,0,0,1,1,0,2,5,5,,,,,,2,,,0,1,1,1,0,0,0,0,0,0,0,0,0,0,0,0,0,0,0,,30,1,,2,2,,,,,,,,,,2,,,,1,0,0,0,0,0,0,0,0,0,0,0,0,0,,,,,,,,2,,,,2017,,,,0,,3,4,,,1,0,0,0,0,0,0,0,0,0,0,0,0,0,,0,0,0,0,,0,,,,,,0,0,0,0,0,0,0,0,0,0,0,0,0,0,,"Previous MDR-TB 2012 and 2017",0,0,,,,,0,,,0,2,,,36.3,96,117,71,15,96,,15,0,0,0,0,,1,0,0,0,2,1,,,1,0,0,0,0,0,0,0,0,0,0,0,0,0,0,0,0,0,0,0,0,0,0,0,0,0,0,0,0,1,0,1,0,1,0,1,0,0,0,0,0,0,0,0,0,0,0,0,0,0,0,0,0,0,0,0,0,0,,0,0,0,0,0,0,0,0,0,0,0,0,0,0,2,1,0,,5,5,5,4,7,,5,1,1,1,1,1,1,,1,2,2,,1,,2,1,,3,0,0,0,0,0,1,0,0,0,0,0,0,0,0,0,0,0,0,0,0,0,0,1,1,0,0,1,0,0,0,0,0,0,0,0,0,0,0,0,0,,,,5,,,,,,,,0,0,1,0,0,0,0,0,0,0,0,2,1,AGEY8799NOF,,,,,1,1,1,1,0,0,0,0,0,0,0,0,0,0,0,0,,1,AGEY8798NOF,,,1,1,0,1,0,0,0,0,0,0,"TB sensitivity/Line Probe Assay",1,0,,,,1,AGEY8401NOF,,,0,,,,0,,,0,,,2,2,1,"27-3 468.22.png",468/22,1,0,0,0,0,1,1,1,0,0,1,0,1,0,0,0,0,0,0,,,,2,,,,,,,,,,,,,,,,,,,,,,,,,,,,0,468.22,2022-01-14,,,2,27-3_Lu_HDS_ca_E,27-3_Lu_HDS_ca_E.zip,0,2,https://cloud.butterflynetwork.com/-/shared/iJvm20wNSvapOxBNkeLicQ?region=US,0,0,0,0,0,0,0,0,0,0,0,,2,,,,,,,,,,,,,,,,,,,,,,,,,,,,,,,,,,,,,,,,,,,,,,,,,,0,,,0,0,0,0,0,0,0,0,0,0,0,0,0,0,0,0,0,,,,,,,,,,,,,,,,,,,,0,,,,,0,,,,,,,,,,,0,,,,,,,,,,,,,,,,,,,,,,,,,,,,,0,,,0,0,0,0,0,0,0,0,0,0,0,0,0,0,0,0,0,0,0,0,0,0,,,,,,,,,,,,,,,,,,,,,,,0,0,0,0,0,0,0,0,0,0,0,0,,,0,0,0,0,0,0,0,0,0,0,,,,,0,,0,0,0,0,0,0,0,0,0,0,0,0,0,0,0,0,0,0,0,0,0,0,0,0,0,0,0,0,0,0,0,0,0,0,0,0,0,0,0,0,0,0,0,0,0,0,0,0,0,0,0,0,0,0,0,0,0,0,0,0,0,0,0,0,0,0,0,0,0,0,0,0,0,0,0,0,0,0,0,0,0,0,0,0,0,0,0,0,0,0,0,0,0,0,0,0,0,0,,,0
27-4,hds,"2021-12-20 12:52",1,1,0,0,1,1,0,2,1,2,,14,1,,,,,,1,0,0,0,1,1,0,1,0,0,1,0,0,0,0,0,0,0,0,14,,,14,,,14,,14,,,2,,,,2,,,,1,0,0,0,0,0,0,0,0,0,0,0,0,0,,,,,,,,1,,,,,,,,,,,,,,1,0,0,0,0,0,0,0,0,0,0,0,0,0,,0,0,0,0,,0,,,,,,0,0,0,0,0,0,0,0,0,0,0,0,0,0,,,0,1,1,1,,,0,,,0,2,75,,36.1,73,125,76,20,99,,15,0,0,0,0,,1,0,0,0,2,1,,,0,0,0,0,0,0,0,0,0,0,0,0,0,0,0,0,0,0,0,0,0,0,0,0,0,0,0,0,0,0,0,0,0,0,0,0,0,0,0,0,0,0,0,0,0,0,0,0,0,0,0,0,0,0,0,0,0,,,0,0,0,0,0,0,0,0,0,0,0,0,0,0,2,2,1,"Difficult to image anterior due to breast tissue",1,1,1,1,1,,1,1,1,1,1,1,1,,0,,,,,,2,1,,3,0,0,0,0,0,0,0,0,0,0,0,0,0,0,0,0,0,0,0,0,0,0,0,0,0,0,0,0,0,0,0,0,0,0,0,0,0,0,0,0,,,,,,,,,,,,0,0,1,0,0,0,0,0,0,0,0,2,1,AGDL2168NOF,,,,,1,0,1,0,0,0,0,0,0,1,0,0,0,0,0,0,ESR,1,AGDL3697NOF,,,1,0,0,0,0,0,0,0,0,0,,0,,,,,1,,,,0,,,,0,,,0,,,2,2,1,"27-4 - 9128_21.jpg",9128/21,1,1,0,0,0,0,0,0,0,0,0,0,0,0,0,0,0,0,0,,,,2,,,,,,,,,,,,,,,,,,,,,,,,,,,,0,9128.21,2021-12-20,,,2,27-4_Lu_HDS_ca_E,27-4_Lu_HDS_ca_E.zip,0,2,https://cloud.butterflynetwork.com/-/shared/cUoGh4vmSoiCK8yTyaAEaw?region=US,0,0,0,0,0,0,0,0,0,0,0,,2,,,,,,,,,,,,,,,,,,,,,,,,,,,,,,,,,,,,,,,,,,,,,,,,,,0,,,0,0,0,0,0,0,0,0,0,0,0,0,0,0,0,0,0,,,,,,,,,,,,,,,,,,,,0,,,,,0,,,,,,,,,,,0,,,,,,,,,,,,,,,,,,,,,,,,,,,,,0,,,0,0,0,0,0,0,0,0,0,0,0,0,0,0,0,0,0,0,0,0,0,0,,,,,,,,,,,,,,,,,,,,,,,0,0,0,0,0,0,0,0,0,0,0,0,,,0,0,0,0,0,0,0,0,0,0,,,,,0,,0,0,0,0,0,0,0,0,0,0,0,0,0,0,0,0,0,0,0,0,0,0,0,0,0,0,0,0,0,0,0,0,0,0,0,0,0,0,0,0,0,0,0,0,0,0,0,0,0,0,0,0,0,0,0,0,0,0,0,0,0,0,0,0,0,0,0,0,0,0,0,0,0,0,0,0,0,0,0,0,0,0,0,0,0,0,0,0,0,0,0,0,0,0,0,0,0,0,,,0
27-5,hds,"2022-03-22 11:09",1,1,0,0,1,1,0,2,2,2,,9,1,,,,,,1,0,1,0,0,1,1,0,1,0,0,0,1,0,0,0,0,0,0,5,,,90,5,,,5,,30,,,,Vomiting,94,2,,,,1,0,0,0,0,0,0,0,0,0,0,0,0,0,,,,,,,,1,,,,,,,,,,,,,,1,0,0,0,0,0,0,0,0,0,0,0,0,0,,0,0,0,0,,1,,,100,2022-02-23,1,0,0,0,0,0,0,0,0,0,0,0,0,0,0,,,0,1,1,1,2022,1,0,,,0,0,70,158,36.2,98,120,57,18,97,5.2,15,0,0,0,0,28.040378144528,2,0,0,0,2,,,,0,0,0,0,0,0,0,0,0,0,0,0,0,0,0,0,0,0,0,0,0,0,0,0,0,0,0,0,0,0,0,0,0,0,0,0,0,0,0,0,0,0,0,0,0,0,0,0,0,0,0,0,0,0,0,0,0,,,0,0,0,0,0,0,0,0,0,0,0,0,0,0,2,2,0,,4,1,1,1,1,,4,4,4,1,1,1,1,,0,,,,,,2,2,,3,0,0,0,0,0,0,0,0,0,0,0,0,0,0,0,0,0,0,0,0,0,0,0,1,0,0,1,0,0,0,0,0,0,0,0,0,0,0,0,0,,,,7,,,,,,,,0,0,1,0,0,0,0,0,0,0,0,2,1,"AGOE3313NOF and ADIT6519HOF",,AGOE2196NOF,,,1,0,1,0,1,0,0,0,0,0,0,0,0,0,0,0,,1,AGOC6408NOF,,1648020675297.jpg,1,0,0,0,0,0,0,0,0,0,,0,,,,,1,AGOC6409NOF,,1648019808522.jpg,0,,,,0,,,0,,,2,2,0,,,,,0,0,0,0,0,0,0,0,0,0,0,0,0,0,0,0,0,,,,2,,,,,,,,,,,,,,,,,,,,,,,,,,,,0,,,,,2,27-5_Lu_HDS_ca_E,27-5_Lu_HDS_ca_E.zip,1,2,https://cloud.butterflynetwork.com/-/shared/n3_rjLJATgKFUBiJSKCSrw?region=US,0,0,0,0,0,0,0,0,0,0,0,,2,,,,,,,,,,,,,,,,,,,,,,,,,,,,,,,,,,,,,,,,,,,,,,,,,,0,,,0,0,0,0,0,0,0,0,0,0,0,0,0,0,0,0,0,,,,,,,,,,,,,,,,,,,,0,,,,,0,,,,,,,,,,,0,,,,,,,,,,,,,,,,,,,,,,,,,,,,,0,,,0,0,0,0,0,0,0,0,0,0,0,0,0,0,0,0,0,0,0,0,0,0,,,,,,,,,,,,,,,,,,,,,,,0,0,0,0,0,0,0,0,0,0,0,0,,,0,0,0,0,0,0,0,0,0,0,,,,,0,,0,0,0,0,0,0,0,0,0,0,0,0,0,0,0,0,0,0,0,0,0,0,0,0,0,0,0,0,0,0,0,0,0,0,0,0,0,0,0,0,0,0,0,0,0,0,0,0,0,0,0,0,0,0,0,0,0,0,0,0,0,0,0,0,0,0,0,0,0,0,0,0,0,0,0,0,0,0,0,0,0,0,0,0,0,0,0,0,0,0,0,0,0,0,0,0,0,0,,,0
27-6,hds,"2022-03-30 13:42",1,1,0,0,1,1,1,2,2,2,,7,1,,,,,,1,0,0,1,0,0,0,1,1,0,0,0,0,0,0,0,0,0,0,2,,,,,4,,,2,7,,,,,,2,,,,3,0,1,0,0,0,0,1,0,0,0,0,0,0,Bactrim,,,,,,,1,,,,,,,,,,,,,,1,0,0,0,0,0,0,0,0,0,0,0,0,0,,0,0,0,0,,1,18,2022-03-31,,,2,0,0,0,0,0,0,0,0,0,0,0,0,0,0,,,0,0,,,,,0,,,0,2,40,145,36,130,92,58,28,96,8.6,13,1,1,1,3,19.024970273483948,4,0,0,1,2,,,,1,0,0,0,1,0,0,0,0,0,0,0,0,0,0,0,0,0,0,0,0,0,0,0,0,0,0,0,0,0,0,0,1,0,0,0,0,0,0,0,0,0,0,0,0,0,0,0,0,0,0,0,0,0,0,0,0,0,,0,0,0,0,0,0,0,0,0,0,0,0,0,0,2,2,0,,1,1,1,8,1,,1,1,1,3,3,8,1,,1,1,,2,,1,2,2,,4,0,0,0,1,0,0,0,0,0,0,0,0,0,0,0,0,0,0,0,0,0,0,0,1,0,0,1,0,0,0,0,0,1,0,0,0,0,0,0,0,,,,7,,,,,,7,,0,0,1,0,0,0,0,0,0,0,0,2,1,AGOC7142NOF,,,,1648716650019.jpg,0,0,0,0,1,1,0,0,0,0,0,0,0,0,0,0,,1,"AGOC7141NOF and MRN140046753",,1648716746863.jpg,1,1,0,0,0,0,0,0,0,0,,0,,,,,1,AGOC7143NOF,,1648716783788.jpg,1,AGOE3348NOF,,,0,,,0,,,2,2,1,1648643280354.jpg,2735/22,1,0,1,1,1,0,0,0,0,0,0,0,0,0,0,0,0,0,0,,,,2,,,,,,,,,,,,,,,,,,,,,,,,,,,,0,2735.22,2022-03-29,,,2,27-6_Lu_HDS_ca_E,27-6_Lu_HDS_ca_E.zip,1,2,https://cloud.butterflynetwork.com/-/shared/eR7edRE1Qwa5uL_aBrbb5A?region=US,0,0,0,0,0,0,0,0,0,0,0,,2,,,,,,,,,,,,,,,,,,,,,,,,,,,,,,,,,,,,,,,,,,,,,,,,,,0,,,0,0,0,0,0,0,0,0,0,0,0,0,0,0,0,0,0,,,,,,,,,,,,,,,,,,,,0,,,,,0,,,,,,,,,,,0,,,,,,,,,,,,,,,,,,,,,,,,,,,,,0,,,0,0,0,0,0,0,0,0,0,0,0,0,0,0,0,0,0,0,0,0,0,0,,,,,,,,,,,,,,,,,,,,,,,0,0,0,0,0,0,0,0,0,0,0,0,,,0,0,0,0,0,0,0,0,0,0,,,,,0,,0,0,0,0,0,0,0,0,0,0,0,0,0,0,0,0,0,0,0,0,0,0,0,0,0,0,0,0,0,0,0,0,0,0,0,0,0,0,0,0,0,0,0,0,0,0,0,0,0,0,0,0,0,0,0,0,0,0,0,0,0,0,0,0,0,0,0,0,0,0,0,0,0,0,0,0,0,0,0,0,0,0,0,0,0,0,0,0,0,0,0,0,0,0,0,0,0,0,,,0
27-7,hds,"2022-03-25 11:15",1,1,0,0,1,1,1,2,3,2,,83,1,,,,,,1,1,1,1,0,1,1,1,1,1,0,0,0,0,0,0,0,0,0,83,83,1,53,7,7,,7,25,25,5,,,,,2,,,,1,0,0,0,0,0,0,0,0,0,0,0,0,0,,,,,,,,1,,,,,,,,,,,,,,1,0,0,0,0,0,0,0,0,0,0,0,0,0,,0,0,0,0,,2,,,,,,0,0,0,0,0,0,0,0,0,0,0,0,0,0,,,0,1,1,1,2022,1,0,,,0,2,58,,36.3,119,94,53,20,85,,15,0,0,1,1,,4,0,0,1,2,,,,1,1,1,1,1,1,1,0,0,0,0,0,0,0,0,0,0,0,0,0,0,0,0,0,0,0,0,0,0,0,0,0,0,0,0,0,0,0,0,0,0,0,0,0,0,0,0,0,0,0,0,0,0,0,0,0,0,0,,0,0,0,0,0,0,0,0,0,0,0,0,0,0,2,3,0,,2,2,2,2,2,,2,2,2,2,2,2,2,,0,,,,,,2,2,,3,0,0,0,0,0,0,0,0,0,0,0,0,0,0,0,0,0,0,0,0,0,0,0,1,0,0,1,0,0,0,0,1,0,0,0,0,0,0,0,0,,,,1,,,,,1,,,0,0,1,0,0,0,0,0,0,0,0,2,1,AJUO0645P,,"AGOC6533NOF and AGOC7862NOF",,1648208443065.jpg,1,0,1,0,1,1,0,0,0,0,0,0,0,0,0,0,,1,"AGOC7864NOF and AGOC7863NOF",,,1,1,1,0,0,0,0,0,0,0,,0,,,,,1,AGOC6537NOF,,,0,,,,0,,,0,,,2,2,1,1648465122045.jpg,2650/22,1,0,0,0,0,0,0,0,0,1,0,0,0,0,0,0,0,0,0,,,,2,,,,,,,,,,,,,,,,,,,,,,,,,,,,0,2650.22,2022-03-25,,,2,27-7_Lu_HDS_ca_E,27-7_Lu_HDS_ca_E.zip,1,2,https://cloud.butterflynetwork.com/-/shared/IaY8jddjRciLX9TFqnzwhA?region=US,0,0,0,0,0,0,0,0,0,0,0,,2,,,,,,,,,,,,,,,,,,,,,,,,,,,,,,,,,,,,,,,,,,,,,,,,,,0,,,0,0,0,0,0,0,0,0,0,0,0,0,0,0,0,0,0,,,,,,,,,,,,,,,,,,,,0,,,,,0,,,,,,,,,,,0,,,,,,,,,,,,,,,,,,,,,,,,,,,,,0,,,0,0,0,0,0,0,0,0,0,0,0,0,0,0,0,0,0,0,0,0,0,0,,,,,,,,,,,,,,,,,,,,,,,0,0,0,0,0,0,0,0,0,0,0,0,,,0,0,0,0,0,0,0,0,0,0,,,,,0,,0,0,0,0,0,0,0,0,0,0,0,0,0,0,0,0,0,0,0,0,0,0,0,0,0,0,0,0,0,0,0,0,0,0,0,0,0,0,0,0,0,0,0,0,0,0,0,0,0,0,0,0,0,0,0,0,0,0,0,0,0,0,0,0,0,0,0,0,0,0,0,0,0,0,0,0,0,0,0,0,0,0,0,0,0,0,0,0,0,0,0,0,0,0,0,0,0,0,,,0
27-8,hds,"2022-03-30 10:19",1,1,0,0,1,1,1,2,7,2,,4,0,,,,,,1,0,0,1,0,0,1,1,1,0,0,1,0,0,0,0,0,0,0,4,,,,,4,,4,4,4,,,3,,,2,,,,1,0,0,0,0,0,0,0,0,0,0,0,0,0,,,,,,,,1,,,,,,,,,,,,,,3,0,0,0,0,0,0,0,0,0,0,0,0,0,,0,0,0,0,,3,,,,,,0,0,0,0,0,0,0,0,0,0,0,0,0,0,,,0,0,,,,,0,,,0,0,71,,36.2,,142,63,18,98,6.5,15,0,0,0,0,,2,0,0,0,2,,,,0,0,0,0,0,0,0,0,0,0,0,0,0,0,0,0,0,0,0,0,0,0,0,0,0,0,0,0,0,0,0,0,0,0,0,0,0,0,0,0,0,0,0,0,0,0,0,0,0,0,0,0,0,0,0,0,0,,,0,0,0,0,0,0,0,0,0,0,0,0,0,0,2,1,0,,3,,1,4,1,,1,,2,1,1,5,1,,0,,,,,,2,2,,6,0,0,0,0,0,1,0,0,0,0,0,0,0,0,0,0,0,0,0,0,0,0,1,1,0,0,0,0,1,0,0,0,0,1,0,0,0,0,0,0,,,,,,,,,,,,0,0,1,0,0,0,0,0,0,0,0,2,1,AGOF2800NOF,,,,,1,1,1,0,0,0,0,0,0,0,0,0,0,0,0,0,,0,,,,0,0,0,0,0,0,0,0,0,0,,1,0,,,,1,AGOF2785NOF,,,0,,,,0,,,0,,,2,2,1,1648634125603.jpg,2739/22,1,0,0,1,0,0,0,0,0,0,0,0,0,0,0,0,0,0,0,,,,2,,,,,,,,,,,,,,,,,,,,,,,,,,,,0,2739.22,2022-03-30,,,2,27-8_Lu_HDS_ca_E,27-8_Lu_HDS_ca_E.zip,1,2,https://cloud.butterflynetwork.com/-/shared/nGDcO2JHR26XryPUVSkaSg?region=US,0,0,0,0,0,0,0,0,0,0,0,,2,,,,,,,,,,,,,,,,,,,,,,,,,,,,,,,,,,,,,,,,,,,,,,,,,,0,,,0,0,0,0,0,0,0,0,0,0,0,0,0,0,0,0,0,,,,,,,,,,,,,,,,,,,,0,,,,,0,,,,,,,,,,,0,,,,,,,,,,,,,,,,,,,,,,,,,,,,,0,,,0,0,0,0,0,0,0,0,0,0,0,0,0,0,0,0,0,0,0,0,0,0,,,,,,,,,,,,,,,,,,,,,,,0,0,0,0,0,0,0,0,0,0,0,0,,,0,0,0,0,0,0,0,0,0,0,,,,,0,,0,0,0,0,0,0,0,0,0,0,0,0,0,0,0,0,0,0,0,0,0,0,0,0,0,0,0,0,0,0,0,0,0,0,0,0,0,0,0,0,0,0,0,0,0,0,0,0,0,0,0,0,0,0,0,0,0,0,0,0,0,0,0,0,0,0,0,0,0,0,0,0,0,0,0,0,0,0,0,0,0,0,0,0,0,0,0,0,0,0,0,0,0,0,0,0,0,0,,,0
27-9,hds,"2022-04-07 13:15",1,1,0,0,1,1,0,2,3,3,,,,7,,,,,0,1,0,1,0,1,1,0,1,0,0,0,0,0,0,0,0,0,0,,7,0,60,,7,,60,,60,,,,,,2,,,,1,0,0,0,0,0,0,0,0,0,0,0,0,0,,,,,,,,1,,,,,,,,,,,,,,1,0,0,0,0,0,0,0,0,0,0,0,0,0,,1,1,0,0,,0,,,,,,0,0,0,0,0,0,0,0,0,0,0,0,0,0,,,1,1,2,2,2021,10,1,,2,0,0,56,,36.4,118,134,84,14,93,20.4,15,0,0,0,0,,1,0,0,1,2,,,,0,0,0,0,0,0,0,0,0,0,0,0,0,0,0,0,0,0,0,0,0,0,0,0,0,0,0,0,0,0,0,0,0,0,0,0,0,0,0,0,0,0,0,0,0,0,0,0,0,0,0,0,0,0,0,0,0,,,0,0,0,0,0,0,0,0,0,0,0,0,0,0,2,1,0,,1,2,1,1,4,,1,7,7,7,7,7,7,,1,1,,2,,2,2,2,,3,0,0,1,0,0,0,0,0,0,0,0,0,0,0,0,0,0,0,0,0,0,0,0,1,0,0,0,0,1,0,0,1,0,0,0,0,0,0,0,0,,,,,,,,,,,,0,0,1,0,0,0,0,0,0,0,0,2,1,AGOF2154NOF,,,,,1,1,1,0,0,0,0,0,0,0,0,0,0,0,0,0,,1,ACMI8790NOF,,1649331308853.jpg,1,0,0,0,0,0,0,0,0,0,,0,,,,,1,AGOF2155NOF,,,1,AGOF2392NOF,,,0,,,0,,,2,2,1,1649337026179.jpg,3005/22,1,0,0,0,1,0,0,0,0,0,0,0,0,0,0,0,0,0,0,,,,2,,,,,,,,,,,,,,,,,,,,,,,,,,,,0,3005.22,2022-04-07,,,2,27-9_Lu_HDS_ca_E,27-9_Lu_HDS_ca_E.zip,1,2,https://cloud.butterflynetwork.com/-/shared/gJDhxIi3TXiTNFBYkDT8_Q?region=US,0,0,0,0,0,0,0,0,0,0,0,,2,,,,,,,,,,,,,,,,,,,,,,,,,,,,,,,,,,,,,,,,,,,,,,,,,,0,,,0,0,0,0,0,0,0,0,0,0,0,0,0,0,0,0,0,,,,,,,,,,,,,,,,,,,,0,,,,,0,,,,,,,,,,,0,,,,,,,,,,,,,,,,,,,,,,,,,,,,,0,,,0,0,0,0,0,0,0,0,0,0,0,0,0,0,0,0,0,0,0,0,0,0,,,,,,,,,,,,,,,,,,,,,,,0,0,0,0,0,0,0,0,0,0,0,0,,,0,0,0,0,0,0,0,0,0,0,,,,,0,,0,0,0,0,0,0,0,0,0,0,0,0,0,0,0,0,0,0,0,0,0,0,0,0,0,0,0,0,0,0,0,0,0,0,0,0,0,0,0,0,0,0,0,0,0,0,0,0,0,0,0,0,0,0,0,0,0,0,0,0,0,0,0,0,0,0,0,0,0,0,0,0,0,0,0,0,0,0,0,0,0,0,0,0,0,0,0,0,0,0,0,0,0,0,0,0,0,0,,,0
27-10,hds,"2022-04-05 11:09",1,1,0,0,1,1,1,2,6,2,,7,0,,,,,,0,1,0,0,0,0,1,1,1,0,0,0,0,0,0,0,0,0,0,,7,0,,,,,7,7,7,,,,,,2,,,,3,0,1,0,0,0,0,0,0,0,0,0,0,0,,,,,,,,1,,,,,,,,,,,,,,1,0,0,0,0,0,0,0,0,0,0,0,0,0,,0,0,0,0,,0,,,,,,0,0,0,0,0,0,0,0,0,0,0,0,0,0,,,1,1,2,2,2021,9,0,,,0,2,55,,36.4,99,126,70,18,90,4.4,15,0,0,0,0,,2,0,0,0,2,,,,0,0,0,0,0,0,0,0,0,0,0,0,0,0,0,0,0,0,0,0,0,0,0,0,0,0,0,0,0,0,0,0,0,0,0,0,0,0,0,0,0,0,0,0,0,0,0,0,0,0,0,0,0,0,0,0,0,,,0,0,0,0,0,0,0,0,0,0,0,0,0,0,2,1,0,,1,1,1,1,1,,1,1,1,1,1,1,1,,0,,,,,,2,1,,6,0,0,0,0,0,0,0,0,0,0,0,0,0,0,0,0,0,0,0,0,0,0,0,1,0,0,0,0,0,1,0,1,0,0,0,0,0,0,0,0,,,,,,,7,,3,,,0,0,1,0,0,0,0,0,0,0,0,2,0,,,,,,0,0,0,0,0,0,0,0,0,0,0,0,0,0,0,0,,1,AGOC6284NOF,,1649153062396.jpg,1,0,0,0,0,0,0,0,0,0,,0,,,,,0,,,,0,,,,0,,,0,,,2,2,1,1649149544950.jpg,2917/22,1,1,0,0,0,0,0,0,0,0,0,0,0,0,0,0,0,0,0,0,,,2,,,,,,,,,,,,,,,,,,,,,,,,,,,,0,2917.22,2022-04-05,,,2,27-10_Lu_HDS_ca_E,27-10_Lu_HDS_ca_E.zip,1,2,https://cloud.butterflynetwork.com/-/shared/WAbRWVbrTTm-4CUBrfOkpA?region=US,0,0,0,0,0,0,0,0,0,0,0,,2,,,,,,,,,,,,,,,,,,,,,,,,,,,,,,,,,,,,,,,,,,,,,,,,,,0,,,0,0,0,0,0,0,0,0,0,0,0,0,0,0,0,0,0,,,,,,,,,,,,,,,,,,,,0,,,,,0,,,,,,,,,,,0,,,,,,,,,,,,,,,,,,,,,,,,,,,,,0,,,0,0,0,0,0,0,0,0,0,0,0,0,0,0,0,0,0,0,0,0,0,0,,,,,,,,,,,,,,,,,,,,,,,0,0,0,0,0,0,0,0,0,0,0,0,,,0,0,0,0,0,0,0,0,0,0,,,,,0,,0,0,0,0,0,0,0,0,0,0,0,0,0,0,0,0,0,0,0,0,0,0,0,0,0,0,0,0,0,0,0,0,0,0,0,0,0,0,0,0,0,0,0,0,0,0,0,0,0,0,0,0,0,0,0,0,0,0,0,0,0,0,0,0,0,0,0,0,0,0,0,0,0,0,0,0,0,0,0,0,0,0,0,0,0,0,0,0,0,0,0,0,0,0,0,0,0,0,,,0
27-11,hds,"2022-04-08 10:26",1,1,0,0,1,1,1,2,2,2,,30,0,,,,,,1,0,0,1,0,1,0,1,0,0,0,0,0,0,0,0,0,0,0,7,,,90,,20,,,30,,,,,,,2,,,,1,0,0,0,0,0,0,0,0,0,0,0,0,0,,,,,,,,1,,,,,,,,,,,,,,1,0,0,0,0,0,0,0,0,0,0,0,0,0,,0,0,0,0,,1,,,,,2,0,0,0,0,0,0,0,0,0,0,0,0,0,0,,,0,0,,,,,0,,,1,2,37,149,34.2,88,120,74,20,100,6.2,15,0,0,0,0,16.665915949731993,2,0,0,1,2,,,,0,0,0,0,0,0,0,0,0,0,0,0,0,0,0,0,0,0,0,0,0,0,0,0,0,0,0,0,0,0,0,0,0,0,0,0,0,0,0,0,0,0,0,0,0,0,0,0,0,0,0,0,0,0,0,0,0,,,0,0,0,0,0,0,0,0,0,0,0,0,0,0,2,2,0,,1,1,8,1,1,,1,1,1,1,1,1,1,,0,,,,,,2,1,,9,0,0,0,0,0,0,0,0,0,0,0,0,0,0,0,0,0,0,0,0,0,0,0,1,0,0,1,0,0,0,0,0,0,0,0,0,0,0,0,0,,,,5,,,,,,,,0,0,1,0,0,0,0,0,0,0,0,2,0,,,,,,0,0,0,0,0,0,0,0,0,0,0,0,0,0,0,0,,1,AGOF2632NOF,,,1,0,0,0,0,0,0,0,0,0,,0,,,,,1,AGOF2958NOF,,,0,,,,0,,,0,,,2,2,0,,,,,0,0,0,0,0,0,0,0,0,0,0,0,0,0,0,0,0,,,,2,,,,,,,,,,,,,,,,,,,,,,,,,,,,0,,,,,2,27-11_Lu_HDS_ca_E,27-11_Lu_HDS_ca_E.zip,1,2,https://cloud.butterflynetwork.com/-/shared/m-BhcJ5bROCRPJnfkkiN2Q?region=US,0,0,0,0,0,0,0,0,0,0,0,,2,,,,,,,,,,,,,,,,,,,,,,,,,,,,,,,,,,,,,,,,,,,,,,,,,,0,,,0,0,0,0,0,0,0,0,0,0,0,0,0,0,0,0,0,,,,,,,,,,,,,,,,,,,,0,,,,,0,,,,,,,,,,,0,,,,,,,,,,,,,,,,,,,,,,,,,,,,,0,,,0,0,0,0,0,0,0,0,0,0,0,0,0,0,0,0,0,0,0,0,0,0,,,,,,,,,,,,,,,,,,,,,,,0,0,0,0,0,0,0,0,0,0,0,0,,,0,0,0,0,0,0,0,0,0,0,,,,,0,,0,0,0,0,0,0,0,0,0,0,0,0,0,0,0,0,0,0,0,0,0,0,0,0,0,0,0,0,0,0,0,0,0,0,0,0,0,0,0,0,0,0,0,0,0,0,0,0,0,0,0,0,0,0,0,0,0,0,0,0,0,0,0,0,0,0,0,0,0,0,0,0,0,0,0,0,0,0,0,0,0,0,0,0,0,0,0,0,0,0,0,0,0,0,0,0,0,0,,,0
27-12,hds,"2022-04-11 14:36",1,1,0,0,1,1,0,2,3,3,,,,1,,,,,0,1,1,1,0,0,1,1,0,0,0,0,0,0,0,0,0,0,0,,1,1,,1,1,,1,1,,,,,,,2,,,,1,0,0,0,0,0,0,0,0,0,0,0,0,0,,,,,,,,1,,,,,,,,,,,,,,1,0,0,0,0,0,0,0,0,0,0,0,0,0,,1,1,0,0,,0,,,,,,0,0,0,0,0,0,0,0,0,0,0,0,0,0,,,0,1,1,1,2021,10,0,,,0,2,70,165,36.2,127,109,67,22,96,30.8,15,1,0,0,1,25.711662075298,1,0,0,1,2,1,,,1,1,0,1,0,0,0,0,0,0,0,0,0,0,0,0,0,0,0,0,0,0,0,0,0,0,0,0,0,0,0,0,0,0,0,0,0,0,0,0,0,0,0,1,1,1,1,1,1,1,1,0,0,0,0,0,0,0,,0,0,0,0,0,0,0,0,0,0,0,0,0,0,2,1,0,,1,2,3,1,2,,3,2,3,1,1,2,2,,0,,,,,,2,1,,16,0,0,0,0,0,0,0,0,0,0,0,0,0,0,0,1,0,0,0,0,0,0,0,1,0,0,1,0,0,0,0,1,0,0,0,0,0,0,0,0,,,,7,,,,,3,,,1,0,1,0,0,0,0,0,0,0,0,2,1,AGOF3076NOF,,AGOF3082NOF,,,1,1,1,0,0,0,0,0,0,0,0,0,0,0,0,0,,0,,,,0,0,0,0,0,0,0,0,0,0,,0,,,,,0,,,,0,,,,0,,,0,,,2,2,1,1649749000568.jpg,3093/22,1,0,0,1,0,0,1,0,0,0,0,0,0,0,0,0,0,0,0,,,,2,,,,,,,,,,,,,,,,,,,,,,,,,,,,0,3093.22,2022-04-11,,,2,,,,0,https://cloud.butterflynetwork.com/-/shared/n6vdbUMhQBO845WVj0mv8w?region=US,0,0,0,0,0,0,0,0,0,0,0,,2,,,,,,,,,,,,,,,,,,,,,,,,,,,,,,,,,,,,,,,,,,,,,,,,,,0,,,0,0,0,0,0,0,0,0,0,0,0,0,0,0,0,0,0,,,,,,,,,,,,,,,,,,,,0,,,,,0,,,,,,,,,,,0,,,,,,,,,,,,,,,,,,,,,,,,,,,,,0,,,0,0,0,0,0,0,0,0,0,0,0,0,0,0,0,0,0,0,0,0,0,0,,,,,,,,,,,,,,,,,,,,,,,0,0,0,0,0,0,0,0,0,0,0,0,,,0,0,0,0,0,0,0,0,0,0,,,,,0,,0,0,0,0,0,0,0,0,0,0,0,0,0,0,0,0,0,0,0,0,0,0,0,0,0,0,0,0,0,0,0,0,0,0,0,0,0,0,0,0,0,0,0,0,0,0,0,0,0,0,0,0,0,0,0,0,0,0,0,0,0,0,0,0,0,0,0,0,0,0,0,0,0,0,0,0,0,0,0,0,0,0,0,0,0,0,0,0,0,0,0,0,0,0,0,0,0,0,,,0
27-13,hds,"2022-04-11 12:10",1,1,0,0,1,1,,2,2,2,,21,1,,,,,,0,0,1,1,0,0,1,0,0,0,0,0,0,0,0,0,0,0,0,,,,,21,21,,7,,,,,,,,2,,,,1,0,0,0,0,0,0,0,0,0,0,0,0,0,,,,,,,,2,,,,2018,,0,,0,,3,4,,,1,0,0,0,0,0,0,0,0,0,0,0,0,0,,0,1,0,0,,1,,,,,1,0,0,0,0,0,0,0,0,0,0,0,0,0,0,,,0,1,1,1,2021,9,0,,,0,2,91,170,36.6,82,138,66,20,95,4.9,15,0,0,0,0,31.487889273356,1,0,0,0,2,1,,,1,0,0,0,0,0,0,0,0,0,0,0,0,0,0,1,1,1,1,0,0,0,0,0,0,0,0,0,0,0,0,0,0,0,0,0,0,0,0,0,0,0,0,1,0,0,0,0,1,0,0,0,0,0,0,0,0,0,,0,0,0,0,0,0,0,0,0,0,0,0,0,0,2,2,1,"Large breasts",1,1,1,1,8,,3,1,1,1,1,1,1,,0,,,,,,2,1,,9,0,0,0,0,0,0,0,0,0,0,0,0,0,0,0,0,0,0,0,0,0,0,0,1,0,0,1,0,0,0,0,0,0,0,0,0,0,0,0,0,,,,5,,,,,,,,1,0,1,0,0,0,0,0,0,0,0,2,0,,,,,,0,0,0,0,0,0,0,0,0,0,0,0,0,0,0,0,,1,AJXJ8848P,,,1,0,0,0,0,0,0,0,0,0,,0,,,,,1,AGOF2455NOF,,,0,,,,0,,,0,,,2,2,0,,,,,0,0,0,0,0,0,0,0,0,0,0,0,0,0,0,0,0,,,,2,,,,,,,,,,,,,,,,,,,,,,,,,,,,0,,,,,2,27-13_Lu_HDS_ca_E,27-13_Lu_HDS_ca_E.zip,1,2,https://cloud.butterflynetwork.com/-/shared/wko_28HuQCSIzuxfjLMSaw?region=US,0,0,0,0,0,0,0,0,0,0,0,,2,,,,,,,,,,,,,,,,,,,,,,,,,,,,,,,,,,,,,,,,,,,,,,,,,,0,,,0,0,0,0,0,0,0,0,0,0,0,0,0,0,0,0,0,,,,,,,,,,,,,,,,,,,,0,,,,,0,,,,,,,,,,,0,,,,,,,,,,,,,,,,,,,,,,,,,,,,,0,,,0,0,0,0,0,0,0,0,0,0,0,0,0,0,0,0,0,0,0,0,0,0,,,,,,,,,,,,,,,,,,,,,,,0,0,0,0,0,0,0,0,0,0,0,0,,,0,0,0,0,0,0,0,0,0,0,,,,,0,,0,0,0,0,0,0,0,0,0,0,0,0,0,0,0,0,0,0,0,0,0,0,0,0,0,0,0,0,0,0,0,0,0,0,0,0,0,0,0,0,0,0,0,0,0,0,0,0,0,0,0,0,0,0,0,0,0,0,0,0,0,0,0,0,0,0,0,0,0,0,0,0,0,0,0,0,0,0,0,0,0,0,0,0,0,0,0,0,0,0,0,0,0,0,0,0,0,0,,,0
27-14,hds,"2022-04-19 11:24",1,1,0,0,1,1,0,2,7,3,,,,5,,,,,0,1,0,1,1,1,1,1,0,0,0,0,0,0,0,0,0,0,0,,5,1,14,,,5,14,14,,,,,,,2,,,,1,0,0,0,0,0,0,0,0,0,0,0,0,0,,,,,,,,2,,,,2020,,0,,1,0,3,4,,,,0,0,0,0,0,0,0,0,0,0,0,0,0,,0,0,0,0,,1,,,,,2,0,0,0,0,0,0,0,0,0,0,0,0,0,0,,,0,0,,,,,0,,,0,2,48,,35.8,137,107,61,20,89,7.4,14,0,1,0,1,,2,0,0,1,2,1,,,1,0,0,1,0,1,0,0,0,0,0,0,0,0,0,0,0,0,1,0,0,0,0,0,0,0,0,0,0,0,0,0,0,0,0,0,0,0,0,0,0,0,0,0,0,1,0,0,1,0,0,0,0,0,0,0,0,0,,0,0,0,0,0,0,0,0,0,0,0,0,0,0,2,2,0,,4,4,4,4,5,,1,1,1,1,1,5,1,,0,,,,,,2,2,,6,0,0,0,0,0,1,0,0,0,0,0,0,0,0,0,0,0,0,0,0,0,0,0,1,0,0,1,0,1,0,0,0,0,0,0,0,0,0,0,0,,,,1,,1,,,,,,0,1,1,0,0,0,0,0,0,0,0,2,1,,AGOE8899NOF,,,,1,1,1,0,0,0,0,0,0,0,0,0,0,0,0,0,,1,,"AGOF3412NOF and MRN115840008",,1,1,0,0,0,0,0,0,0,0,,0,,,,,1,,AGOE8898NOF,,0,,,,,,,0,,,2,2,1,1650452288294.jpg,3234/22,1,0,0,0,0,0,1,0,0,0,0,0,1,0,0,0,0,0,0,,,,2,,,,,,,,,,,,,,,,,,,,,,,,,,,,0,3234.22,2022-04-19,,,2,27-14_Lu_HDS_ca_E,27-14_Lu_HDS_ca_E.zip,1,2,https://cloud.butterflynetwork.com/-/shared/ylQSNCsGQq2Ay0KSQLeZcA?region=US,0,0,0,0,0,0,0,0,0,0,0,,2,,,,,,,,,,,,,,,,,,,,,,,,,,,,,,,,,,,,,,,,,,,,,,,,,,0,,,0,0,0,0,0,0,0,0,0,0,0,0,0,0,0,0,0,,,,,,,,,,,,,,,,,,,,0,,,,,0,,,,,,,,,,,0,,,,,,,,,,,,,,,,,,,,,,,,,,,,,0,,,0,0,0,0,0,0,0,0,0,0,0,0,0,0,0,0,0,0,0,0,0,0,,,,,,,,,,,,,,,,,,,,,,,0,0,0,0,0,0,0,0,0,0,0,0,,,0,0,0,0,0,0,0,0,0,0,,,,,0,,0,0,0,0,0,0,0,0,0,0,0,0,0,0,0,0,0,0,0,0,0,0,0,0,0,0,0,0,0,0,0,0,0,0,0,0,0,0,0,0,0,0,0,0,0,0,0,0,0,0,0,0,0,0,0,0,0,0,0,0,0,0,0,0,0,0,0,0,0,0,0,0,0,0,0,0,0,0,0,0,0,0,0,0,0,0,0,0,0,0,0,0,0,0,0,0,0,0,,,0
27-16,hds,"2022-04-22 14:49",1,1,0,0,1,1,,2,15,3,,,,1,,,,,0,0,0,1,0,0,0,1,0,0,0,0,0,0,0,0,0,0,0,,,,,,2,,,3,,,,,,,2,,,,1,0,0,0,0,0,0,0,0,0,0,0,0,0,,,,,,,,1,,,,,,,,,,,,,,1,0,0,0,0,0,0,0,0,0,0,0,0,0,,0,1,1,0,,3,,,,,,0,0,0,0,0,0,0,0,0,0,0,0,0,0,,,0,0,,,,,0,,,0,2,97,170,36.1,84,185,100,20,98,6.6,15,0,0,0,0,33.56401384083045,2,1,0,0,2,1,,,1,0,0,0,0,0,0,1,1,0,0,0,0,0,0,0,0,0,0,0,0,0,0,0,0,0,0,0,0,0,0,0,0,0,0,1,1,0,0,0,0,0,0,0,0,0,0,0,0,0,0,0,0,0,0,0,0,0,,0,0,0,0,0,0,0,0,0,0,0,0,0,0,2,2,1,"Patietn overweight with lots of subcutaneous tissue. Very dilated heart obscuring LAI region",,,,,,,,,,,,,,,0,,,,,,0,2,,6,0,0,0,0,0,0,0,0,0,0,0,0,0,0,0,0,0,0,0,0,0,0,0,0,0,0,0,0,0,0,0,0,0,0,0,0,0,0,0,0,,,,,,,,,,,,0,1,1,0,0,0,0,0,0,0,0,2,1,AGOE8659NOF,,,,,1,1,1,0,0,0,1,0,0,0,0,0,0,0,0,0,,0,,,,0,0,0,0,0,0,0,0,0,0,,0,,,,,1,AGOE8660NOF,,1650634975288.jpg,0,,,,0,,,0,,,2,2,1,1650634185210.jpg,3326/22,1,0,0,0,0,0,0,0,1,0,0,0,0,0,0,0,0,0,0,,,,2,,,,,,,,,,,,,,,,,,,,,,,,,,,,0,3326.22,2022-04-22,,,2,27-16_Lu_HDS_ca_E,27-16_Lu_HDS_ca_E.zip,1,2,https://cloud.butterflynetwork.com/-/shared/aQSUC2xuSGCt2Lvwp6qrCQ?region=US,0,0,0,0,0,0,0,0,0,0,0,,2,,,,,,,,,,,,,,,,,,,,,,,,,,,,,,,,,,,,,,,,,,,,,,,,,,0,,,0,0,0,0,0,0,0,0,0,0,0,0,0,0,0,0,0,,,,,,,,,,,,,,,,,,,,0,,,,,0,,,,,,,,,,,0,,,,,,,,,,,,,,,,,,,,,,,,,,,,,0,,,0,0,0,0,0,0,0,0,0,0,0,0,0,0,0,0,0,0,0,0,0,0,,,,,,,,,,,,,,,,,,,,,,,0,0,0,0,0,0,0,0,0,0,0,0,,,0,0,0,0,0,0,0,0,0,0,,,,,0,,0,0,0,0,0,0,0,0,0,0,0,0,0,0,0,0,0,0,0,0,0,0,0,0,0,0,0,0,0,0,0,0,0,0,0,0,0,0,0,0,0,0,0,0,0,0,0,0,0,0,0,0,0,0,0,0,0,0,0,0,0,0,0,0,0,0,0,0,0,0,0,0,0,0,0,0,0,0,0,0,0,0,0,0,0,0,0,0,0,0,0,0,0,0,0,0,0,0,,,0
27-17,hds,"2022-04-22 12:39",1,1,0,0,1,1,,2,2,2,,82,1,,,,,,1,0,0,1,1,1,1,0,0,0,0,0,0,0,0,0,0,0,0,20,,,82,,82,20,20,,,,,,,,2,,,,1,0,0,0,0,0,0,0,0,0,0,0,0,0,,,,,,,,2,,,,2007,,0,,1,1,3,5,,,1,0,0,0,0,0,0,0,0,0,0,0,0,0,,0,1,0,0,,1,,,,,1,0,0,0,0,0,0,0,0,0,0,0,0,0,0,,,0,1,1,1,2021,6,0,,,0,2,73,,34.0,71,129,59,20,97,6.1,15,0,0,0,0,,1,0,0,0,2,1,,,0,0,0,0,0,0,0,0,0,0,0,0,0,0,0,0,0,0,0,0,0,0,0,0,0,0,0,0,0,0,0,0,0,0,0,0,0,0,0,0,0,0,0,0,0,0,0,0,0,0,0,0,0,0,0,0,0,,,0,0,0,0,0,0,0,0,0,0,0,0,0,0,2,2,0,,1,1,1,1,8,,1,3,1,8,1,1,1,,0,,,,,,2,1,,12,0,0,0,0,0,0,0,0,0,0,0,0,0,0,0,0,0,0,0,0,0,0,0,1,0,0,1,0,0,0,0,0,0,0,0,0,0,0,0,0,,,,5,,,,,,,,0,0,1,0,0,0,0,0,0,0,0,2,1,AGOE8710NOF,,,,,1,0,1,0,1,0,0,0,0,0,0,0,0,0,0,0,,1,AGOE8709NOF,,,0,1,0,0,0,0,0,0,0,0,,0,,,,,0,,,,0,,,,0,,,0,,,2,2,0,,,,,0,0,0,0,0,0,0,0,0,0,0,0,0,0,0,0,0,1,"11/2/2022 (Printed Film only)","27-17 - old CXR 11.2.2022.jpg",2,,,,,,,,,,,,,,,,,,,,,,,,,,,,0,,,,,2,27-17_Lu_HDS_ca_E,27-17_Lu_HDS_ca_E.zip,1,2,https://cloud.butterflynetwork.com/-/shared/SvxxewWESgSDktTJYJzzSA?region=US,0,0,0,0,0,0,0,0,0,0,0,,2,,,,,,,,,,,,,,,,,,,,,,,,,,,,,,,,,,,,,,,,,,,,,,,,,,0,,,0,0,0,0,0,0,0,0,0,0,0,0,0,0,0,0,0,,,,,,,,,,,,,,,,,,,,0,,,,,0,,,,,,,,,,,0,,,,,,,,,,,,,,,,,,,,,,,,,,,,,0,,,0,0,0,0,0,0,0,0,0,0,0,0,0,0,0,0,0,0,0,0,0,0,,,,,,,,,,,,,,,,,,,,,,,0,0,0,0,0,0,0,0,0,0,0,0,,,0,0,0,0,0,0,0,0,0,0,,,,,0,,0,0,0,0,0,0,0,0,0,0,0,0,0,0,0,0,0,0,0,0,0,0,0,0,0,0,0,0,0,0,0,0,0,0,0,0,0,0,0,0,0,0,0,0,0,0,0,0,0,0,0,0,0,0,0,0,0,0,0,0,0,0,0,0,0,0,0,0,0,0,0,0,0,0,0,0,0,0,0,0,0,0,0,0,0,0,0,0,0,0,0,0,0,0,0,0,0,0,,,0
27-18,hds,"2022-04-20 11:17",1,1,0,0,1,1,1,2,7,2,,16,1,,,,,,0,0,1,1,0,0,1,0,0,0,0,0,0,0,0,0,0,0,0,,,,,2,2,,2,,,,,,,,2,,,,1,0,0,0,0,0,0,0,0,0,0,0,0,0,,,,,,,,2,,,,2017,,0,,0,,3,5,,,1,0,0,0,0,0,0,0,0,0,0,0,0,0,,1,1,0,0,,3,,,,,,0,0,0,0,0,0,0,0,0,0,0,0,0,0,,,0,1,2,3,2021,11,0,,,0,2,,,35.4,,175,110,20,97,21.0,15,0,0,0,0,,3,1,0,0,2,1,,,1,0,0,0,0,0,1,1,0,0,0,0,0,0,0,0,0,0,0,0,0,0,0,0,0,0,0,0,0,0,0,0,0,0,0,0,0,0,0,0,0,0,0,1,0,0,0,1,0,0,0,0,0,0,0,0,0,,,0,0,0,0,0,0,0,0,0,0,0,0,0,0,2,2,0,,1,1,8,1,,,1,1,2,4,1,5,1,,0,,,,,,2,2,,3,0,0,0,0,0,0,0,0,0,0,0,0,0,0,0,0,0,0,0,0,0,0,0,1,0,0,0,0,1,0,0,0,0,0,0,0,0,0,0,0,,,,,,5,,,,,,0,1,1,0,0,0,0,0,0,0,0,2,1,,AGOF2435NOF,,,,1,1,1,0,0,0,0,0,0,0,0,0,0,0,0,0,,0,,,,0,0,0,0,0,0,0,0,0,0,,0,,,,,1,,AGOF2434NOF,1650613387092.jpg,0,,,,0,,,0,,,2,2,1,1650452372938.jpg,3251/22,1,0,0,1,0,0,1,0,1,0,0,0,0,0,0,0,0,0,0,,,,2,,,,,,,,,,,,,,,,,,,,,,,,,,,,0,3251.22,2022-04-20,,,2,27-18_Lu_HDS_ca_E,27-18_Lu_HDS_ca_E.zip,1,2,https://cloud.butterflynetwork.com/-/shared/iTdVINALQKmSVxsMW9Hj-w?region=US,0,0,0,0,0,0,0,0,0,0,0,,2,,,,,,,,,,,,,,,,,,,,,,,,,,,,,,,,,,,,,,,,,,,,,,,,,,0,,,0,0,0,0,0,0,0,0,0,0,0,0,0,0,0,0,0,,,,,,,,,,,,,,,,,,,,0,,,,,0,,,,,,,,,,,0,,,,,,,,,,,,,,,,,,,,,,,,,,,,,0,,,0,0,0,0,0,0,0,0,0,0,0,0,0,0,0,0,0,0,0,0,0,0,,,,,,,,,,,,,,,,,,,,,,,0,0,0,0,0,0,0,0,0,0,0,0,,,0,0,0,0,0,0,0,0,0,0,,,,,0,,0,0,0,0,0,0,0,0,0,0,0,0,0,0,0,0,0,0,0,0,0,0,0,0,0,0,0,0,0,0,0,0,0,0,0,0,0,0,0,0,0,0,0,0,0,0,0,0,0,0,0,0,0,0,0,0,0,0,0,0,0,0,0,0,0,0,0,0,0,0,0,0,0,0,0,0,0,0,0,0,0,0,0,0,0,0,0,0,0,0,0,0,0,0,0,0,0,0,,,0
27-19,hds,"2022-04-26 11:00",1,1,1,0,,1,,2,12,2,,4,1,,,,,,1,1,1,1,0,0,0,0,0,1,0,0,0,0,0,0,0,0,0,4,4,1,,3,3,,,,,2,,,,,2,,,,3,1,1,0,0,0,0,0,0,0,0,0,0,0,,1,5,,,,,1,,,,,,,,,,,,,,1,0,0,0,0,0,0,0,0,0,0,0,0,0,,0,0,0,0,,1,,,,,2,0,0,0,0,0,0,0,0,0,0,0,0,0,0,,,0,1,1,1,2021,12,0,,,0,0,51,168,36,86,83,50,16,95,6.6,15,0,0,1,1,18.06972789115646,1,0,0,1,2,1,,,1,1,1,1,1,1,1,1,1,0,0,0,0,0,0,0,0,0,0,0,0,0,0,0,0,0,0,0,0,0,0,0,0,0,0,0,0,0,0,0,0,0,0,0,0,0,0,0,0,0,0,0,0,0,0,0,0,0,,0,0,0,0,0,0,0,0,0,0,0,0,0,0,2,1,0,,4,2,1,3,3,,2,1,4,1,3,4,2,,0,,,,,,2,1,,3,0,0,0,0,0,1,0,0,0,0,0,0,0,0,0,0,0,0,0,0,0,0,0,1,0,0,1,0,0,0,0,0,0,0,0,0,0,0,0,0,,,,5,,,,,,,,0,0,1,0,0,0,0,0,0,0,0,2,0,,,,,,0,0,0,0,0,0,0,0,0,0,0,0,0,0,0,0,,1,,AGOE9156NOF,,1,0,0,0,0,0,0,0,0,0,,0,,,,,0,,,,0,,,,0,,,0,,,2,2,1,1650962991125.jpg,3407/22,1,0,0,1,0,0,1,0,0,0,0,0,0,0,0,0,0,0,0,,,,2,,,,,,,,,,,,,,,,,,,,,,,,,,,,0,3407.22,2022-04-26,,,2,27-19_Lu_HDS_ca_E,27-19_Lu_HDS_ca_E.zip,1,2,https://cloud.butterflynetwork.com/-/shared/RIx3AZ7RSaO2oI9ufx3_ag?region=US,0,0,0,0,0,0,0,0,0,0,0,,2,,,,,,,,,,,,,,,,,,,,,,,,,,,,,,,,,,,,,,,,,,,,,,,,,,0,,,0,0,0,0,0,0,0,0,0,0,0,0,0,0,0,0,0,,,,,,,,,,,,,,,,,,,,0,,,,,0,,,,,,,,,,,0,,,,,,,,,,,,,,,,,,,,,,,,,,,,,0,,,0,0,0,0,0,0,0,0,0,0,0,0,0,0,0,0,0,0,0,0,0,0,,,,,,,,,,,,,,,,,,,,,,,0,0,0,0,0,0,0,0,0,0,0,0,,,0,0,0,0,0,0,0,0,0,0,,,,,0,,0,0,0,0,0,0,0,0,0,0,0,0,0,0,0,0,0,0,0,0,0,0,0,0,0,0,0,0,0,0,0,0,0,0,0,0,0,0,0,0,0,0,0,0,0,0,0,0,0,0,0,0,0,0,0,0,0,0,0,0,0,0,0,0,0,0,0,0,0,0,0,0,0,0,0,0,0,0,0,0,0,0,0,0,0,0,0,0,0,0,0,0,0,0,0,0,0,0,,,0
27-20,hds,"2022-04-25 13:10",1,1,0,0,1,1,,2,2,2,,5,1,,,,,,1,0,0,1,0,0,1,0,0,0,0,0,0,0,0,0,0,0,0,4,,,,,4,,4,,,,,,,,2,,,,1,0,0,0,0,0,0,0,0,0,0,0,0,0,,,,,,,,1,,,,,,,,,,,,,,1,0,0,0,0,0,0,0,0,0,0,0,0,0,,0,1,0,0,,3,,,,,,0,0,0,0,0,0,0,0,0,0,0,0,0,0,,,0,0,,,,,0,,,0,2,81,170,34.0,80,115,63,20,97,6.1,15,0,0,0,0,28.0276816609,2,0,0,0,2,1,,,1,0,0,0,0,0,0,0,0,0,0,0,0,0,0,0,0,0,0,0,0,0,0,0,0,0,0,0,0,0,0,0,0,0,0,0,0,0,0,0,0,0,0,0,1,0,1,0,1,0,1,0,0,0,0,0,0,0,,0,0,0,0,0,0,0,0,0,0,0,0,0,0,2,2,0,,3,8,8,8,1,,1,1,3,1,8,1,1,,0,,,,,,2,1,,9,0,0,0,0,0,0,0,0,0,0,0,0,0,0,0,0,0,0,0,0,0,0,0,1,0,0,1,0,0,0,0,0,0,0,0,0,0,0,0,0,,,,5,,,,,,,,0,0,1,0,0,0,0,0,0,0,0,2,0,,,,,,0,0,0,0,0,0,0,0,0,0,0,0,0,0,0,0,,1,AGOF3642NOF,,,1,0,0,0,0,0,0,0,0,0,,0,,,,,1,AGOF3643NOF,,,0,,,,0,,,0,,,2,2,0,,,,,0,0,0,0,0,0,0,0,0,0,0,0,0,0,0,0,0,,,,2,,,,,,,,,,,,,,,,,,,,,,,,,,,,0,,,,,2,27-20_Lu_HDS_ca_E,27-20_Lu_HDS_ca_E.zip,1,2,https://cloud.butterflynetwork.com/-/shared/AjRG2lm9Ri-H1ng6wP6maw?region=US,0,0,0,0,0,0,0,0,0,0,0,,2,,,,,,,,,,,,,,,,,,,,,,,,,,,,,,,,,,,,,,,,,,,,,,,,,,0,,,0,0,0,0,0,0,0,0,0,0,0,0,0,0,0,0,0,,,,,,,,,,,,,,,,,,,,0,,,,,0,,,,,,,,,,,0,,,,,,,,,,,,,,,,,,,,,,,,,,,,,0,,,0,0,0,0,0,0,0,0,0,0,0,0,0,0,0,0,0,0,0,0,0,0,,,,,,,,,,,,,,,,,,,,,,,0,0,0,0,0,0,0,0,0,0,0,0,,,0,0,0,0,0,0,0,0,0,0,,,,,0,,0,0,0,0,0,0,0,0,0,0,0,0,0,0,0,0,0,0,0,0,0,0,0,0,0,0,0,0,0,0,0,0,0,0,0,0,0,0,0,0,0,0,0,0,0,0,0,0,0,0,0,0,0,0,0,0,0,0,0,0,0,0,0,0,0,0,0,0,0,0,0,0,0,0,0,0,0,0,0,0,0,0,0,0,0,0,0,0,0,0,0,0,0,0,0,0,0,0,,,0
27-21,hds,"2022-04-26 14:18",1,1,0,0,1,1,,2,2,3,,,,86,,,,,1,0,0,1,0,1,0,0,1,0,0,0,0,0,0,0,0,0,0,56,,,86,,86,,,,30,,,,,,2,,,,2,0,1,1,1,0,0,0,0,0,0,0,0,0,,,7,3,7,,,2,,,,2011,,0,,0,,3,5,,,1,0,0,0,0,0,0,0,0,0,0,0,0,0,,0,0,0,0,,1,,,,,2,0,0,0,0,0,0,0,0,0,0,0,0,0,0,,,0,1,1,2,2021,9,0,,,0,2,53,,34.6,128,133,57,24,98,4.4,15,1,0,0,1,,1,0,0,0,2,1,,,1,0,0,0,0,0,0,0,0,0,0,0,0,0,0,0,0,0,0,0,0,0,0,0,0,0,0,0,0,0,1,0,1,0,1,0,1,0,0,0,0,0,0,0,0,0,0,0,0,0,0,0,0,0,0,0,0,0,,0,0,0,0,0,0,0,0,0,0,0,0,0,0,2,1,0,,1,1,8,1,3,,1,3,1,8,8,2,8,,0,,,,,,2,1,,3,0,0,0,0,0,0,0,0,0,0,0,0,0,0,0,0,0,0,0,0,0,0,0,0,0,0,0,0,0,0,0,0,0,0,0,0,0,0,0,0,,,,,,,,,,,,0,0,1,0,0,0,0,0,0,0,0,2,,,,,,,0,0,0,0,0,0,0,0,0,0,0,0,0,0,0,0,,1,,AGOE9162NOF,,1,0,0,0,0,0,0,0,0,0,,0,,,,,0,,,,0,,,,0,,,0,,,2,2,1,1650980512204.jpg,3253/22,1,0,1,1,0,0,0,0,0,0,0,0,1,0,0,0,0,0,0,,,,2,,,,,,,,,,,,,,,,,,,,,,,,,,,,0,3253.22,2022-04-20,,,2,27-21_Lu_HDS_ca_E,27-21_Lu_HDS_ca_E.zip,1,2,https://cloud.butterflynetwork.com/-/shared/H0VqUp5dRuCmeRs3NLTT_w?region=US,0,0,0,0,0,0,0,0,0,0,0,,2,,,,,,,,,,,,,,,,,,,,,,,,,,,,,,,,,,,,,,,,,,,,,,,,,,0,,,0,0,0,0,0,0,0,0,0,0,0,0,0,0,0,0,0,,,,,,,,,,,,,,,,,,,,0,,,,,0,,,,,,,,,,,0,,,,,,,,,,,,,,,,,,,,,,,,,,,,,0,,,0,0,0,0,0,0,0,0,0,0,0,0,0,0,0,0,0,0,0,0,0,0,,,,,,,,,,,,,,,,,,,,,,,0,0,0,0,0,0,0,0,0,0,0,0,,,0,0,0,0,0,0,0,0,0,0,,,,,0,,0,0,0,0,0,0,0,0,0,0,0,0,0,0,0,0,0,0,0,0,0,0,0,0,0,0,0,0,0,0,0,0,0,0,0,0,0,0,0,0,0,0,0,0,0,0,0,0,0,0,0,0,0,0,0,0,0,0,0,0,0,0,0,0,0,0,0,0,0,0,0,0,0,0,0,0,0,0,0,0,0,0,0,0,0,0,0,0,0,0,0,0,0,0,0,0,0,0,,,0
27-22,hds,"2022-04-29 11:57",1,1,0,0,1,1,,2,2,2,,3,0,,,,,,0,0,0,1,0,1,1,0,1,0,1,0,0,0,0,0,0,0,0,,,,90,,3,,3,,3,,5,,,,2,,,,1,0,0,0,0,0,0,0,0,0,0,0,0,0,,,,,,,,1,,,,,,,,,,,,,,1,0,0,0,0,0,0,0,0,0,0,0,0,0,,0,0,0,0,,1,,,,,2,0,0,0,0,0,0,0,0,0,0,0,0,0,0,,,0,1,1,1,2022,3,0,,,0,2,53,169,35.6,89,109,57,20,97,,15,0,0,0,0,18.556773222226113,3,0,0,0,2,1,,,0,0,0,0,0,0,0,0,0,0,0,0,0,0,0,0,0,0,0,0,0,0,0,0,0,0,0,0,0,0,0,0,0,0,0,0,0,0,0,0,0,0,0,0,0,0,0,0,0,0,0,0,0,0,0,0,0,,,0,0,0,0,0,0,0,0,0,0,0,0,0,0,2,2,0,,1,3,3,2,3,,4,1,1,2,2,8,1,,0,,,,,,2,1,,11,0,0,0,0,0,0,0,0,0,0,0,0,0,0,0,0,0,0,0,0,0,0,0,0,0,0,0,0,0,0,0,0,0,0,0,0,0,0,0,0,,,,,,,,,,,,0,0,1,0,0,0,0,0,0,0,0,2,1,,AGOE4901NOF,,,,1,1,1,0,1,0,0,0,0,0,0,0,0,0,0,0,,1,AGOE9167NOF,,,1,0,0,0,0,0,0,0,0,0,,0,,,,,1,AGOE4902NOF,,,0,,,,0,,,0,,,2,2,0,,,,,0,0,0,0,0,0,0,0,0,0,0,0,0,0,0,0,0,,,,2,,,,,,,,,,,,,,,,,,,,,,,,,,,,0,,,,,2,27-22_Lu_HDS_ca_E,27-22_Lu_HDS_ca_E.zip,1,2,https://cloud.butterflynetwork.com/-/shared/Sc5x_D7nQkuF70G0cSvhGw?region=US,0,0,0,0,0,0,0,0,0,0,0,,2,,,,,,,,,,,,,,,,,,,,,,,,,,,,,,,,,,,,,,,,,,,,,,,,,,0,,,0,0,0,0,0,0,0,0,0,0,0,0,0,0,0,0,0,,,,,,,,,,,,,,,,,,,,0,,,,,0,,,,,,,,,,,0,,,,,,,,,,,,,,,,,,,,,,,,,,,,,0,,,0,0,0,0,0,0,0,0,0,0,0,0,0,0,0,0,0,0,0,0,0,0,,,,,,,,,,,,,,,,,,,,,,,0,0,0,0,0,0,0,0,0,0,0,0,,,0,0,0,0,0,0,0,0,0,0,,,,,0,,0,0,0,0,0,0,0,0,0,0,0,0,0,0,0,0,0,0,0,0,0,0,0,0,0,0,0,0,0,0,0,0,0,0,0,0,0,0,0,0,0,0,0,0,0,0,0,0,0,0,0,0,0,0,0,0,0,0,0,0,0,0,0,0,0,0,0,0,0,0,0,0,0,0,0,0,0,0,0,0,0,0,0,0,0,0,0,0,0,0,0,0,0,0,0,0,0,0,,,0
27-23,hds,"2022-04-29 15:04",1,1,0,0,1,1,,2,12,3,,,,7,,,,,0,1,0,1,0,1,0,1,0,0,0,0,0,0,0,0,0,0,0,,7,0,88,,7,,,10,,,,,,,2,,,,1,0,0,0,0,0,0,0,0,0,0,0,0,0,,,,,,,,1,,,,,,,,,,,,,,1,0,0,0,0,0,0,0,0,0,0,0,0,0,,0,0,0,0,,2,,,,,,0,0,0,0,0,0,0,0,0,0,0,0,0,0,,,0,1,1,2,2022,1,0,,,0,2,46,,35.6,100,98,56,26,96,,15,1,0,1,2,,3,0,0,0,2,1,,,1,1,1,1,1,1,1,1,1,0,0,0,0,0,0,0,0,0,0,0,0,0,0,0,0,0,0,0,0,0,0,0,0,0,0,0,0,0,0,0,0,0,0,0,0,0,0,0,0,0,0,0,0,0,0,0,0,0,,0,0,0,0,0,0,0,0,0,0,0,0,0,0,2,2,1,"Tachypnoea, distressed",2,2,,1,1,,1,2,8,2,1,1,1,,0,,,,,,2,2,,10,0,0,0,0,0,0,0,0,1,0,0,0,0,0,0,0,0,0,0,0,0,0,1,1,0,0,1,0,0,0,0,0,0,0,0,0,0,0,0,0,,,,5,,,,,,,,0,0,1,0,0,0,0,0,0,0,0,2,1,AGOE4711NOF,,,,,0,1,1,0,1,0,0,0,0,0,0,0,0,0,0,0,,1,,AJJZ2937P,,1,0,0,0,0,0,0,0,0,0,,0,,,,,1,AGOE4715NOF,,,0,,,,0,,,0,,,2,2,0,,,,,0,0,0,0,0,0,0,0,0,0,0,0,0,0,0,0,0,,,,2,,,,,,,,,,,,,,,,,,,,,,,,,,,,0,,,,,2,27-23_Lu_HDS_ca_E,27-23_Lu_HDS_ca_E.zip,1,2,https://cloud.butterflynetwork.com/-/shared/MVDgHEgFRFq9SosHdF_SQA?region=US,0,0,0,0,0,0,0,0,0,0,0,,2,,,,,,,,,,,,,,,,,,,,,,,,,,,,,,,,,,,,,,,,,,,,,,,,,,0,,,0,0,0,0,0,0,0,0,0,0,0,0,0,0,0,0,0,,,,,,,,,,,,,,,,,,,,0,,,,,0,,,,,,,,,,,0,,,,,,,,,,,,,,,,,,,,,,,,,,,,,0,,,0,0,0,0,0,0,0,0,0,0,0,0,0,0,0,0,0,0,0,0,0,0,,,,,,,,,,,,,,,,,,,,,,,0,0,0,0,0,0,0,0,0,0,0,0,,,0,0,0,0,0,0,0,0,0,0,,,,,0,,0,0,0,0,0,0,0,0,0,0,0,0,0,0,0,0,0,0,0,0,0,0,0,0,0,0,0,0,0,0,0,0,0,0,0,0,0,0,0,0,0,0,0,0,0,0,0,0,0,0,0,0,0,0,0,0,0,0,0,0,0,0,0,0,0,0,0,0,0,0,0,0,0,0,0,0,0,0,0,0,0,0,0,0,0,0,0,0,0,0,0,0,0,0,0,0,0,0,,,0
27-24,hds,"2022-05-03 10:09",1,1,0,0,1,1,,2,12,3,,,,3,,,,,1,1,0,1,0,0,1,1,1,0,1,0,0,0,0,0,0,0,0,3,6,1,,,6,,3,5,3,,3,,,,2,,,,1,0,0,0,0,0,0,0,0,0,0,0,0,0,,,,,,,,2,,,,2021,,0,,1,0,3,2,,,1,0,0,0,0,0,0,0,0,0,0,0,0,0,,0,0,0,0,,1,,,,,2,0,0,0,0,0,0,0,0,0,0,0,0,0,0,,,0,0,,,,,0,,,0,2,,158,36,151,131,91,26,93,8.8,15,1,0,0,1,,4,1,0,0,2,1,,,0,0,0,0,0,0,0,0,0,0,0,0,0,0,0,0,0,0,0,0,0,0,0,0,0,0,0,0,0,0,0,0,0,0,0,0,0,0,0,0,0,0,0,0,0,0,0,0,0,0,0,0,0,0,0,0,0,,,0,0,0,0,0,0,0,0,0,0,0,0,0,0,2,2,0,,5,2,2,3,3,,1,3,1,3,1,3,1,,0,,,,,,2,2,,6,0,0,0,0,0,0,0,0,0,0,0,0,0,0,0,0,0,0,0,0,0,0,1,1,0,0,1,0,0,0,0,0,0,0,0,0,0,0,0,0,,,,5,,,,,,,,0,1,1,0,0,0,0,0,0,0,0,2,1,AGOE4919NOF,,,,,1,1,1,0,1,0,1,0,0,0,0,0,0,0,0,0,,1,AGOE4922NOF,,,1,0,0,0,0,0,0,0,0,0,,0,,,,,1,AGOE4921NOF,,,0,,,,0,,,0,,,2,2,1,1651670123900.jpg,3586/22,0,,0,0,0,0,0,0,0,0,0,0,0,0,0,0,0,0,0,,2841/22,"2841.22 - IX151.HEIC",2,,,,,,,,,,,,,,,,,,,,,,,,,,,,0,3586.22,2022-05-03,2841_22,,2,,,,0,https://cloud.butterflynetwork.com/-/shared/Eo9_ROX3T4iTFNVri4Jghg?region=US,0,0,0,0,0,0,0,0,0,0,0,,2,,,,,,,,,,,,,,,,,,,,,,,,,,,,,,,,,,,,,,,,,,,,,,,,,,0,,,0,0,0,0,0,0,0,0,0,0,0,0,0,0,0,0,0,,,,,,,,,,,,,,,,,,,,0,,,,,0,,,,,,,,,,,0,,,,,,,,,,,,,,,,,,,,,,,,,,,,,0,,,0,0,0,0,0,0,0,0,0,0,0,0,0,0,0,0,0,0,0,0,0,0,,,,,,,,,,,,,,,,,,,,,,,0,0,0,0,0,0,0,0,0,0,0,0,,,0,0,0,0,0,0,0,0,0,0,,,,,0,,0,0,0,0,0,0,0,0,0,0,0,0,0,0,0,0,0,0,0,0,0,0,0,0,0,0,0,0,0,0,0,0,0,0,0,0,0,0,0,0,0,0,0,0,0,0,0,0,0,0,0,0,0,0,0,0,0,0,0,0,0,0,0,0,0,0,0,0,0,0,0,0,0,0,0,0,0,0,0,0,0,0,0,0,0,0,0,0,0,0,0,0,0,0,0,0,0,0,,,0
27-25,hds,"2022-05-06 10:18",1,1,0,0,1,1,0,2,6,3,,,,16,,,,,0,1,0,0,0,1,0,1,0,0,0,0,0,0,0,0,0,0,0,,21,1,,,,,,16,,,,,,,2,,,,1,0,0,0,0,0,0,0,0,0,0,0,0,0,,,,,,,,4,"April 2022",2,,,2001,0,,0,,,,,,2,0,0,0,0,0,0,0,0,0,0,0,0,0,,0,0,0,0,,1,,,,,2,0,0,0,0,0,0,0,0,0,0,0,0,0,0,,,0,0,,,,,0,,,0,2,45,,36.7,121,112,78,22,98,,14,1,1,0,2,,3,0,0,1,2,1,,,1,0,0,0,0,0,0,0,0,0,0,0,0,0,0,0,0,0,0,0,0,0,0,0,0,0,0,0,0,0,0,0,0,0,0,0,0,0,0,0,0,0,0,0,0,0,0,0,0,0,0,0,0,0,0,0,0,0,,0,0,0,0,0,0,0,0,0,0,0,0,0,0,2,,,,,,,,,,,,,,,,,,,,,,,,0,2,,1,0,0,0,0,0,0,0,0,0,0,0,0,0,0,0,0,0,0,0,0,0,0,1,1,0,0,0,0,0,0,0,0,1,0,0,0,0,0,0,0,,,,,,,,,,5,,0,0,1,0,0,0,0,0,0,0,0,2,1,AGOE4316NOF,,,,,1,1,1,0,0,0,0,0,0,0,0,0,0,0,0,0,,1,,AGOC7275NOF,,1,0,0,0,0,0,0,0,0,0,,0,,,,,1,AGOE4318NOF,,,0,,,,0,,,1,,1651839042568.jpg,2,2,1,"27-25 - 9.5.2022.HEIC",3713/22,0,,0,0,0,0,0,0,0,0,0,0,0,0,0,0,0,0,0,,,,2,,,,,,,,,,,,,,,,,,,,,,,,,,,,0,3713.22,2022-05-09,,,2,27-25_Lu_HDS_ca_E,27-25_Lu_HDS_ca_E.zip,1,2,,1,0,0,0,0,0,0,0,0,0,0,,0,,,,,,,,,,,,,,,,,,,,,,,,,,,,,,,,,,,,,,,,,,,,,,,,,,0,,,0,0,0,0,0,0,0,0,0,0,0,0,0,0,0,0,0,,,,,,,,,,,,,,,,,,,,0,,,,,0,,,,,,,,,,,0,,,,,,,,,,,,,,,,,,,,,,,,,,,,,0,,,0,0,0,0,0,0,0,0,0,0,0,0,0,0,0,0,0,0,0,0,0,0,,,,,,,,,,,,,,,,,,,,,,,0,0,0,0,0,0,0,0,0,0,0,0,,,0,0,0,0,0,0,0,0,0,0,,,,,0,,0,0,0,0,0,0,0,0,0,0,0,0,0,0,0,0,0,0,0,0,0,0,0,0,0,0,0,0,0,0,0,0,0,0,0,0,0,0,0,0,0,0,0,0,0,0,0,0,0,0,0,0,0,0,0,0,0,0,0,0,0,0,0,0,0,0,0,0,0,0,0,0,0,0,0,0,0,0,0,0,0,0,0,0,0,0,0,0,0,0,0,0,0,0,0,0,0,0,,,0
27-26,hds,"2022-04-28 15:42",1,1,1,0,,1,0,2,3,2,,14,1,,,,,,0,1,1,1,0,1,0,1,0,0,1,0,0,0,0,0,0,0,0,,14,1,120,14,14,,,4,,,3,,,,2,,,,1,0,0,0,0,0,0,0,0,0,0,0,0,0,,,,,,,,1,,,,,,,,,,,,,,1,0,0,0,0,0,0,0,0,0,0,0,0,0,,1,0,0,0,,1,,,,,1,0,0,0,0,0,0,0,0,0,0,0,0,0,0,,,0,1,1,2,2021,11,0,,,0,0,,,36.4,94,111,69,18,98,13.4,15,0,0,0,0,,5,0,0,1,2,1,,,,0,0,0,0,0,0,0,0,0,0,0,0,0,0,0,0,0,0,0,0,0,0,0,0,0,0,0,0,0,0,0,0,0,0,0,0,0,0,0,0,0,0,0,0,0,0,0,0,0,0,0,0,0,0,0,0,,,0,0,0,0,0,0,0,0,0,0,0,0,0,0,2,2,0,,2,2,2,1,3,,3,2,1,1,2,3,2,,0,,,,,,2,1,,3,0,0,1,0,0,0,0,0,0,0,0,0,0,0,0,0,0,0,0,0,0,0,0,1,0,0,0,0,0,1,0,0,1,0,0,0,0,0,0,0,,,,,,,7,,,7,,0,0,1,0,0,0,0,0,0,0,0,2,1,AGOE9132NOF,,,,,0,1,1,0,1,0,0,0,0,0,0,0,0,0,0,0,,0,,,,0,0,0,0,0,0,0,0,0,0,,0,,,,,0,,,,0,,,,0,,,0,,,2,2,1,1651153649581.jpg,3487/22,1,0,0,0,0,0,1,0,0,0,0,0,0,0,0,0,0,0,0,,,,2,,,,,,,,,,,,,,,,,,,,,,,,,,,,0,3487.22,2022-04-28,,,2,,,,0,https://cloud.butterflynetwork.com/-/shared/pwZE4akXR3my42oaCJlgmQ?region=US,0,0,0,0,0,0,0,0,0,0,0,,2,,,,,,,,,,,,,,,,,,,,,,,,,,,,,,,,,,,,,,,,,,,,,,,,,,0,,,0,0,0,0,0,0,0,0,0,0,0,0,0,0,0,0,0,,,,,,,,,,,,,,,,,,,,0,,,,,0,,,,,,,,,,,0,,,,,,,,,,,,,,,,,,,,,,,,,,,,,0,,,0,0,0,0,0,0,0,0,0,0,0,0,0,0,0,0,0,0,0,0,0,0,,,,,,,,,,,,,,,,,,,,,,,0,0,0,0,0,0,0,0,0,0,0,0,,,0,0,0,0,0,0,0,0,0,0,,,,,0,,0,0,0,0,0,0,0,0,0,0,0,0,0,0,0,0,0,0,0,0,0,0,0,0,0,0,0,0,0,0,0,0,0,0,0,0,0,0,0,0,0,0,0,0,0,0,0,0,0,0,0,0,0,0,0,0,0,0,0,0,0,0,0,0,0,0,0,0,0,0,0,0,0,0,0,0,0,0,0,0,0,0,0,0,0,0,0,0,0,0,0,0,0,0,0,0,0,0,,,0
27-27,hds,"2022-04-29 11:15",1,1,1,0,,1,0,2,,2,,14,1,,,,,,0,0,1,1,0,0,1,1,1,0,1,0,0,0,0,0,0,0,0,,,,,4,5,,7,4,7,,3,,,,2,,,,3,0,1,0,1,0,0,0,0,0,0,0,0,0,,,7,,7,,,1,,,,,,,,,,,,,,1,1,0,1,0,0,0,0,0,0,0,0,0,0,,0,0,0,0,,1,,,,,1,0,0,0,0,0,0,0,0,0,0,0,0,0,0,,,,0,,,,,0,,,0,2,48,,36.9,121,108,70,18,98,7.7,14,0,1,0,1,,2,0,0,1,2,1,,,1,0,0,0,0,0,0,0,0,0,0,0,0,0,0,1,1,1,0,0,0,0,0,0,0,0,0,0,0,0,0,0,1,1,0,0,0,0,0,0,0,0,0,0,0,0,0,0,1,1,0,0,0,0,0,0,0,0,,0,0,0,0,0,0,0,0,0,0,0,0,0,0,2,2,0,,2,2,1,,,,3,1,1,2,1,1,2,,0,,,,,,2,2,,3,0,0,1,0,0,0,0,0,0,0,0,0,0,0,0,0,0,0,0,0,0,0,0,1,0,0,0,0,0,1,0,1,0,0,0,0,0,0,0,0,,,,,,,7,,7,,,0,0,1,0,0,0,0,0,0,0,0,2,1,,AGOE4701NOF,,,,1,0,1,0,0,0,0,0,0,0,0,0,0,0,0,0,,0,,,,0,0,0,0,0,0,0,0,0,0,,0,,,,,1,,AGOE4700NOF,,0,,,,0,,,0,,,2,2,1,1651226138133.jpg,3493/22,1,0,0,0,0,1,0,0,0,0,0,0,0,0,0,0,0,0,0,,,,2,,,,,,,,,,,,,,,,,,,,,,,,,,,,0,3493.22,2022-04-29,,,2,27-27_Lu_HDS_ca_E,27-27_Lu_HDS_ca_E.zip,1,2,https://cloud.butterflynetwork.com/-/shared/gVpmwLhkQPWpf6FmdLs07Q?region=US,0,1,0,0,0,0,0,0,0,0,0,,2,,,,,,,,,,,,,,,,,,,,,,,,,,,,,,,,,,,,,,,,,,,,,,,,,,0,,,0,0,0,0,0,0,0,0,0,0,0,0,0,0,0,0,0,,,,,,,,,,,,,,,,,,,,0,,,,,0,,,,,,,,,,,0,,,,,,,,,,,,,,,,,,,,,,,,,,,,,0,,,0,0,0,0,0,0,0,0,0,0,0,0,0,0,0,0,0,0,0,0,0,0,,,,,,,,,,,,,,,,,,,,,,,0,0,0,0,0,0,0,0,0,0,0,0,,,0,0,0,0,0,0,0,0,0,0,,,,,0,,0,0,0,0,0,0,0,0,0,0,0,0,0,0,0,0,0,0,0,0,0,0,0,0,0,0,0,0,0,0,0,0,0,0,0,0,0,0,0,0,0,0,0,0,0,0,0,0,0,0,0,0,0,0,0,0,0,0,0,0,0,0,0,0,0,0,0,0,0,0,0,0,0,0,0,0,0,0,0,0,0,0,0,0,0,0,0,0,0,0,0,0,0,0,0,0,0,0,,,0
27-28,hds,"2022-05-05 10:14",1,1,0,0,1,1,0,2,13,2,,21,1,,,,,,1,1,1,1,0,1,1,0,1,0,0,0,0,0,0,0,0,0,0,5,7,1,21,5,5,,7,,7,,,,,,2,,,,1,0,0,0,0,0,0,0,0,0,0,0,0,0,,,,,,,,1,,,,,,,,,,,,,,1,0,0,0,0,0,0,0,0,0,0,0,0,0,,0,0,0,0,,1,126,2020-12-30,232000,2020-12-30,2,0,0,0,0,0,0,0,0,0,0,0,0,0,0,,,0,0,,,,,0,,,0,0,65,,36.6,124,143,94,18,91,6.7,15,0,0,0,0,,2,0,0,1,2,1,,,0,0,0,0,0,0,0,0,0,0,0,0,0,0,0,0,0,0,0,0,0,0,0,0,0,0,0,0,0,0,0,0,0,0,0,0,0,0,0,0,0,0,0,0,0,0,0,0,0,0,0,0,0,0,0,0,0,,,0,0,0,0,0,0,0,0,0,0,0,0,0,0,2,2,0,,1,7,7,1,1,,7,7,7,7,1,7,4,,1,2,2,,1,,2,2,,4,0,0,0,0,0,0,0,0,0,0,0,0,0,0,0,0,0,0,0,0,0,0,1,1,0,0,1,0,0,0,0,0,0,0,0,0,0,0,0,0,,,,5,,,,,,,,0,0,1,0,0,0,0,0,0,0,0,2,1,,AGOE4311NOF,,ADIQ7902HOF,,1,1,1,0,0,0,0,0,0,0,0,0,0,0,0,0,,1,,"Collected by NICD",,0,0,0,0,0,0,0,0,0,0,,0,,,,,1,,AGOE4312NOF,,1,AGOC7276NOF,,,0,,,0,,,0,2,1,1651827289776.jpg,3654/22,0,,0,0,0,0,0,0,0,0,0,0,0,0,0,0,0,0,0,,,,2,,,,,,,,,,,,,,,,,,,,,,,,,,,,0,3654.22,2022-05-05,,,2,,,,0,https://cloud.butterflynetwork.com/-/shared/kqgA_UfXSCiwCuVR1NtbjQ?region=US,0,0,0,0,0,0,0,0,0,0,0,,2,,,,,,,,,,,,,,,,,,,,,,,,,,,,,,,,,,,,,,,,,,,,,,,,,,0,,,0,0,0,0,0,0,0,0,0,0,0,0,0,0,0,0,0,,,,,,,,,,,,,,,,,,,,0,,,,,0,,,,,,,,,,,0,,,,,,,,,,,,,,,,,,,,,,,,,,,,,0,,,0,0,0,0,0,0,0,0,0,0,0,0,0,0,0,0,0,0,0,0,0,0,,,,,,,,,,,,,,,,,,,,,,,0,0,0,0,0,0,0,0,0,0,0,0,,,0,0,0,0,0,0,0,0,0,0,,,,,0,,0,0,0,0,0,0,0,0,0,0,0,0,0,0,0,0,0,0,0,0,0,0,0,0,0,0,0,0,0,0,0,0,0,0,0,0,0,0,0,0,0,0,0,0,0,0,0,0,0,0,0,0,0,0,0,0,0,0,0,0,0,0,0,0,0,0,0,0,0,0,0,0,0,0,0,0,0,0,0,0,0,0,0,0,0,0,0,0,0,0,0,0,0,0,0,0,0,0,,,0
27-29,hds,"2022-05-09 12:31",1,1,0,0,1,1,,2,15,3,,,,3,,,,,0,1,0,1,0,1,1,1,0,0,0,0,0,0,0,0,0,0,0,,3,0,120,,3,,3,3,,,,,,,2,,,,1,0,0,0,0,0,0,0,0,0,0,0,0,0,,,,,,,,4,"January 2022",2,,,,0,,,,,,,,1,0,0,0,0,0,0,0,0,0,0,0,0,0,,0,0,0,0,,1,,,,,2,0,0,0,0,0,0,0,0,0,0,0,0,0,0,,,0,1,1,1,2021,11,0,,,0,2,46,,36.6,,126,69,22,98,7.0,15,1,0,0,1,,2,0,0,0,2,1,,,1,0,1,0,1,0,1,0,1,0,0,0,0,0,0,0,0,0,0,0,0,0,0,0,0,0,0,0,0,0,0,0,0,0,0,0,0,0,0,0,0,0,0,0,1,0,1,0,1,0,1,0,0,0,0,0,0,0,,0,0,0,0,0,0,0,0,0,0,0,0,0,0,2,2,0,,1,4,1,1,1,,5,1,1,1,1,1,1,,1,1,,2,,1,2,2,,6,0,0,0,0,0,0,0,0,0,0,0,0,0,0,0,0,0,0,0,0,0,0,1,1,0,0,1,0,0,0,0,0,0,0,0,0,0,0,0,0,,,,1,,,,,,,,0,1,1,0,0,0,0,0,0,0,0,2,1,AGOE5058NOF,AGOE5058NOF,,,,1,1,1,0,0,0,0,0,0,0,0,0,0,0,0,0,,0,,,,0,0,0,0,0,0,0,0,0,0,,0,,,,,1,AGOE5059NOF,AGOE5059NOF,,0,,,,0,,,0,,,2,2,1,1652185414909.jpg,3751/22,0,,0,0,0,0,0,0,0,0,0,0,0,0,0,0,0,0,0,,,,2,,,,,,,,,,,,,,,,,,,,,,,,,,,,0,3751.22,2022-05-10,,,2,27-29_Lu_HDS_ca_E,27-29_Lu_HDS_ca_E.zip,1,2,https://cloud.butterflynetwork.com/-/shared/yJHO8MVvRJmSIo1nfcOOYA?region=US,0,0,0,0,0,0,0,0,0,0,0,,2,,,,,,,,,,,,,,,,,,,,,,,,,,,,,,,,,,,,,,,,,,,,,,,,,,0,,,0,0,0,0,0,0,0,0,0,0,0,0,0,0,0,0,0,,,,,,,,,,,,,,,,,,,,0,,,,,0,,,,,,,,,,,0,,,,,,,,,,,,,,,,,,,,,,,,,,,,,0,,,0,0,0,0,0,0,0,0,0,0,0,0,0,0,0,0,0,0,0,0,0,0,,,,,,,,,,,,,,,,,,,,,,,0,0,0,0,0,0,0,0,0,0,0,0,,,0,0,0,0,0,0,0,0,0,0,,,,,0,,0,0,0,0,0,0,0,0,0,0,0,0,0,0,0,0,0,0,0,0,0,0,0,0,0,0,0,0,0,0,0,0,0,0,0,0,0,0,0,0,0,0,0,0,0,0,0,0,0,0,0,0,0,0,0,0,0,0,0,0,0,0,0,0,0,0,0,0,0,0,0,0,0,0,0,0,0,0,0,0,0,0,0,0,0,0,0,0,0,0,0,0,0,0,0,0,0,0,,,0
27-30,hds,"2022-05-10 15:19",1,1,0,0,1,1,,2,6,2,,6,1,,,,,,0,0,1,0,0,0,0,1,0,0,1,0,0,0,0,0,0,0,0,,,,,2,,,,4,,,4,,,,2,,,,1,0,0,0,0,0,0,0,0,0,0,0,0,0,,,,,,,,1,,,,,,,,,,,,,,1,0,0,0,0,0,0,0,0,0,0,0,0,0,,0,0,0,0,,1,1,2022-03-10,,,2,0,0,0,0,0,0,0,0,0,0,0,0,0,0,,,0,0,,,,,0,,,0,2,,,36.2,61,100,67,20,95,"4,9",14,0,1,1,2,,4,0,0,0,2,1,,,1,0,1,0,1,0,1,0,1,0,0,0,0,0,0,0,0,0,0,0,0,0,0,0,0,0,0,0,0,0,0,0,0,0,0,0,0,0,0,0,0,0,0,0,0,0,0,0,0,0,0,0,0,0,0,0,0,0,,0,0,0,0,0,0,0,0,0,0,0,0,0,0,2,2,0,,4,3,4,4,4,,2,1,7,7,7,7,7,,1,1,,2,,1,2,2,,7,0,0,1,0,0,0,0,0,0,0,0,0,0,0,0,0,0,0,0,0,0,0,0,1,0,0,1,0,0,1,0,0,0,0,0,0,0,0,0,0,,,,1,,,1,,,,,0,0,1,0,0,0,0,0,0,0,0,2,1,AGOE5352NOF,,,,,1,1,1,0,0,0,0,0,0,0,0,0,0,0,0,0,,1,,AGOE4824NOF,,1,0,0,0,0,0,0,0,0,0,,0,,,,,1,AGOE5351NOF,,,1,AGOE8534NOF,,,0,,,0,,,2,2,1,1652359206122.jpg,"3778/22 (Missing from System)",0,,0,0,0,0,0,0,0,0,0,0,0,0,0,0,0,0,0,1,2093/22,"27-30 old CXR 2093.22.HEIC",2,,,,,,,,,,,,,,,,,,,,,,,,,,,,0,,,2093.22,,2,,,,0,https://cloud.butterflynetwork.com/-/shared/ZQvoffyxR3OOk8KSs77j2A?region=US,0,0,0,0,0,0,0,0,0,0,0,,2,,,,,,,,,,,,,,,,,,,,,,,,,,,,,,,,,,,,,,,,,,,,,,,,,,0,,,0,0,0,0,0,0,0,0,0,0,0,0,0,0,0,0,0,,,,,,,,,,,,,,,,,,,,0,,,,,0,,,,,,,,,,,0,,,,,,,,,,,,,,,,,,,,,,,,,,,,,0,,,0,0,0,0,0,0,0,0,0,0,0,0,0,0,0,0,0,0,0,0,0,0,,,,,,,,,,,,,,,,,,,,,,,0,0,0,0,0,0,0,0,0,0,0,0,,,0,0,0,0,0,0,0,0,0,0,,,,,0,,0,0,0,0,0,0,0,0,0,0,0,0,0,0,0,0,0,0,0,0,0,0,0,0,0,0,0,0,0,0,0,0,0,0,0,0,0,0,0,0,0,0,0,0,0,0,0,0,0,0,0,0,0,0,0,0,0,0,0,0,0,0,0,0,0,0,0,0,0,0,0,0,0,0,0,0,0,0,0,0,0,0,0,0,0,0,0,0,0,0,0,0,0,0,0,0,0,0,,,0
27-31,hds,"2022-05-09 14:59",1,1,0,0,1,1,0,2,6,4,,,,,1,,,,1,0,1,1,0,0,0,0,0,0,0,0,0,0,0,0,0,0,0,2,,,,2,3,,,,,,,,,,2,,,,1,0,0,0,0,0,0,0,0,0,0,0,0,0,,,,,,,,1,,,,,,,,,,,,,,1,0,0,0,0,0,0,0,0,0,0,0,0,0,,0,0,0,0,,1,,,,,2,0,0,0,0,0,0,0,0,0,0,0,0,0,0,,,0,1,1,1,2021,11,0,,,0,0,,154,36.6,99,92,60,24,99,6.9,15,1,0,1,2,,2,0,0,0,2,1,,,1,0,0,0,0,0,0,0,0,0,0,0,0,0,0,1,0,1,1,0,1,1,1,0,0,0,0,0,0,0,1,0,0,0,0,0,0,0,0,0,0,0,0,0,0,0,0,1,0,0,0,0,0,0,0,0,0,0,,0,0,0,0,0,0,0,0,0,0,0,0,0,0,2,2,0,,1,2,2,1,1,,,1,1,1,1,,,,0,,,,,,2,2,,6,0,0,1,0,0,0,0,0,0,0,0,0,0,0,0,0,0,0,0,0,0,0,0,1,0,0,1,0,0,0,0,1,0,0,0,0,0,0,0,0,,,,5,,,,,3,,,0,1,1,0,0,0,0,0,0,0,0,2,1,,AGOE4566NOF,,,,1,1,1,0,0,0,1,0,0,0,0,0,0,0,0,0,,1,,,,1,0,0,0,0,0,0,0,0,0,,0,,,,,1,,AGOE4569NOF,,0,,,,0,,,0,,,2,2,1,1652100387399.jpg,3708/22,1,1,0,0,0,0,0,0,0,0,0,0,0,0,0,0,0,0,0,,,,2,,,,,,,,,,,,,,,,,,,,,,,,,,,,0,3708.22,2022-05-09,,,2,,,,0,https://cloud.butterflynetwork.com/-/shared/A5SKp3x2Q9uJnr7p0cmFHA?region=US,0,0,0,0,0,0,0,0,0,0,0,,2,,,,,,,,,,,,,,,,,,,,,,,,,,,,,,,,,,,,,,,,,,,,,,,,,,0,,,0,0,0,0,0,0,0,0,0,0,0,0,0,0,0,0,0,,,,,,,,,,,,,,,,,,,,0,,,,,0,,,,,,,,,,,0,,,,,,,,,,,,,,,,,,,,,,,,,,,,,0,,,0,0,0,0,0,0,0,0,0,0,0,0,0,0,0,0,0,0,0,0,0,0,,,,,,,,,,,,,,,,,,,,,,,0,0,0,0,0,0,0,0,0,0,0,0,,,0,0,0,0,0,0,0,0,0,0,,,,,0,,0,0,0,0,0,0,0,0,0,0,0,0,0,0,0,0,0,0,0,0,0,0,0,0,0,0,0,0,0,0,0,0,0,0,0,0,0,0,0,0,0,0,0,0,0,0,0,0,0,0,0,0,0,0,0,0,0,0,0,0,0,0,0,0,0,0,0,0,0,0,0,0,0,0,0,0,0,0,0,0,0,0,0,0,0,0,0,0,0,0,0,0,0,0,0,0,0,0,,,0
27-32,hds,"2022-05-10 10:36",1,1,0,0,1,1,0,2,6,3,,,,5,,,,,0,0,1,1,0,0,0,1,0,0,0,0,0,0,0,0,0,0,0,,,,,5,3,,,5,,,,,,,2,,,,1,0,0,0,0,0,0,0,0,0,0,0,0,0,,,,,,,,2,,,,2009,,0,,0,,3,5,,,1,0,0,0,0,0,0,0,0,0,0,0,0,0,,0,0,0,0,,3,,,,,,0,0,0,0,0,0,0,0,0,0,0,0,0,0,,,0,,,,,,,,,,2,,158,36,154,111,81,26,93,5.7,15,1,0,0,1,,3,0,0,1,2,1,,,,0,0,0,0,0,0,0,0,0,0,0,0,0,0,0,0,0,0,0,0,0,0,0,0,0,0,0,0,0,0,0,0,0,0,0,0,0,0,0,0,0,0,0,0,0,0,0,0,0,0,0,0,0,0,0,0,,,0,0,0,0,0,0,0,0,0,0,0,0,0,0,2,2,1,"Running  out of breath ",,1,1,2,5,,2,1,4,,1,5,4,,0,,,,,,2,2,,6,0,0,0,0,0,1,0,0,0,0,0,0,0,0,0,0,0,0,0,0,0,0,0,1,0,0,1,0,0,0,0,0,0,0,0,0,0,0,0,0,,,,5,,,,,,,,0,1,1,0,0,0,0,0,0,0,0,2,1,,AGOE570NOF,,"AGOE4849NOF and AGOE4823NOF",,1,1,1,1,0,0,1,0,0,0,0,0,0,0,0,0,,1,,AGOE4822NOF,,1,0,0,0,0,0,0,0,0,0,,0,,,,,1,,AGOE5749NOF,,0,,,,0,,,0,,,2,2,1,1652359285617.jpg,3780/22,0,0,0,1,0,0,1,0,0,0,0,0,0,0,0,0,0,0,0,,,,2,,,,,,,,,,,,,,,,,,,,,,,,,,,,0,3780.22,2022-05-10,,,2,27-32_Lu_HDS_ca_E,27-32_Lu_HDS_ca_E.zip,1,2,https://cloud.butterflynetwork.com/-/shared/jnr3afDhRfGTn5naaNHsDQ?region=US,0,0,0,0,0,0,0,0,0,0,0,,2,,,,,,,,,,,,,,,,,,,,,,,,,,,,,,,,,,,,,,,,,,,,,,,,,,0,,,0,0,0,0,0,0,0,0,0,0,0,0,0,0,0,0,0,,,,,,,,,,,,,,,,,,,,0,,,,,0,,,,,,,,,,,0,,,,,,,,,,,,,,,,,,,,,,,,,,,,,0,,,0,0,0,0,0,0,0,0,0,0,0,0,0,0,0,0,0,0,0,0,0,0,,,,,,,,,,,,,,,,,,,,,,,0,0,0,0,0,0,0,0,0,0,0,0,,,0,0,0,0,0,0,0,0,0,0,,,,,0,,0,0,0,0,0,0,0,0,0,0,0,0,0,0,0,0,0,0,0,0,0,0,0,0,0,0,0,0,0,0,0,0,0,0,0,0,0,0,0,0,0,0,0,0,0,0,0,0,0,0,0,0,0,0,0,0,0,0,0,0,0,0,0,0,0,0,0,0,0,0,0,0,0,0,0,0,0,0,0,0,0,0,0,0,0,0,0,0,0,0,0,0,0,0,0,0,0,0,,,0
27-33,hds,"2022-05-12 10:38",1,1,0,0,1,1,0,2,13,2,,2,1,,,,,,1,0,1,1,0,0,1,0,0,0,0,0,0,0,0,0,0,0,0,3,,,,3,2,,5,,,,,,,,2,,,,1,0,0,0,0,0,0,0,0,0,0,0,0,0,,,,,,,,2,,,,2014,,0,,0,,3,5,,,3,0,0,0,0,0,0,0,0,0,0,0,0,0,,0,0,0,0,,1,220,2022-03-03,<50,2021-12-20,1,0,0,0,0,0,0,0,0,0,0,0,0,0,0,,"Marked clubbing noted on both hands",0,0,,,,,0,,,0,2,45,160,36.6,142,101,64,28,84,6.6,15,1,0,0,1,17.578125,1,0,0,1,2,1,,,,0,0,0,0,0,0,0,0,0,0,0,0,0,0,0,0,0,0,0,0,0,0,0,0,0,0,0,0,0,0,0,0,0,0,0,0,0,0,0,0,0,0,0,0,0,0,0,0,0,0,0,0,0,0,0,0,,,0,0,0,0,0,0,0,0,0,0,0,0,0,0,2,1,0,,1,1,4,1,5,,5,1,1,1,1,4,7,,1,3,1,2,1,1,2,2,,6,0,0,0,0,0,0,0,0,0,0,0,0,0,0,0,0,0,0,0,0,0,0,0,1,0,0,1,0,0,0,0,0,1,0,0,0,0,0,0,0,,,,5,,,,,,5,,0,1,1,0,0,0,0,0,0,0,0,2,1,,AGOE5732NOF,,,,1,1,1,0,0,0,0,0,0,0,0,0,0,0,0,0,,1,AGOC7286NOF,,,1,0,0,0,0,0,0,0,0,0,,0,,,,,1,AGOE5733NOF,,,0,,,,0,,,0,,,2,2,1,"27-33 - 3895.22.HEIC",3895/22,0,,0,0,0,0,0,0,0,0,0,0,0,0,0,0,0,0,0,,,,2,,,,,,,,,,,,,,,,,,,,,,,,,,,,0,"3895_22 (PA)",2022-05-16,,,2,27-33_Lu_HDS_ca_E,27-33_Lu_HDS_ca_E.zip,1,2,https://cloud.butterflynetwork.com/-/shared/6_p46eL0RDGsGKMbjJAzCA?region=US,0,0,0,0,0,0,0,0,0,0,0,,2,,,,,,,,,,,,,,,,,,,,,,,,,,,,,,,,,,,,,,,,,,,,,,,,,,0,,,0,0,0,0,0,0,0,0,0,0,0,0,0,0,0,0,0,,,,,,,,,,,,,,,,,,,,0,,,,,0,,,,,,,,,,,0,,,,,,,,,,,,,,,,,,,,,,,,,,,,,0,,,0,0,0,0,0,0,0,0,0,0,0,0,0,0,0,0,0,0,0,0,0,0,,,,,,,,,,,,,,,,,,,,,,,0,0,0,0,0,0,0,0,0,0,0,0,,,0,0,0,0,0,0,0,0,0,0,,,,,0,,0,0,0,0,0,0,0,0,0,0,0,0,0,0,0,0,0,0,0,0,0,0,0,0,0,0,0,0,0,0,0,0,0,0,0,0,0,0,0,0,0,0,0,0,0,0,0,0,0,0,0,0,0,0,0,0,0,0,0,0,0,0,0,0,0,0,0,0,0,0,0,0,0,0,0,0,0,0,0,0,0,0,0,0,0,0,0,0,0,0,0,0,0,0,0,0,0,0,,,0
27-34,hds,"2022-05-12 10:06",1,1,0,0,1,1,,2,17,3,,,,3,,,,,0,1,0,1,0,0,1,0,1,0,0,0,0,0,0,0,0,0,0,,7,0,,,3,,3,,7,,,,,,2,,,,1,0,0,0,0,0,0,0,0,0,0,0,0,0,,,,,,,,2,,,,2019,,0,,0,,3,4,,,3,0,0,0,0,0,0,0,0,0,0,0,0,0,,0,0,0,0,,3,,,,,,0,0,0,0,0,0,0,0,0,0,0,0,0,0,,,0,1,1,1,2021,12,0,,,0,2,,,34.6,109,151,74,24,81,,15,1,0,0,1,,2,0,0,0,2,1,,,1,1,1,1,1,1,1,1,1,0,0,0,0,0,0,0,0,0,0,0,0,0,0,0,0,0,0,0,0,0,0,0,0,0,0,0,0,0,0,0,0,0,0,0,0,0,0,0,0,0,0,0,0,0,0,0,0,0,,0,0,0,0,0,0,0,0,0,0,0,0,0,0,2,1,0,,4,2,2,1,4,,7,4,3,2,1,2,7,,1,3,2,2,1,1,2,2,,4,0,0,0,0,0,1,0,0,0,0,0,0,0,0,0,0,0,0,0,0,0,0,0,1,0,0,1,0,0,0,0,1,0,0,0,0,0,0,0,0,,,,1,,,,,1,,,0,1,1,0,0,0,0,0,0,0,0,2,1,AGOE5737NOF,,,,,1,1,1,0,0,0,0,0,0,0,0,0,0,0,0,0,,1,AGOE5362NOF,,,1,0,0,0,0,0,0,0,0,0,,0,,,,,1,AGOE5738NOF,,,0,,,,0,,,0,,,2,2,1,1652436114614.jpg,3841/22,1,0,0,1,0,0,1,1,0,0,0,0,0,0,0,0,0,0,0,,,,2,,,,,,,,,,,,,,,,,,,,,,,,,,,,0,3841.22,2022-05-12,,,2,27-34_Lu_HDS_ca_E,27-34_Lu_HDS_ca_E.zip,1,2,https://cloud.butterflynetwork.com/-/shared/W3N_yxquRLKZwo0CLWSQfg?region=US,0,0,0,0,0,0,0,0,0,0,0,,2,,,,,,,,,,,,,,,,,,,,,,,,,,,,,,,,,,,,,,,,,,,,,,,,,,0,,,0,0,0,0,0,0,0,0,0,0,0,0,0,0,0,0,0,,,,,,,,,,,,,,,,,,,,0,,,,,0,,,,,,,,,,,0,,,,,,,,,,,,,,,,,,,,,,,,,,,,,0,,,0,0,0,0,0,0,0,0,0,0,0,0,0,0,0,0,0,0,0,0,0,0,,,,,,,,,,,,,,,,,,,,,,,0,0,0,0,0,0,0,0,0,0,0,0,,,0,0,0,0,0,0,0,0,0,0,,,,,0,,0,0,0,0,0,0,0,0,0,0,0,0,0,0,0,0,0,0,0,0,0,0,0,0,0,0,0,0,0,0,0,0,0,0,0,0,0,0,0,0,0,0,0,0,0,0,0,0,0,0,0,0,0,0,0,0,0,0,0,0,0,0,0,0,0,0,0,0,0,0,0,0,0,0,0,0,0,0,0,0,0,0,0,0,0,0,0,0,0,0,0,0,0,0,0,0,0,0,,,0
27-35,hds,"2022-05-14 14:58",1,1,0,0,1,1,0,2,,3,,,,2,,,,,0,1,0,0,0,0,0,1,1,0,0,1,0,0,0,0,0,0,0,,60,1,,,,,,3,4,,,4,,,2,,,,3,0,1,0,0,0,0,1,0,0,0,0,0,0,Ceftriaxone,,1,,,,1,1,,,,,,,,,,,,,,1,0,0,0,0,0,0,0,0,0,0,0,0,0,,0,0,0,0,,0,,,,,,0,0,0,0,0,0,0,0,0,0,0,0,0,0,,,0,0,,,,,0,,,0,2,,164,36.0,101,161,75,14,85,6.8,15,0,0,0,0,,2,0,0,0,2,1,,0,,0,0,0,0,0,0,0,0,0,0,0,0,0,0,0,0,0,0,0,0,0,0,0,0,0,0,0,0,0,0,0,0,0,0,0,0,0,0,0,0,0,0,0,0,0,0,0,0,0,0,0,0,0,0,0,0,,,0,0,0,0,0,0,0,0,0,0,0,0,0,0,2,,,,,,,,,,,,,,,,,,,,,,,,0,2,,1,0,0,0,0,0,0,0,0,0,0,0,0,0,0,0,0,0,0,0,0,0,0,1,1,0,0,1,0,1,0,0,0,0,0,0,0,0,0,0,0,,,,1,,1,,,,,,0,0,1,0,0,0,0,0,0,0,0,2,1,,AGOE5561NOF,,,,1,1,1,0,0,0,0,0,0,0,0,0,0,0,0,0,,1,,AGOE5560NOF,,1,0,0,0,0,0,0,0,0,0,,0,,,,,1,,"AGOE5562NOF and MRN142490111",,0,,,,0,,,0,,,2,2,1,1652880682570.jpg,3884/22,0,,0,0,0,0,0,0,0,0,0,0,0,0,0,0,0,0,0,,,,2,,,,,,,,,,,,,,,,,,,,,,,,,,,,0,3884.22,2022-05-14,,,2,27-35_Lu_HDS_ca_E,27-35_Lu_HDS_ca_E.zip,1,2,,1,0,0,0,0,0,0,0,0,0,0,,0,,,,,,,,,,,,,,,,,,,,,,,,,,,,,,,,,,,,,,,,,,,,,,,,,,0,,,0,0,0,0,0,0,0,0,0,0,0,0,0,0,0,0,0,,,,,,,,,,,,,,,,,,,,0,,,,,0,,,,,,,,,,,0,,,,,,,,,,,,,,,,,,,,,,,,,,,,,0,,,0,0,0,0,0,0,0,0,0,0,0,0,0,0,0,0,0,0,0,0,0,0,,,,,,,,,,,,,,,,,,,,,,,0,0,0,0,0,0,0,0,0,0,0,0,,,0,0,0,0,0,0,0,0,0,0,,,,,0,,0,0,0,0,0,0,0,0,0,0,0,0,0,0,0,0,0,0,0,0,0,0,0,0,0,0,0,0,0,0,0,0,0,0,0,0,0,0,0,0,0,0,0,0,0,0,0,0,0,0,0,0,0,0,0,0,0,0,0,0,0,0,0,0,0,0,0,0,0,0,0,0,0,0,0,0,0,0,0,0,0,0,0,0,0,0,0,0,0,0,0,0,0,0,0,0,0,0,,,0
27-36,hds,"2022-05-17 13:08",1,1,0,0,1,1,,2,16,3,,,,3,,,,,0,1,0,1,0,0,0,1,0,0,1,0,0,0,0,0,0,0,0,,3,0,,,3,,,7,,,3,,,,2,,,,1,0,0,0,0,0,0,0,0,0,0,0,0,0,,,,,,,,1,,,,,,,,,,,,,,1,0,0,0,0,0,0,0,0,0,0,0,0,0,,0,0,0,0,,2,1,2022-05-18,,,,0,0,0,0,0,0,0,0,0,0,0,0,0,0,,,0,1,2,2,2021,8,0,,,0,0,,,35.2,180,101,71,20,96,,15,0,0,0,0,,5,0,0,0,2,1,,1,1,0,0,1,0,1,1,1,1,0,0,0,0,0,0,0,0,0,0,0,0,0,0,0,0,0,0,0,0,0,0,0,0,0,0,0,0,0,0,0,0,0,0,0,0,0,0,0,0,0,0,0,0,0,0,0,0,,,0,0,0,0,0,0,0,0,0,0,0,0,0,0,2,2,0,,4,1,8,1,1,2,1,8,1,1,1,2,1,8,0,,,,,,2,2,,1,0,0,0,0,0,0,0,0,0,0,0,0,0,0,0,0,0,0,0,0,0,0,0,1,0,0,1,0,0,1,0,0,0,0,0,0,0,0,0,0,,,,1,,,1,,,,,0,1,1,0,0,0,0,0,0,0,0,2,1,,AGOE5529NOF,,AGOE5864NOF,,1,1,1,0,1,0,0,0,0,0,0,0,0,0,0,0,,0,,,,0,0,0,0,0,0,0,0,0,0,,0,,,,,1,,AGOE5535NOF,,0,,,,0,,,1,AGOH0615NOF,,1,2,1,1652880603151.jpg,3904/22,1,0,0,1,0,0,0,0,0,0,0,0,0,0,0,0,0,0,0,,,,2,,,,,,,,,,,,,,,,,,,,,,,,,,,,0,3904.22,2022-05-16,,,2,27-36_Lu_HDS_ca_E,27-36_Lu_HDS_ca_E.zip,1,2,https://cloud.butterflynetwork.com/-/shared/P9Mw02icTHSH6dxys4q-Rg?region=US,0,0,0,0,0,0,0,0,0,0,0,,2,,,,,,,,,,,,,,,,,,,,,,,,,,,,,,,,,,,,,,,,,,,,,,,,,,0,,,0,0,0,0,0,0,0,0,0,0,0,0,0,0,0,0,0,,,,,,,,,,,,,,,,,,,,0,,,,,0,,,,,,,,,,,0,,,,,,,,,,,,,,,,,,,,,,,,,,,,,0,,,0,0,0,0,0,0,0,0,0,0,0,0,0,0,0,0,0,0,0,0,0,0,,,,,,,,,,,,,,,,,,,,,,,0,0,0,0,0,0,0,0,0,0,0,0,,,0,0,0,0,0,0,0,0,0,0,,,,,0,,0,0,0,0,0,0,0,0,0,0,0,0,0,0,0,0,0,0,0,0,0,0,0,0,0,0,0,0,0,0,0,0,0,0,0,0,0,0,0,0,0,0,0,0,0,0,0,0,0,0,0,0,0,0,0,0,0,0,0,0,0,0,0,0,0,0,0,0,0,0,0,0,0,0,0,0,0,0,0,0,0,0,0,0,0,0,0,0,0,0,0,0,0,0,0,0,0,0,,,0
27-37,hds,"2022-05-21 11:48",1,1,0,0,1,1,,2,6,2,,14,1,,,,,,0,0,0,0,0,0,1,1,1,0,0,0,0,0,0,0,0,0,0,,,,,,,,14,7,7,,,,,,2,,,,1,0,0,0,0,0,0,0,0,0,0,0,0,0,,,,,,,,1,,,,,,,,,,,,,,1,0,0,0,0,0,0,0,0,0,0,0,0,0,,0,0,0,0,,3,,,,,,0,0,0,0,0,0,0,0,0,0,0,0,0,0,,,0,0,,,,,0,,,0,2,59,,36.4,171,117,79,18,100,7.1,15,0,0,0,0,,3,0,0,0,2,1,,0,,0,0,0,0,0,0,0,0,0,0,0,0,0,0,0,0,0,0,0,0,0,0,0,0,0,0,0,0,0,0,0,0,0,0,0,0,0,0,0,0,0,0,0,0,0,0,0,0,0,0,0,0,0,0,0,0,,,0,0,0,0,0,0,0,0,0,0,0,0,0,0,2,1,0,,1,1,2,1,4,1,2,1,1,1,1,4,2,1,0,,,,,,2,2,,3,0,0,0,0,0,0,0,0,0,0,0,0,0,0,0,0,0,0,0,0,0,0,0,1,0,0,1,0,0,0,0,0,0,0,0,0,0,0,0,0,,,,5,,,,,,,,,0,1,0,0,0,0,0,0,0,0,2,1,AGOE5969NOF,,,,,1,1,1,0,0,0,1,0,0,0,0,0,0,0,0,0,,1,AGOH0354NOF,,,1,0,0,0,0,0,0,0,0,0,,0,,,,,1,AGOE5979NOF,,,0,,,,0,,,0,,,2,2,1,1653302480008.jpg,4082/22,1,0,0,1,0,0,1,0,0,0,0,0,0,0,0,0,0,0,0,,,,2,,,,,,,,,,,,,,,,,,,,,,,,,,,,0,4082_22,2022-05-23,,,2,27-37_Lu_HDS_ca_E,27-37_Lu_HDS_ca_E.zip,1,2,https://cloud.butterflynetwork.com/-/shared/okRHTnnFQRet7Nyi6NQOhA?region=US,0,0,0,0,0,0,0,0,0,0,0,,2,,,,,,,,,,,,,,,,,,,,,,,,,,,,,,,,,,,,,,,,,,,,,,,,,,0,,,0,0,0,0,0,0,0,0,0,0,0,0,0,0,0,0,0,,,,,,,,,,,,,,,,,,,,0,,,,,0,,,,,,,,,,,0,,,,,,,,,,,,,,,,,,,,,,,,,,,,,0,,,0,0,0,0,0,0,0,0,0,0,0,0,0,0,0,0,0,0,0,0,0,0,,,,,,,,,,,,,,,,,,,,,,,0,0,0,0,0,0,0,0,0,0,0,0,,,0,0,0,0,0,0,0,0,0,0,,,,,0,,0,0,0,0,0,0,0,0,0,0,0,0,0,0,0,0,0,0,0,0,0,0,0,0,0,0,0,0,0,0,0,0,0,0,0,0,0,0,0,0,0,0,0,0,0,0,0,0,0,0,0,0,0,0,0,0,0,0,0,0,0,0,0,0,0,0,0,0,0,0,0,0,0,0,0,0,0,0,0,0,0,0,0,0,0,0,0,0,0,0,0,0,0,0,0,0,0,0,,,0
27-38,hds,"2022-05-20 15:42",1,1,0,0,1,1,0,2,2,2,,4,1,,,,,,1,1,1,1,0,0,1,0,0,0,0,0,0,0,0,0,0,0,0,3,4,1,,3,3,,7,,,,,,,,2,,,,1,0,0,0,0,0,0,0,0,0,0,0,0,0,,,,,,,,2,,,,2004,,0,,0,,3,5,,,1,0,0,0,0,0,0,0,0,0,0,0,0,0,,0,0,0,0,,1,387,2022-05-20,,,2,0,0,0,0,0,0,0,0,0,0,0,0,0,0,,,0,1,1,1,2021,10,0,,,0,2,49,165,36,124,99,53,18,97,8.4,15,0,0,1,1,17.99816345270891,2,0,0,1,2,1,,1,1,0,0,0,0,0,0,0,0,0,0,0,0,0,0,0,0,1,1,1,0,0,0,0,0,0,0,0,0,1,1,0,0,0,1,1,1,0,0,0,0,0,0,0,0,0,0,0,0,0,0,0,0,0,0,0,0,0,,0,0,0,0,0,0,0,0,0,0,0,0,0,0,2,2,0,,3,2,5,1,5,3,2,3,3,2,1,5,5,5,0,,,,,,2,2,,3,0,0,0,0,0,1,0,0,0,0,0,0,0,0,0,0,0,0,0,0,0,0,0,1,0,0,1,0,0,0,0,0,0,0,0,0,0,0,0,0,,,,5,,,,,,,,0,0,1,0,0,0,0,0,0,0,0,2,1,,AGOH0895NOF,,,,1,1,1,0,1,0,1,0,0,0,0,0,0,0,0,0,,1,AGOH0898NOF,,,1,0,0,0,0,0,0,0,0,0,,0,,,,,1,,AGOH0898NOF,,0,,,,0,,,0,,,0,2,1,1653302316361.jpg,4064/22,1,0,0,1,0,0,1,0,0,0,0,0,0,0,0,0,0,0,0,,,,2,,,,,,,,,,,,,,,,,,,,,,,,,,,,0,"4064_22 (PA)",2022-05-20,,,2,27-38_Lu_HDS_ca_E,27-38_Lu_HDS_ca_E.zip,1,2,https://cloud.butterflynetwork.com/-/shared/Pp8fWJ5XSE2aJyFY8zne3Q?region=US,0,0,0,0,0,0,0,0,0,0,0,,2,,,,,,,,,,,,,,,,,,,,,,,,,,,,,,,,,,,,,,,,,,,,,,,,,,0,,,0,0,0,0,0,0,0,0,0,0,0,0,0,0,0,0,0,,,,,,,,,,,,,,,,,,,,0,,,,,0,,,,,,,,,,,0,,,,,,,,,,,,,,,,,,,,,,,,,,,,,0,,,0,0,0,0,0,0,0,0,0,0,0,0,0,0,0,0,0,0,0,0,0,0,,,,,,,,,,,,,,,,,,,,,,,0,0,0,0,0,0,0,0,0,0,0,0,,,0,0,0,0,0,0,0,0,0,0,,,,,0,,0,0,0,0,0,0,0,0,0,0,0,0,0,0,0,0,0,0,0,0,0,0,0,0,0,0,0,0,0,0,0,0,0,0,0,0,0,0,0,0,0,0,0,0,0,0,0,0,0,0,0,0,0,0,0,0,0,0,0,0,0,0,0,0,0,0,0,0,0,0,0,0,0,0,0,0,0,0,0,0,0,0,0,0,0,0,0,0,0,0,0,0,0,0,0,0,0,0,,,0
27-39,hds,"2022-05-23 12:04",1,1,0,0,1,1,0,2,16,2,,28,1,,,,,,0,0,1,1,0,1,1,1,0,0,0,0,0,0,0,0,0,0,0,,,,112,14,42,,7,14,,,,,,,2,,,,1,0,0,0,0,0,0,0,0,0,0,0,0,0,,,,,,,,2,,,,2016,,0,,,,3,5,,,3,0,0,0,0,0,0,0,0,0,0,0,0,0,,0,0,0,0,,1,,,,,2,0,0,0,0,0,0,0,0,0,0,0,0,0,0,,,0,0,,,,,0,,,0,0,46,,36.3,145,167,85,20,84,15,15,0,0,0,0,,2,0,0,0,2,1,,1,1,0,0,0,0,1,1,1,1,0,0,0,0,0,0,0,0,0,0,1,1,1,1,0,0,0,0,0,0,0,0,0,0,0,0,0,0,0,0,0,0,0,0,0,0,0,0,0,0,0,0,0,0,0,0,0,0,0,,0,0,0,0,0,0,0,0,0,0,0,0,0,0,2,2,0,,5,2,,5,3,,2,,3,3,1,5,5,5,0,,,,,,2,2,,3,0,0,0,0,0,0,0,0,0,1,0,0,0,0,0,0,0,0,0,0,0,0,0,1,0,0,1,0,1,0,0,1,0,0,0,0,0,0,0,0,,,,5,,1,,,3,,,0,0,1,0,0,0,0,0,0,0,0,2,1,,AGOH0375NOF,,,,1,1,1,0,1,0,0,0,0,0,0,0,0,0,0,0,,1,AGOH0355NOF,,,1,0,0,0,0,0,0,0,0,0,,0,,,,,1,,AGOH0168NOF,,0,,,,0,,,0,,,2,2,1,1653484807219.jpg,4147/22,1,0,1,1,0,0,1,0,0,0,0,0,1,0,0,0,0,0,0,,,,2,,,,,,,,,,,,,,,,,,,,,,,,,,,,0,"4147_22 (PA)",2022-05-25,,,2,27-39_Lu_HDS_ca_E,27-39_Lu_HDS_ca_E.zip,1,2,https://cloud.butterflynetwork.com/-/shared/E6Wj1aymTF2ScsGYuQwcgQ?region=US,0,0,0,0,0,0,0,0,0,0,0,,2,,,,,,,,,,,,,,,,,,,,,,,,,,,,,,,,,,,,,,,,,,,,,,,,,,0,,,0,0,0,0,0,0,0,0,0,0,0,0,0,0,0,0,0,,,,,,,,,,,,,,,,,,,,0,,,,,0,,,,,,,,,,,0,,,,,,,,,,,,,,,,,,,,,,,,,,,,,0,,,0,0,0,0,0,0,0,0,0,0,0,0,0,0,0,0,0,0,0,0,0,0,,,,,,,,,,,,,,,,,,,,,,,0,0,0,0,0,0,0,0,0,0,0,0,,,0,0,0,0,0,0,0,0,0,0,,,,,0,,0,0,0,0,0,0,0,0,0,0,0,0,0,0,0,0,0,0,0,0,0,0,0,0,0,0,0,0,0,0,0,0,0,0,0,0,0,0,0,0,0,0,0,0,0,0,0,0,0,0,0,0,0,0,0,0,0,0,0,0,0,0,0,0,0,0,0,0,0,0,0,0,0,0,0,0,0,0,0,0,0,0,0,0,0,0,0,0,0,0,0,0,0,0,0,0,0,0,,,0
27-40,hds,"2022-05-24 09:39",1,1,0,0,1,1,,2,6,2,,42,1,,,,,,0,0,1,1,0,1,0,1,1,0,0,0,0,0,0,0,0,0,0,,,,42,7,7,,,30,7,,,,,,2,,,,1,0,0,0,0,0,0,0,0,0,0,0,0,0,,,,,,,,1,,,,,,,,,,,,,,3,0,0,0,0,0,0,0,0,0,0,0,0,0,,0,0,0,0,,1,,,,,1,0,0,0,0,0,0,0,0,0,0,0,0,0,0,,,0,1,2,2,2021,12,0,,,0,0,,165,37.4,132,143,86,16,86,18.5,15,0,0,0,0,,2,0,0,0,2,1,,1,1,1,0,1,0,1,0,1,0,0,0,0,0,0,0,0,0,0,0,0,0,0,0,0,0,0,0,0,0,0,0,0,0,0,1,0,1,0,0,0,0,0,0,0,1,0,1,0,0,0,0,0,0,0,0,0,0,0,,0,0,0,0,0,0,0,0,0,0,0,0,0,0,2,2,0,,4,4,1,1,4,1,5,1,1,1,1,1,1,1,0,,,,,,2,2,,3,0,0,0,0,0,0,0,0,0,0,0,0,0,0,0,0,0,0,0,0,0,0,0,1,0,0,1,0,0,0,0,1,0,0,0,0,0,0,0,0,,,,1,,,,,3,,,1,1,1,0,0,0,0,0,0,0,0,2,1,AGOH0124NOF,,,,,1,1,1,0,1,1,0,0,0,1,0,0,0,0,0,0,ESR,1,AGOH0121NOF,,,1,0,0,0,0,0,0,0,0,0,,0,,,,,1,AGOH0123NOF,,,0,,,,0,,,0,,,2,2,1,1653560340131.jpg,4159/22,1,0,0,1,0,0,1,0,0,0,1,0,0,0,0,0,0,0,0,,,,2,,,,,,,,,,,,,,,,,,,,,,,,,,,,0,"4159_22 (PA)",2022-05-26,,,2,27-40_Lu_HDS_ca_E,27-40_Lu_HDS_ca_E.zip,1,2,https://cloud.butterflynetwork.com/-/shared/GApmnLdhSyqLTy4uBEG-4w?region=US,0,0,0,0,0,0,0,0,0,0,0,,2,,,,,,,,,,,,,,,,,,,,,,,,,,,,,,,,,,,,,,,,,,,,,,,,,,0,,,0,0,0,0,0,0,0,0,0,0,0,0,0,0,0,0,0,,,,,,,,,,,,,,,,,,,,0,,,,,0,,,,,,,,,,,0,,,,,,,,,,,,,,,,,,,,,,,,,,,,,0,,,0,0,0,0,0,0,0,0,0,0,0,0,0,0,0,0,0,0,0,0,0,0,,,,,,,,,,,,,,,,,,,,,,,0,0,0,0,0,0,0,0,0,0,0,0,,,0,0,0,0,0,0,0,0,0,0,,,,,0,,0,0,0,0,0,0,0,0,0,0,0,0,0,0,0,0,0,0,0,0,0,0,0,0,0,0,0,0,0,0,0,0,0,0,0,0,0,0,0,0,0,0,0,0,0,0,0,0,0,0,0,0,0,0,0,0,0,0,0,0,0,0,0,0,0,0,0,0,0,0,0,0,0,0,0,0,0,0,0,0,0,0,0,0,0,0,0,0,0,0,0,0,0,0,0,0,0,0,,,0
27-41,hds,"2022-05-24 11:56",1,1,0,0,1,1,,2,6,2,,3,1,,,,,,0,0,0,1,0,0,0,1,1,0,0,0,0,0,0,0,0,0,0,,,,,,3,,,2,2,,,,,,2,,,,1,0,0,0,0,0,0,0,0,0,0,0,0,0,,,,,,,,1,,,,,,,,,,,,,,1,0,0,0,0,0,0,0,0,0,0,0,0,0,,0,1,0,0,,1,,,,,2,0,0,0,0,0,0,0,0,0,0,0,0,0,0,,,0,1,1,1,2021,9,0,,,0,2,69,,36.4,162,139,82,20,99,6.9,15,0,0,0,0,,1,0,0,0,2,1,,0,1,1,1,0,0,0,0,0,0,0,0,0,0,0,0,0,0,0,0,0,0,0,0,0,0,0,0,0,0,0,0,0,0,0,0,0,0,0,0,0,0,0,0,0,0,0,0,0,0,0,0,0,0,0,0,0,0,0,,0,0,0,0,0,0,0,0,0,0,0,0,0,0,2,1,0,,1,1,1,1,1,1,1,5,1,1,1,1,1,1,0,,,,,,2,2,,3,0,0,0,0,0,0,0,0,0,0,0,0,0,1,0,0,0,0,0,0,0,0,0,1,0,0,0,0,0,0,0,0,1,0,0,0,0,0,0,0,,,,,,,,,,3,,0,0,1,0,0,0,0,0,0,0,0,2,1,,AGOH0901NOF,,,,1,1,1,0,0,0,0,0,0,1,0,0,0,0,0,0,IRN,1,AGOH0627NOF,,,1,0,0,0,0,0,0,0,0,0,,0,,,,,1,,AGOH0902NOF,,0,,,,0,,,0,,,2,2,1,1653474142460.jpg,4128/22,0,,0,0,0,0,0,0,0,0,0,0,0,0,0,0,0,0,0,,,,2,,,,,,,,,,,,,,,,,,,,,,,,,,,,0,"4128_22 (PA)",2022-05-25,,,2,27-41_Lu_HDS_ca_E,27-41_Lu_HDS_ca_E.zip,1,2,https://cloud.butterflynetwork.com/-/shared/Eq2huOvvTSyFTDJm-4mTtw?region=US,0,0,0,0,0,0,0,0,0,0,0,,2,,,,,,,,,,,,,,,,,,,,,,,,,,,,,,,,,,,,,,,,,,,,,,,,,,0,,,0,0,0,0,0,0,0,0,0,0,0,0,0,0,0,0,0,,,,,,,,,,,,,,,,,,,,0,,,,,0,,,,,,,,,,,0,,,,,,,,,,,,,,,,,,,,,,,,,,,,,0,,,0,0,0,0,0,0,0,0,0,0,0,0,0,0,0,0,0,0,0,0,0,0,,,,,,,,,,,,,,,,,,,,,,,0,0,0,0,0,0,0,0,0,0,0,0,,,0,0,0,0,0,0,0,0,0,0,,,,,0,,0,0,0,0,0,0,0,0,0,0,0,0,0,0,0,0,0,0,0,0,0,0,0,0,0,0,0,0,0,0,0,0,0,0,0,0,0,0,0,0,0,0,0,0,0,0,0,0,0,0,0,0,0,0,0,0,0,0,0,0,0,0,0,0,0,0,0,0,0,0,0,0,0,0,0,0,0,0,0,0,0,0,0,0,0,0,0,0,0,0,0,0,0,0,0,0,0,0,,,0
27-42,hds,"2022-05-24 10:42",1,1,0,0,1,1,0,2,14,2,,5,1,,,,,,0,0,0,1,0,0,0,1,1,0,1,0,0,0,0,0,0,0,0,,,,,,3,,,3,3,,4,,,,2,,,,1,0,0,0,0,0,0,0,0,0,0,0,0,0,,,,,,,,1,,,,,,,,,,,,,,1,0,0,0,0,0,0,0,0,0,0,0,0,0,,0,0,0,0,,1,28,2022-05-25,,,2,0,0,0,0,0,0,0,0,0,0,0,0,0,0,,,0,0,,,,,0,,,0,2,54,168,36.3,,105,73,20,97,5.4,15,0,0,0,0,19.132653061224488,4,1,1,0,2,1,,1,0,0,0,0,0,0,0,0,0,0,0,0,0,0,0,0,0,0,0,0,0,0,0,0,0,0,0,0,0,0,0,0,0,0,0,0,0,0,0,0,0,0,0,0,0,0,0,0,0,0,0,0,0,0,0,0,0,,,0,0,0,0,0,0,0,0,0,0,0,0,0,0,2,2,0,,3,1,1,1,4,2,1,1,1,4,1,4,4,1,0,,,,,,2,2,,5,0,0,1,0,0,0,0,0,0,0,0,0,0,0,0,0,0,0,0,0,0,0,0,1,0,0,1,0,1,1,0,0,0,0,0,0,0,0,0,0,,,,1,,1,1,,,,,0,0,1,0,0,0,0,0,0,0,0,2,1,AGOE5993NOF,,AGOH0623NOF,,,1,1,1,0,1,1,1,0,0,1,0,0,0,0,0,0,ESR,1,AGOH0626NOF,,,1,0,0,0,0,0,0,0,0,0,,0,,,,,1,,AGOE5993,,0,,,,1,AGOH0395NOF,1653570144415.jpg,0,,,2,2,1,1653560446241.jpg,4180/22,,,0,0,0,0,0,0,0,0,0,0,0,0,0,0,0,0,0,,,,2,,,,,,,,,,,,,,,,,,,,,,,,,,,,0,4180_22,2022-05-26,,,2,27-42_Lu_HDS_ca_E,27-42_Lu_HDS_ca_E.zip,1,2,https://cloud.butterflynetwork.com/-/shared/Wq7Yldj2TVao4j3lXTynWQ?region=US,0,0,0,0,0,0,0,0,0,0,0,,2,,,,,,,,,,,,,,,,,,,,,,,,,,,,,,,,,,,,,,,,,,,,,,,,,,0,,,0,0,0,0,0,0,0,0,0,0,0,0,0,0,0,0,0,,,,,,,,,,,,,,,,,,,,0,,,,,0,,,,,,,,,,,0,,,,,,,,,,,,,,,,,,,,,,,,,,,,,0,,,0,0,0,0,0,0,0,0,0,0,0,0,0,0,0,0,0,0,0,0,0,0,,,,,,,,,,,,,,,,,,,,,,,0,0,0,0,0,0,0,0,0,0,0,0,,,0,0,0,0,0,0,0,0,0,0,,,,,0,,0,0,0,0,0,0,0,0,0,0,0,0,0,0,0,0,0,0,0,0,0,0,0,0,0,0,0,0,0,0,0,0,0,0,0,0,0,0,0,0,0,0,0,0,0,0,0,0,0,0,0,0,0,0,0,0,0,0,0,0,0,0,0,0,0,0,0,0,0,0,0,0,0,0,0,0,0,0,0,0,0,0,0,0,0,0,0,0,0,0,0,0,0,0,0,0,0,0,,,0
27-43,hds,"2022-05-31 10:01",1,1,0,0,1,1,0,2,6,2,,1,0,,,,,,1,0,0,1,0,0,1,1,0,0,0,0,0,0,0,0,0,0,0,1,,,,,1,,1,1,,,,,,,2,,,,1,0,0,0,0,0,0,0,0,0,0,0,0,0,,,,,,,,1,,,,,,,,,,,,,,1,0,0,0,0,0,0,0,0,0,0,0,0,0,,0,0,0,0,,2,,,,,,0,0,0,0,0,0,0,0,0,0,0,0,0,0,,,0,0,,,,,0,,,0,2,61,178,37,118,92,54,20,,5.6,15,0,0,1,1,19.252619618735007,1,0,0,0,2,1,,0,,0,0,0,0,0,0,0,0,0,0,0,0,0,0,0,0,0,0,0,0,0,0,0,0,0,0,0,0,0,0,0,0,0,0,0,0,0,0,0,0,0,0,0,0,0,0,0,0,0,0,0,0,0,0,0,0,,,0,0,0,0,0,0,0,0,0,0,0,0,0,0,2,1,0,,4,1,4,1,5,2,4,4,4,1,5,4,5,4,0,,,,,,2,2,,3,0,0,0,0,0,0,0,0,0,0,0,0,0,0,0,0,0,0,0,0,0,0,0,1,0,0,1,0,0,0,0,1,0,0,0,0,0,0,0,0,,,,1,,,,,1,,,0,0,1,0,0,0,0,0,0,0,0,2,1,,AGOH1683NOF,,,,1,1,1,1,1,1,0,0,0,0,0,0,0,0,0,0,,1,AGOH1679NOF,,,1,0,0,0,0,0,0,0,0,0,,0,,,,,1,AGOH1682NOF,,,0,,,,0,,,0,,,2,2,1,1654003324631.jpg,4293/22,1,0,0,0,0,0,1,0,0,0,1,0,0,0,0,0,0,0,0,,,,2,,,,,,,,,,,,,,,,,,,,,,,,,,,,0,"4293_22 (PA)",2022-05-31,"27-43 - 4293_22 (Lateral)",,2,27-43_Lu_HDS_ca_E,27-43_Lu_HDS_ca_E.zip,1,2,https://cloud.butterflynetwork.com/-/shared/WmvqZ9WVR5SIhoSqaCtnTQ?region=US,0,0,0,0,0,0,0,0,0,0,0,,2,,,,,,,,,,,,,,,,,,,,,,,,,,,,,,,,,,,,,,,,,,,,,,,,,,0,,,0,0,0,0,0,0,0,0,0,0,0,0,0,0,0,0,0,,,,,,,,,,,,,,,,,,,,0,,,,,0,,,,,,,,,,,0,,,,,,,,,,,,,,,,,,,,,,,,,,,,,0,,,0,0,0,0,0,0,0,0,0,0,0,0,0,0,0,0,0,0,0,0,0,0,,,,,,,,,,,,,,,,,,,,,,,0,0,0,0,0,0,0,0,0,0,0,0,,,0,0,0,0,0,0,0,0,0,0,,,,,0,,0,0,0,0,0,0,0,0,0,0,0,0,0,0,0,0,0,0,0,0,0,0,0,0,0,0,0,0,0,0,0,0,0,0,0,0,0,0,0,0,0,0,0,0,0,0,0,0,0,0,0,0,0,0,0,0,0,0,0,0,0,0,0,0,0,0,0,0,0,0,0,0,0,0,0,0,0,0,0,0,0,0,0,0,0,0,0,0,0,0,0,0,0,0,0,0,0,0,,,0
27-44,hds,"2022-06-01 02:08",1,1,0,0,1,1,0,2,6,3,,,,7,,,,,0,1,0,1,0,0,0,0,0,0,0,0,0,0,0,0,0,0,0,,1,0,,,7,,,,,,,,,,2,,,,2,0,1,0,0,0,0,0,0,0,0,0,0,0,,,5,,,,,1,,,,,,,,,,,,,,1,0,0,0,0,0,0,0,0,0,0,0,0,0,,0,0,0,0,,2,,,,,,0,0,0,0,0,0,0,0,0,0,0,0,0,0,,,0,1,1,1,2021,11,0,,,0,2,55,,35.4,121,104,56,20,93,6.4,15,0,0,0,0,,2,0,0,0,2,1,,1,1,0,0,0,0,0,0,0,0,0,0,0,0,0,0,0,0,0,0,0,1,1,1,0,0,0,0,0,0,1,1,0,0,0,1,0,0,0,0,0,0,0,0,0,0,1,1,0,0,0,0,0,0,0,0,0,0,0,,0,0,0,0,0,0,0,0,0,0,0,0,0,0,2,2,0,,1,4,2,1,1,1,2,,4,,5,1,4,4,0,,,,,,2,2,,6,0,0,0,0,0,0,0,0,0,0,0,0,0,0,0,0,0,0,0,0,0,0,0,1,0,0,1,0,0,0,0,1,0,0,0,0,0,0,0,0,,,,5,,,,,3,,,0,0,1,0,0,0,0,0,0,0,0,2,1,,AGOH0254NOF,,,,1,1,1,0,0,0,0,0,0,0,0,0,0,0,0,0,,1,AGOH1568NOF,,,1,1,0,0,0,0,0,0,0,0,,0,,,,,1,,AGOH0255NOF,,0,,,,0,,,0,,,2,2,1,1654082320290.jpg,4326/22,1,0,0,1,0,0,1,0,0,0,0,0,0,0,0,0,0,0,0,1,3945/22,,2,,,,,,,,,,,,,,,,,,,,,,,,,,,,0,4326_22,2022-06-01,,,2,27-44_Lu_HDS_ca_E,27-44_Lu_HDS_ca_E.zip,1,2,https://cloud.butterflynetwork.com/-/shared/QKbKnj2bSeGG8AGmtXP6lA?region=US,0,0,0,0,0,0,0,0,0,0,0,,2,,,,,,,,,,,,,,,,,,,,,,,,,,,,,,,,,,,,,,,,,,,,,,,,,,0,,,0,0,0,0,0,0,0,0,0,0,0,0,0,0,0,0,0,,,,,,,,,,,,,,,,,,,,0,,,,,0,,,,,,,,,,,0,,,,,,,,,,,,,,,,,,,,,,,,,,,,,0,,,0,0,0,0,0,0,0,0,0,0,0,0,0,0,0,0,0,0,0,0,0,0,,,,,,,,,,,,,,,,,,,,,,,0,0,0,0,0,0,0,0,0,0,0,0,,,0,0,0,0,0,0,0,0,0,0,,,,,0,,0,0,0,0,0,0,0,0,0,0,0,0,0,0,0,0,0,0,0,0,0,0,0,0,0,0,0,0,0,0,0,0,0,0,0,0,0,0,0,0,0,0,0,0,0,0,0,0,0,0,0,0,0,0,0,0,0,0,0,0,0,0,0,0,0,0,0,0,0,0,0,0,0,0,0,0,0,0,0,0,0,0,0,0,0,0,0,0,0,0,0,0,0,0,0,0,0,0,,,0
27-45,hds,"2022-06-02 11:30",1,1,0,0,1,1,,2,6,3,,,,6,,,,,1,1,0,1,0,1,1,1,1,0,0,0,0,0,0,0,0,0,0,5,7,1,30,,7,,7,30,5,,,,,,2,,,,1,0,0,0,0,0,0,0,0,0,0,0,0,0,,,,,,,,1,,,,,,,,,,,,,,1,0,0,0,0,0,0,0,0,0,0,0,0,0,,0,0,0,0,,1,11,2021-01-19,,,1,0,0,0,0,0,0,0,0,0,0,0,0,0,0,,,0,0,,,,,0,,,0,0,,,36.3,145,112,55,20,96,6.2,15,0,0,0,0,,2,0,0,0,2,1,,0,,0,0,0,0,0,0,0,0,0,0,0,0,0,0,0,0,0,0,0,0,0,0,0,0,0,0,0,0,0,0,0,0,0,0,0,0,0,0,0,0,0,0,0,0,0,0,0,0,0,0,0,0,0,0,0,0,,,0,0,0,0,0,0,0,0,0,0,0,0,0,0,2,1,0,,4,1,1,1,4,1,4,1,5,4,1,4,4,4,0,,,,,,2,2,,6,0,0,1,0,0,0,0,0,0,0,0,0,0,0,0,0,0,0,0,0,0,0,0,1,0,0,1,0,0,0,0,0,0,0,0,0,0,0,0,0,,,,6,,,,,,,,0,0,1,0,0,0,0,0,0,0,0,2,1,,AGOH0287NOF,,,,1,1,1,0,0,0,0,0,0,0,0,0,0,0,0,0,,1,,AGOH0289NOF,,1,0,0,0,0,0,0,0,0,0,,0,,,,,1,,AGOH0288NOF,,0,,,,0,,,0,,,2,2,1,1654258418353.jpg,4400/22,0,,0,0,0,0,0,0,0,0,0,0,0,0,0,0,0,0,0,0,,,2,,,,,,,,,,,,,,,,,,,,,,,,,,,,0,"4400_22 (PA)",2022-06-03,,,2,27-45_Lu_HDS_ca_E,27-45_Lu_HDS_ca_E.zip,1,2,https://cloud.butterflynetwork.com/-/shared/hXfPqLp4SRK5b1hlpY7Ryw?region=US,0,0,0,0,0,0,0,0,0,0,0,,2,,,,,,,,,,,,,,,,,,,,,,,,,,,,,,,,,,,,,,,,,,,,,,,,,,0,,,0,0,0,0,0,0,0,0,0,0,0,0,0,0,0,0,0,,,,,,,,,,,,,,,,,,,,0,,,,,0,,,,,,,,,,,0,,,,,,,,,,,,,,,,,,,,,,,,,,,,,0,,,0,0,0,0,0,0,0,0,0,0,0,0,0,0,0,0,0,0,0,0,0,0,,,,,,,,,,,,,,,,,,,,,,,0,0,0,0,0,0,0,0,0,0,0,0,,,0,0,0,0,0,0,0,0,0,0,,,,,0,,0,0,0,0,0,0,0,0,0,0,0,0,0,0,0,0,0,0,0,0,0,0,0,0,0,0,0,0,0,0,0,0,0,0,0,0,0,0,0,0,0,0,0,0,0,0,0,0,0,0,0,0,0,0,0,0,0,0,0,0,0,0,0,0,0,0,0,0,0,0,0,0,0,0,0,0,0,0,0,0,0,0,0,0,0,0,0,0,0,0,0,0,0,0,0,0,0,0,,,0
27-46,hds,"2022-06-01 15:40",1,1,0,0,1,1,,2,17,3,,,,2,,,,,0,1,0,1,0,0,1,0,0,0,0,0,0,0,0,0,0,0,0,,5,0,,,5,,5,,,,,,,,2,,,,1,0,0,0,0,0,0,0,0,0,0,0,0,0,,,,,,,,4,05/2022,2,,,,0,,1,,,,,,2,0,0,0,0,0,0,0,0,0,0,0,0,0,,0,1,0,0,,2,,,,,,0,0,0,0,0,0,0,0,0,0,0,0,0,0,,,0,0,,,,,0,,,0,2,71,165,36.1,98,120,88,28,100,6.8,14,1,1,0,2,26.078971533516988,2,0,0,0,2,1,,1,1,0,0,0,0,0,1,1,1,0,0,0,0,0,0,1,1,1,1,1,0,0,0,0,0,0,0,0,0,0,0,0,0,0,0,0,0,0,0,0,0,0,0,0,0,0,0,0,0,0,0,0,0,0,0,0,0,0,,0,0,0,0,0,0,0,0,0,0,0,0,0,0,2,2,0,,4,5,5,1,5,5,7,4,5,4,1,5,4,5,1,2,1,,1,,2,2,,5,0,0,0,0,0,0,0,0,0,0,0,1,0,0,0,0,0,0,0,0,0,0,1,1,0,0,1,0,0,0,0,0,0,0,0,0,0,0,0,0,,,,1,,,,,,,,0,1,1,0,0,0,0,0,0,0,0,2,1,,AGOG6699NOF,,,,1,1,1,0,0,0,0,0,0,0,0,0,0,0,0,0,,1,,AGOC7285NOF,,1,0,0,0,0,0,0,0,0,0,,0,,,,,1,,AGOG6698NOF,,0,,,,0,,,0,,,2,2,1,MF750.HEIC,4478/22,0,,0,0,0,0,0,0,0,0,0,0,0,0,0,0,0,0,0,1,3829/22,,2,,,,,,,,,,,,,,,,,,,,,,,,,,,,0,"4478_22 (PA)",2022-06-07,,,2,,,,0,https://cloud.butterflynetwork.com/-/shared/0inYmSyASQ6_xAJdLjpJHQ?region=US,0,0,0,0,0,0,0,0,0,0,0,,2,,,,,,,,,,,,,,,,,,,,,,,,,,,,,,,,,,,,,,,,,,,,,,,,,,0,,,0,0,0,0,0,0,0,0,0,0,0,0,0,0,0,0,0,,,,,,,,,,,,,,,,,,,,0,,,,,0,,,,,,,,,,,0,,,,,,,,,,,,,,,,,,,,,,,,,,,,,0,,,0,0,0,0,0,0,0,0,0,0,0,0,0,0,0,0,0,0,0,0,0,0,,,,,,,,,,,,,,,,,,,,,,,0,0,0,0,0,0,0,0,0,0,0,0,,,0,0,0,0,0,0,0,0,0,0,,,,,0,,0,0,0,0,0,0,0,0,0,0,0,0,0,0,0,0,0,0,0,0,0,0,0,0,0,0,0,0,0,0,0,0,0,0,0,0,0,0,0,0,0,0,0,0,0,0,0,0,0,0,0,0,0,0,0,0,0,0,0,0,0,0,0,0,0,0,0,0,0,0,0,0,0,0,0,0,0,0,0,0,0,0,0,0,0,0,0,0,0,0,0,0,0,0,0,0,0,0,,,0
27-47,hds,"2022-06-03 10:31",1,1,0,0,1,1,0,2,6,2,,4,0,,,,,,0,0,0,1,0,0,0,1,1,0,1,0,0,0,0,0,0,0,0,,,,,,2,,,14,21,,21,,,,2,,,,1,0,0,0,0,0,0,0,0,0,0,0,0,0,,,,,,,,1,,,,,,,,,,,,,,1,0,0,0,0,0,0,0,0,0,0,0,0,0,,0,0,0,0,,1,7,2022-01-04,63900,2022-01-06,1,0,0,0,0,0,0,0,0,0,0,0,0,0,0,,,0,0,,,,,0,,,0,2,,,37.4,91,83,51,18,98,7.9,15,0,0,1,1,,3,0,0,0,2,1,,0,,0,0,0,0,0,0,0,0,0,0,0,0,0,0,0,0,0,0,0,0,0,0,0,0,0,0,0,0,0,0,0,0,0,0,0,0,0,0,0,0,0,0,0,0,0,0,0,0,0,0,0,0,0,0,0,0,,,0,0,0,0,0,0,0,0,0,0,0,0,0,0,2,1,0,,1,1,4,1,4,1,1,1,1,5,1,1,4,1,0,,,,,,2,2,,6,0,0,0,0,0,0,0,0,0,0,0,0,0,0,0,0,0,0,0,0,0,0,0,1,0,0,0,0,1,0,0,1,0,0,0,0,0,0,0,0,,,,,,1,,,3,,,0,0,1,0,0,0,0,0,0,0,0,2,1,AGOG6663NOF,,,,,1,1,1,0,0,0,1,0,0,0,0,0,0,0,0,0,,1,AGOH1592NOF,,,1,0,0,0,0,0,0,0,0,0,,0,,,,,1,AGOG6662NOF,,,0,,,,0,,,0,,,2,2,1,1654258536294.jpg,4409/22,0,,0,0,0,0,0,0,0,0,0,0,0,0,0,0,0,0,0,0,,,2,,,,,,,,,,,,,,,,,,,,,,,,,,,,0,4409_22,2022-06-03,,,2,27-47_Lu_HDS_ca_E,27-47_Lu_HDS_ca_E.zip,0,2,https://cloud.butterflynetwork.com/-/shared/awyjTNtnR96rokdl0UOx1A?region=US,0,0,0,0,0,0,0,0,0,0,0,,2,,,,,,,,,,,,,,,,,,,,,,,,,,,,,,,,,,,,,,,,,,,,,,,,,,0,,,0,0,0,0,0,0,0,0,0,0,0,0,0,0,0,0,0,,,,,,,,,,,,,,,,,,,,0,,,,,0,,,,,,,,,,,0,,,,,,,,,,,,,,,,,,,,,,,,,,,,,0,,,0,0,0,0,0,0,0,0,0,0,0,0,0,0,0,0,0,0,0,0,0,0,,,,,,,,,,,,,,,,,,,,,,,0,0,0,0,0,0,0,0,0,0,0,0,,,0,0,0,0,0,0,0,0,0,0,,,,,0,,0,0,0,0,0,0,0,0,0,0,0,0,0,0,0,0,0,0,0,0,0,0,0,0,0,0,0,0,0,0,0,0,0,0,0,0,0,0,0,0,0,0,0,0,0,0,0,0,0,0,0,0,0,0,0,0,0,0,0,0,0,0,0,0,0,0,0,0,0,0,0,0,0,0,0,0,0,0,0,0,0,0,0,0,0,0,0,0,0,0,0,0,0,0,0,0,0,0,,,0
27-48,hds,"2022-06-07 22:23",1,1,0,0,1,1,,2,17,2,,2,1,,,,,,0,0,1,0,0,0,0,1,1,0,1,0,0,0,0,0,0,0,0,,,,,1,,,,1,2,,1,,,,2,,,,1,0,0,0,0,0,0,0,0,0,0,0,0,0,,,,,,,,1,,,,,,,,,,,,,,1,0,0,0,0,0,0,0,0,0,0,0,0,0,,0,0,0,0,,3,,,,,,0,0,0,0,0,0,0,0,0,0,0,0,0,0,,,0,1,1,2,2022,4,0,,,0,2,,,35.0,108,128,88,24,75,9.5,15,1,0,0,1,,1,0,0,0,2,1,,1,1,0,0,0,0,0,0,0,0,0,0,0,0,0,0,0,0,0,0,0,0,0,0,0,0,0,0,0,0,0,0,0,0,0,0,0,0,0,0,0,0,0,0,1,1,1,1,1,1,1,0,0,0,0,0,0,0,0,,0,0,0,0,0,0,0,0,0,0,0,0,0,0,2,1,0,,4,5,4,4,4,4,4,1,4,4,1,1,4,4,0,,,,,,2,2,,6,0,0,0,0,0,0,0,0,0,0,0,0,0,0,0,0,0,0,0,0,0,0,0,1,0,0,0,0,1,0,0,1,0,0,0,0,0,0,0,0,,,,,,1,,,3,,,0,1,1,0,0,0,0,0,0,0,0,2,1,AGOG6937NOF,,,,,1,1,1,0,0,0,0,0,0,0,0,0,0,0,0,0,,1,AGOG6172NOF,,,1,0,0,0,0,0,0,0,0,0,,0,,,,,1,AGOG6936NOF,,,0,,,,0,,,0,,,2,2,1,1654774421435.jpg,4557/22,0,,0,0,0,0,0,0,0,0,0,0,0,0,0,0,0,0,0,0,,,2,,,,,,,,,,,,,,,,,,,,,,,,,,,,0,4557_22,2022-06-09,,,2,27-48_Lu_HDS_ca_E,27-48_Lu_HDS_ca_E.zip,1,2,https://cloud.butterflynetwork.com/-/shared/tKrjBDiLQii_dldQi4Bgtw?region=US,0,0,0,0,0,0,0,0,0,0,0,,2,,,,,,,,,,,,,,,,,,,,,,,,,,,,,,,,,,,,,,,,,,,,,,,,,,0,,,0,0,0,0,0,0,0,0,0,0,0,0,0,0,0,0,0,,,,,,,,,,,,,,,,,,,,0,,,,,0,,,,,,,,,,,0,,,,,,,,,,,,,,,,,,,,,,,,,,,,,0,,,0,0,0,0,0,0,0,0,0,0,0,0,0,0,0,0,0,0,0,0,0,0,,,,,,,,,,,,,,,,,,,,,,,0,0,0,0,0,0,0,0,0,0,0,0,,,0,0,0,0,0,0,0,0,0,0,,,,,0,,0,0,0,0,0,0,0,0,0,0,0,0,0,0,0,0,0,0,0,0,0,0,0,0,0,0,0,0,0,0,0,0,0,0,0,0,0,0,0,0,0,0,0,0,0,0,0,0,0,0,0,0,0,0,0,0,0,0,0,0,0,0,0,0,0,0,0,0,0,0,0,0,0,0,0,0,0,0,0,0,0,0,0,0,0,0,0,0,0,0,0,0,0,0,0,0,0,0,,,0
27-49,hds,"2022-06-07 15:48",1,1,0,0,1,1,,2,14,2,,4,1,,,,,,0,0,1,0,0,0,0,1,0,0,0,0,0,0,0,0,0,0,0,,,,,1,,,,1,,,,,,,2,,,,1,0,0,0,0,0,0,0,0,0,0,0,0,0,,,,,,,,1,,,,,,,,,,,,,,1,0,0,0,0,0,0,0,0,0,0,0,0,0,,0,0,0,0,,1,,,LDL,2022-05-26,2,0,0,0,0,0,0,0,0,0,0,0,0,0,0,,,0,0,,,,,0,,,0,0,,,36.1,122,137,77,20,98,5.3,15,0,0,0,0,,1,0,0,0,2,1,,0,,0,0,0,0,0,0,0,0,0,0,0,0,0,0,0,0,0,0,0,0,0,0,0,0,0,0,0,0,0,0,0,0,0,0,0,0,0,0,0,0,0,0,0,0,0,0,0,0,0,0,0,0,0,0,0,0,,,0,0,0,0,0,0,0,0,0,0,0,0,0,0,2,1,0,,1,2,5,1,1,1,4,1,1,1,1,1,1,4,0,,,,,,2,2,,6,0,0,1,0,0,0,0,0,0,0,0,0,0,0,0,0,0,0,0,0,0,0,0,1,0,0,0,0,1,0,0,0,0,0,0,0,0,0,0,0,,,,,,1,,,,,,0,0,1,0,0,0,0,0,0,0,0,2,1,AGOG6939NOF,,,,,1,1,1,0,0,0,0,0,0,0,0,0,0,0,0,0,,1,AGOG6941NOF,,,1,0,0,0,0,0,0,0,0,0,,0,,,,,1,AGOG6938NOF,,,0,,,,0,,,0,,,2,2,1,1654774476753.jpg,4558/22,0,,0,0,0,0,0,0,0,0,0,0,0,0,0,0,0,0,0,0,,,2,,,,,,,,,,,,,,,,,,,,,,,,,,,,0,4558_22,2022-06-09,,,2,27-49_Lu_HDS_ca_E,27-49_Lu_HDS_ca_E.zip,1,2,https://cloud.butterflynetwork.com/-/shared/MYf7tICVT1eC2i6ckeNOHQ?region=US,0,0,0,0,0,0,0,0,0,0,0,,2,,,,,,,,,,,,,,,,,,,,,,,,,,,,,,,,,,,,,,,,,,,,,,,,,,0,,,0,0,0,0,0,0,0,0,0,0,0,0,0,0,0,0,0,,,,,,,,,,,,,,,,,,,,0,,,,,0,,,,,,,,,,,0,,,,,,,,,,,,,,,,,,,,,,,,,,,,,0,,,0,0,0,0,0,0,0,0,0,0,0,0,0,0,0,0,0,0,0,0,0,0,,,,,,,,,,,,,,,,,,,,,,,0,0,0,0,0,0,0,0,0,0,0,0,,,0,0,0,0,0,0,0,0,0,0,,,,,0,,0,0,0,0,0,0,0,0,0,0,0,0,0,0,0,0,0,0,0,0,0,0,0,0,0,0,0,0,0,0,0,0,0,0,0,0,0,0,0,0,0,0,0,0,0,0,0,0,0,0,0,0,0,0,0,0,0,0,0,0,0,0,0,0,0,0,0,0,0,0,0,0,0,0,0,0,0,0,0,0,0,0,0,0,0,0,0,0,0,0,0,0,0,0,0,0,0,0,,,0
27-52,hds,"2022-06-07 12:27",1,1,0,0,1,1,,2,12,2,,5,1,,,,,,0,0,1,1,0,0,0,1,0,0,1,0,0,0,0,0,0,0,0,,,,,4,4,,,3,,,3,,,,2,,,,1,0,0,0,0,0,0,0,0,0,0,0,0,0,,,,,,,,1,,,,,,,,,,,,,,1,0,0,0,0,0,0,0,0,0,0,0,0,0,,0,0,0,0,,1,,,,,2,0,0,0,0,0,0,0,0,0,0,0,0,0,0,,,0,1,1,2,2021,10,0,,,0,0,,,36.6,134,92,53,20,88,4.2,15,0,0,1,1,,5,1,0,1,2,1,,1,1,1,1,1,1,1,1,1,1,0,0,0,0,0,0,0,0,0,0,0,0,0,0,0,0,0,0,0,0,0,0,0,0,0,0,0,0,0,0,0,0,0,0,0,0,0,0,0,0,0,0,0,0,0,0,0,0,0,,0,0,0,0,0,0,0,0,0,0,0,0,0,0,2,1,1,"SOB, coughing, adipose",3,3,2,3,3,3,3,5,5,7,5,7,7,3,1,1,,1,,1,2,2,,7,0,0,1,0,0,0,0,0,0,0,0,0,0,0,0,0,0,0,0,0,0,0,0,1,0,0,1,0,0,1,0,1,0,0,0,0,0,0,0,0,,,,1,,,1,,1,,,0,1,1,0,0,0,0,0,0,0,0,2,1,AGOG6913NOF,,,,,0,0,0,0,0,0,0,0,0,0,0,0,0,0,0,0,,1,AGOG6173NOF,,,1,0,0,0,0,0,0,0,0,0,,0,,,,,1,AGOG6911NOF,,,0,,,,0,,,0,,,2,2,1,1654693019454.jpg,4496/22,0,,0,0,0,0,0,0,0,0,0,0,0,0,0,0,0,0,0,0,,,2,,,,,,,,,,,,,,,,,,,,,,,,,,,,0,4496_22,2022-06-07,,,2,27-52_Lu_HDS_ca_E,27-52_Lu_HDS_ca_E.zip,1,2,https://cloud.butterflynetwork.com/-/shared/OyKnRzxlTsuhsSfJp90kqw?region=US,0,0,0,0,0,0,0,0,0,0,0,,2,,,,,,,,,,,,,,,,,,,,,,,,,,,,,,,,,,,,,,,,,,,,,,,,,,0,,,0,0,0,0,0,0,0,0,0,0,0,0,0,0,0,0,0,,,,,,,,,,,,,,,,,,,,0,,,,,0,,,,,,,,,,,0,,,,,,,,,,,,,,,,,,,,,,,,,,,,,0,,,0,0,0,0,0,0,0,0,0,0,0,0,0,0,0,0,0,0,0,0,0,0,,,,,,,,,,,,,,,,,,,,,,,0,0,0,0,0,0,0,0,0,0,0,0,,,0,0,0,0,0,0,0,0,0,0,,,,,0,,0,0,0,0,0,0,0,0,0,0,0,0,0,0,0,0,0,0,0,0,0,0,0,0,0,0,0,0,0,0,0,0,0,0,0,0,0,0,0,0,0,0,0,0,0,0,0,0,0,0,0,0,0,0,0,0,0,0,0,0,0,0,0,0,0,0,0,0,0,0,0,0,0,0,0,0,0,0,0,0,0,0,0,0,0,0,0,0,0,0,0,0,0,0,0,0,0,0,,,0
27-53,hds,"2022-06-07 13:19",1,1,0,0,1,1,,2,17,3,,,,7,,,,,0,1,0,1,0,0,0,0,0,0,0,0,0,0,0,0,0,0,0,,5,1,,,7,,,,,,,,,,2,,,,1,0,0,0,0,0,0,0,0,0,0,0,0,0,,,,,,,,1,,,,,,,,,,,,,,1,0,0,0,0,0,0,0,0,0,0,0,0,0,,1,1,0,0,,3,,,,,,0,0,0,0,0,0,0,0,0,0,0,0,0,0,,,0,0,,,,,0,,,0,0,,151,36.3,121,154,81,24,88,8.7,15,1,0,0,1,,2,0,0,0,2,1,,1,1,0,0,0,0,0,0,0,0,0,0,0,0,0,0,1,0,0,1,1,1,1,0,0,0,0,0,0,0,0,0,0,0,0,0,0,0,0,0,0,0,0,0,0,0,1,0,0,0,0,1,0,0,0,0,0,0,0,,0,0,0,0,0,0,0,0,0,0,0,0,0,0,2,1,0,,1,4,1,1,1,1,4,1,1,4,1,1,1,1,0,,,,,,2,2,,7,0,0,0,0,0,0,0,0,0,0,0,0,0,0,0,0,0,0,0,0,0,0,0,1,0,0,0,0,0,0,0,1,1,0,0,0,0,0,0,0,,,,,,,,,3,5,,0,1,1,0,0,0,0,0,0,0,0,2,1,AGOG6926NOF,,,,,1,1,1,0,0,0,1,0,0,0,0,0,0,0,0,0,,1,AGOG6940NOF,,,1,0,0,0,0,0,0,0,0,0,,0,,,,,1,AGOG6925NOF,,,0,,,,0,,,0,,,2,2,1,1654774388905.jpg,4555/22,0,,0,0,0,0,0,0,0,0,0,0,0,0,0,0,0,0,0,0,,,2,,,,,,,,,,,,,,,,,,,,,,,,,,,,0,4555_22,2022-06-09,,,2,,,,0,https://cloud.butterflynetwork.com/-/shared/64RBHGUqQHqj7iNa6KR5kA?region=US,0,0,0,0,0,0,0,0,0,0,0,,2,,,,,,,,,,,,,,,,,,,,,,,,,,,,,,,,,,,,,,,,,,,,,,,,,,0,,,0,0,0,0,0,0,0,0,0,0,0,0,0,0,0,0,0,,,,,,,,,,,,,,,,,,,,0,,,,,0,,,,,,,,,,,0,,,,,,,,,,,,,,,,,,,,,,,,,,,,,0,,,0,0,0,0,0,0,0,0,0,0,0,0,0,0,0,0,0,0,0,0,0,0,,,,,,,,,,,,,,,,,,,,,,,0,0,0,0,0,0,0,0,0,0,0,0,,,0,0,0,0,0,0,0,0,0,0,,,,,0,,0,0,0,0,0,0,0,0,0,0,0,0,0,0,0,0,0,0,0,0,0,0,0,0,0,0,0,0,0,0,0,0,0,0,0,0,0,0,0,0,0,0,0,0,0,0,0,0,0,0,0,0,0,0,0,0,0,0,0,0,0,0,0,0,0,0,0,0,0,0,0,0,0,0,0,0,0,0,0,0,0,0,0,0,0,0,0,0,0,0,0,0,0,0,0,0,0,0,,,0
27-54,hds,"2022-06-11 10:31",1,1,0,0,1,1,,2,17,2,,14,1,,,,,,0,0,0,0,0,0,1,1,1,0,0,0,0,0,0,0,0,0,0,,,,,,,,14,6,6,,,,,,2,,,,1,0,0,0,0,0,0,0,0,0,0,0,0,0,,,,,,,,2,,,,2021,,0,,0,,3,3,,,1,0,0,0,0,0,0,0,0,0,0,0,0,0,,0,0,0,0,,2,337,2021-02-07,,,,0,0,0,0,0,0,0,0,0,0,0,0,0,0,,,0,1,1,1,2021,12,0,,,0,2,44,,36.8,60,77,47,18,97,5.4,15,0,0,1,1,,3,0,0,1,2,1,,0,,0,0,0,0,0,0,0,0,0,0,0,0,0,0,0,0,0,0,0,0,0,0,0,0,0,0,0,0,0,0,0,0,0,0,0,0,0,0,0,0,0,0,0,0,0,0,0,0,0,0,0,0,0,0,0,0,,,0,0,0,0,0,0,0,0,0,0,0,0,0,0,2,1,0,,4,5,4,4,4,5,4,5,5,4,5,4,4,4,0,,,,,,2,2,,3,0,0,0,0,0,0,0,0,0,0,0,0,0,0,0,0,0,0,0,0,0,0,0,1,0,0,1,0,0,0,0,0,0,0,0,0,0,0,0,0,,,,7,,,,,,,,0,0,1,0,0,0,0,0,0,0,0,2,1,AGOG7955NOF,,,,,1,1,1,0,0,0,0,0,0,1,0,0,0,0,0,0,,1,,"AGOG6186NOF AND AGOG6181NOF",1655117717616.jpg,1,1,0,0,0,0,0,0,0,0,,0,,,,,1,,AGOG7956NOF,,0,,,,0,,,0,,,2,2,0,,,,,0,0,0,0,0,0,0,0,0,0,0,0,0,0,0,0,0,0,,,2,,,,,,,,,,,,,,,,,,,,,,,,,,,,0,,,,,2,27-54_Lu_HDS_ca_E,27-54_Lu_HDS_ca_E.zip,1,2,https://cloud.butterflynetwork.com/-/shared/ja5wnR9wRGuXTpSgjCn6JA?region=US,0,0,0,0,0,0,0,0,0,0,0,,2,,,,,,,,,,,,,,,,,,,,,,,,,,,,,,,,,,,,,,,,,,,,,,,,,,0,,,0,0,0,0,0,0,0,0,0,0,0,0,0,0,0,0,0,,,,,,,,,,,,,,,,,,,,0,,,,,0,,,,,,,,,,,0,,,,,,,,,,,,,,,,,,,,,,,,,,,,,0,,,0,0,0,0,0,0,0,0,0,0,0,0,0,0,0,0,0,0,0,0,0,0,,,,,,,,,,,,,,,,,,,,,,,0,0,0,0,0,0,0,0,0,0,0,0,,,0,0,0,0,0,0,0,0,0,0,,,,,0,,0,0,0,0,0,0,0,0,0,0,0,0,0,0,0,0,0,0,0,0,0,0,0,0,0,0,0,0,0,0,0,0,0,0,0,0,0,0,0,0,0,0,0,0,0,0,0,0,0,0,0,0,0,0,0,0,0,0,0,0,0,0,0,0,0,0,0,0,0,0,0,0,0,0,0,0,0,0,0,0,0,0,0,0,0,0,0,0,0,0,0,0,0,0,0,0,0,0,,,0
27-55,hds,"2022-06-14 11:33",1,1,0,0,1,1,,2,12,3,,,,4,,,,,0,1,0,1,0,1,0,1,0,0,0,0,0,0,0,0,0,0,0,,4,1,6,,4,,,5,,,,,,,2,,,,1,0,0,0,0,0,0,0,0,0,0,0,0,0,,,,,,,,2,,,,,,0,,0,,3,5,,,1,0,0,0,0,0,0,0,0,0,0,0,0,0,,0,0,0,0,,1,,,,,1,0,0,0,0,0,0,0,0,0,0,0,0,0,0,,,0,1,2,3,2022,3,0,,,0,2,,,36,53,114,70,22,99,7.8,15,1,0,0,1,,2,0,0,1,2,1,,1,1,0,0,1,1,1,1,1,1,0,0,0,0,0,0,0,0,0,0,0,0,0,0,0,0,0,0,0,0,0,0,0,0,0,0,0,0,0,0,0,0,0,0,1,1,0,0,0,0,0,0,0,0,0,0,0,0,0,,0,0,0,0,0,0,0,0,0,0,0,0,0,0,2,1,0,,1,2,2,2,2,2,2,4,4,5,5,4,4,4,0,,,,,,2,2,,6,0,0,0,0,0,1,0,0,0,0,0,0,0,0,0,0,0,0,0,0,0,0,0,1,0,0,1,0,0,0,0,0,0,0,0,0,0,0,0,0,,,,5,,,,,,,,0,1,1,0,0,0,0,0,0,0,0,2,1,AGOH0453NOF,,,,,1,0,1,0,0,0,0,0,0,0,0,0,0,0,0,0,,1,AGOH0451NOF,,,1,0,0,0,0,0,0,0,0,0,,0,,,,,1,AGOH0452NOF,,,0,,,,0,,,0,,,2,2,0,,,,,0,0,0,0,0,0,0,0,0,0,0,0,0,0,0,0,0,0,,,2,,,,,,,,,,,,,,,,,,,,,,,,,,,,0,,,,,2,,,,0,https://cloud.butterflynetwork.com/-/shared/80FHMKXKR6yks2BZBnzZuw?region=US,0,0,0,0,0,0,0,0,0,0,0,,2,,,,,,,,,,,,,,,,,,,,,,,,,,,,,,,,,,,,,,,,,,,,,,,,,,0,,,0,0,0,0,0,0,0,0,0,0,0,0,0,0,0,0,0,,,,,,,,,,,,,,,,,,,,0,,,,,0,,,,,,,,,,,0,,,,,,,,,,,,,,,,,,,,,,,,,,,,,0,,,0,0,0,0,0,0,0,0,0,0,0,0,0,0,0,0,0,0,0,0,0,0,,,,,,,,,,,,,,,,,,,,,,,0,0,0,0,0,0,0,0,0,0,0,0,,,0,0,0,0,0,0,0,0,0,0,,,,,0,,0,0,0,0,0,0,0,0,0,0,0,0,0,0,0,0,0,0,0,0,0,0,0,0,0,0,0,0,0,0,0,0,0,0,0,0,0,0,0,0,0,0,0,0,0,0,0,0,0,0,0,0,0,0,0,0,0,0,0,0,0,0,0,0,0,0,0,0,0,0,0,0,0,0,0,0,0,0,0,0,0,0,0,0,0,0,0,0,0,0,0,0,0,0,0,0,0,0,,,0
27-56,hds,"2022-06-14 14:01",1,1,0,0,1,1,,2,2,2,,14,1,,,,,,1,0,1,1,0,0,0,0,0,0,0,0,0,0,0,0,0,0,0,7,,,,7,7,,,,,,,,,,2,,,,1,0,0,0,0,0,0,0,0,0,0,0,0,0,,,,,,,,1,,,,,,,,,,,,,,3,0,0,0,0,0,0,0,0,0,0,0,0,0,,0,0,0,0,,1,,,,,2,0,0,0,0,0,0,0,0,0,0,0,0,0,0,,,0,0,,,,,0,,,1,2,50,,36.1,104,94,53,24,95,9.1,15,1,0,1,2,,3,1,0,0,2,1,,1,0,0,0,0,0,0,0,0,0,0,0,0,0,0,0,0,0,0,0,0,0,0,0,0,0,0,0,0,0,0,0,0,0,0,0,0,0,0,0,0,0,0,0,0,0,0,0,0,0,0,0,0,0,0,0,0,0,,,0,0,0,0,0,0,0,0,0,0,0,0,0,0,2,2,0,,1,1,2,1,1,8,1,1,1,1,1,1,1,1,0,,,,,,2,2,,5,0,0,0,0,0,0,0,0,0,0,0,0,0,0,0,0,0,0,0,0,0,0,0,1,0,0,1,0,0,0,0,0,0,0,0,0,0,0,0,0,,,,5,,,,,,,,0,0,1,0,0,0,0,0,0,0,0,2,1,AGOG7987NOF,,,,,1,1,1,0,1,0,1,0,0,0,0,0,0,0,0,0,,0,,,,0,0,0,0,0,0,0,0,0,0,,0,,,,,1,AGOG7991NOF,,,0,,,,0,,,0,,,2,2,0,,,,,0,0,0,0,0,0,0,0,0,0,0,0,0,0,0,0,0,0,,,2,,,,,,,,,,,,,,,,,,,,,,,,,,,,0,,,,,2,27-56_Lu_HDS_ca_E,27-56_Lu_HDS_ca_E.zip,1,2,https://cloud.butterflynetwork.com/-/shared/ypicYOUFT0irIdLmBs8l9w?region=US,0,0,0,0,0,0,0,0,0,0,0,,2,,,,,,,,,,,,,,,,,,,,,,,,,,,,,,,,,,,,,,,,,,,,,,,,,,0,,,0,0,0,0,0,0,0,0,0,0,0,0,0,0,0,0,0,,,,,,,,,,,,,,,,,,,,0,,,,,0,,,,,,,,,,,0,,,,,,,,,,,,,,,,,,,,,,,,,,,,,0,,,0,0,0,0,0,0,0,0,0,0,0,0,0,0,0,0,0,0,0,0,0,0,,,,,,,,,,,,,,,,,,,,,,,0,0,0,0,0,0,0,0,0,0,0,0,,,0,0,0,0,0,0,0,0,0,0,,,,,0,,0,0,0,0,0,0,0,0,0,0,0,0,0,0,0,0,0,0,0,0,0,0,0,0,0,0,0,0,0,0,0,0,0,0,0,0,0,0,0,0,0,0,0,0,0,0,0,0,0,0,0,0,0,0,0,0,0,0,0,0,0,0,0,0,0,0,0,0,0,0,0,0,0,0,0,0,0,0,0,0,0,0,0,0,0,0,0,0,0,0,0,0,0,0,0,0,0,0,,,0
27-57,hds,"2022-06-19 22:15",1,1,0,0,1,1,,2,8,2,,4,1,,,,,,0,0,1,0,0,0,0,1,1,0,0,0,0,0,0,0,0,0,0,,,,,1,,,,2,4,,,,,,2,,,,1,0,0,0,0,0,0,0,0,0,0,0,0,0,,,,,,,,1,,,,,,,,,,,,,,1,0,0,0,0,0,0,0,0,0,0,0,0,0,,0,0,0,0,,0,,,,,,0,0,0,0,0,0,0,0,0,0,0,0,0,0,,,1,1,2,3,2022,2,0,,,0,2,59,,35,79,167,79,20,98,9.2,15,0,0,0,0,,2,0,0,0,2,1,,0,,1,1,0,0,0,0,0,0,0,0,0,0,0,0,0,0,0,0,0,0,0,0,0,0,0,0,0,0,0,0,0,0,0,0,0,0,0,0,0,0,0,0,0,0,0,0,0,0,0,0,0,0,0,0,0,0,,,0,0,0,0,0,0,0,0,0,0,0,0,0,0,2,1,0,,1,1,1,1,1,1,1,1,2,1,1,1,1,1,1,3,1,1,1,1,2,2,,4,0,0,0,0,0,0,0,0,0,0,0,0,0,0,0,0,0,0,0,0,0,0,0,1,0,0,1,0,0,0,0,0,0,0,0,0,0,0,0,0,,,,1,,,,,,,,0,0,1,0,0,0,0,0,0,0,0,2,1,,AGOG7215NOF,,,,0,0,1,0,0,0,0,0,0,0,0,0,0,0,0,0,,1,,AGOG6231NOF,,1,0,0,0,0,0,0,0,0,0,,0,,,,,1,,AGOH0529NOF,,0,,,,0,,,0,,,2,2,1,1655730665317.jpg,4774/22,0,,0,0,0,0,0,0,0,0,0,0,0,0,0,0,0,0,0,0,,,2,,,,,,,,,,,,,,,,,,,,,,,,,,,,0,"4774_22 (PA)",2022-06-20,,,2,27-57_Lu_HDS_ca_E,27-57_Lu_HDS_ca_E.zip,1,2,https://cloud.butterflynetwork.com/-/shared/w7x3FL7aQYS6RFkaSv4iTw?region=US,0,0,0,0,0,0,0,0,0,0,0,,2,,,,,,,,,,,,,,,,,,,,,,,,,,,,,,,,,,,,,,,,,,,,,,,,,,0,,,0,0,0,0,0,0,0,0,0,0,0,0,0,0,0,0,0,,,,,,,,,,,,,,,,,,,,0,,,,,0,,,,,,,,,,,0,,,,,,,,,,,,,,,,,,,,,,,,,,,,,0,,,0,0,0,0,0,0,0,0,0,0,0,0,0,0,0,0,0,0,0,0,0,0,,,,,,,,,,,,,,,,,,,,,,,0,0,0,0,0,0,0,0,0,0,0,0,,,0,0,0,0,0,0,0,0,0,0,,,,,0,,0,0,0,0,0,0,0,0,0,0,0,0,0,0,0,0,0,0,0,0,0,0,0,0,0,0,0,0,0,0,0,0,0,0,0,0,0,0,0,0,0,0,0,0,0,0,0,0,0,0,0,0,0,0,0,0,0,0,0,0,0,0,0,0,0,0,0,0,0,0,0,0,0,0,0,0,0,0,0,0,0,0,0,0,0,0,0,0,0,0,0,0,0,0,0,0,0,0,,,0
27-58,hds,"2022-06-21 11:07",1,1,0,0,1,1,0,2,6,4,,,,,5,,,,0,0,1,0,0,0,0,0,0,0,0,0,0,0,0,0,0,0,0,,,,,5,,,,,,,,,,,1,0,0,1,1,0,0,0,0,0,0,0,0,0,0,0,0,0,,,,,,,,1,,,,,,,,,,,,,,3,0,0,0,0,0,0,0,0,0,0,0,0,0,,1,1,0,0,,3,,,,,,0,0,0,0,0,0,0,0,0,0,0,0,0,0,,"Known asthmatic ",1,0,,,,,1,2022-06-22,3,0,2,,,36,91,195,89,28,70,,15,1,0,0,1,,5,0,,1,2,1,,1,1,1,0,0,1,1,1,0,1,0,0,0,0,0,0,0,0,0,0,0,0,0,0,0,0,0,0,0,0,0,0,0,0,0,0,0,0,0,0,0,0,0,0,0,1,1,0,0,0,1,0,0,0,0,0,0,0,0,,0,0,0,0,0,0,0,0,0,0,0,0,0,0,2,2,0,,4,5,4,3,4,5,,4,5,3,3,3,3,2,0,,,,,,2,2,,9,0,0,0,0,0,0,0,0,0,0,0,0,0,0,0,1,0,0,0,0,0,0,0,0,0,0,0,0,0,0,0,0,0,0,0,0,0,0,0,0,,,,,,,,,,,,0,1,0,0,1,0,0,0,0,0,0,2,1,,AGOG6422NOF,,,,1,1,0,0,0,0,0,0,0,0,0,0,0,0,0,0,,0,,,,0,0,0,0,0,0,0,0,0,0,,0,,,,,1,,AGOG6422NOF,,0,,,,0,,,0,,,2,2,0,,,,,0,0,0,0,0,0,0,0,0,0,0,0,0,0,0,0,0,1,9435/21,1655905071663.jpg,2,,,,,,,,,,,,,,,,,,,,,,,,,,,,0,,,9435_21,,2,,,,0,https://cloud.butterflynetwork.com/-/shared/YH6ZK5vIRCiTFOedJ4-GxQ?region=US,0,0,0,0,0,0,0,0,0,0,0,,2,,,,,,,,,,,,,,,,,,,,,,,,,,,,,,,,,,,,,,,,,,,,,,,,,,0,,,0,0,0,0,0,0,0,0,0,0,0,0,0,0,0,0,0,,,,,,,,,,,,,,,,,,,,0,,,,,0,,,,,,,,,,,0,,,,,,,,,,,,,,,,,,,,,,,,,,,,,0,,,0,0,0,0,0,0,0,0,0,0,0,0,0,0,0,0,0,0,0,0,0,0,,,,,,,,,,,,,,,,,,,,,,,0,0,0,0,0,0,0,0,0,0,0,0,,,0,0,0,0,0,0,0,0,0,0,,,,,0,,0,0,0,0,0,0,0,0,0,0,0,0,0,0,0,0,0,0,0,0,0,0,0,0,0,0,0,0,0,0,0,0,0,0,0,0,0,0,0,0,0,0,0,0,0,0,0,0,0,0,0,0,0,0,0,0,0,0,0,0,0,0,0,0,0,0,0,0,0,0,0,0,0,0,0,0,0,0,0,0,0,0,0,0,0,0,0,0,0,0,0,0,0,0,0,0,0,0,,,0
27-59,hds,"2022-06-20 16:10",1,1,0,0,1,1,,2,17,4,,,,,2,,,,0,0,0,0,0,0,0,1,0,1,0,0,0,0,0,0,0,0,0,,,,,,,,,2,,1,,,,,2,,,,1,0,0,0,0,0,0,0,0,0,0,0,0,0,,,,,,,,1,,,,,,,,,,,,,,1,0,0,0,0,0,0,0,0,0,0,0,0,0,,1,1,0,0,,3,,,,,,0,0,0,0,0,0,0,0,0,0,0,0,0,0,,,0,0,,,,,0,,,0,2,,,36.1,88,205,99,22,96,3.5,15,1,0,0,1,,3,0,1,0,2,1,,0,,0,0,0,0,0,0,0,0,0,0,0,0,0,0,0,0,0,0,0,0,0,0,0,0,0,0,0,0,0,0,0,0,0,0,0,0,0,0,0,0,0,0,0,0,0,0,0,0,0,0,0,0,0,0,0,0,,,0,0,0,0,0,0,0,0,0,0,0,0,0,0,2,2,0,,1,4,4,4,1,1,1,1,4,4,4,1,4,4,0,,,,,,2,2,,6,0,0,0,0,0,0,0,0,0,0,0,0,0,0,0,0,0,0,0,0,0,0,0,1,0,0,0,0,1,0,0,1,0,0,0,0,0,0,0,0,,,,,,3,,,3,,,0,1,1,0,0,0,0,0,0,0,0,2,1,AGOG7227NOF,,,,,1,1,1,0,0,0,0,0,0,0,0,0,0,0,0,0,,1,AGOG7240NOF,AGOG7240NOF,,1,0,0,0,0,0,0,0,0,0,,0,,,,,1,AGOG7228NOF,,,0,,,,0,,,0,,,2,2,1,1655811313982.jpg,4805/22,0,,0,0,0,0,0,0,0,0,0,0,0,0,0,0,0,0,0,0,,,2,,,,,,,,,,,,,,,,,,,,,,,,,,,,0,4805_22,2022-06-21,,,2,27-59_Lu_HDS_ca_E,27-59_Lu_HDS_ca_E.zip,1,2,https://cloud.butterflynetwork.com/-/shared/u7iEonZ9RHeyVAEndxvUYQ?region=US,0,0,0,0,0,0,0,0,0,0,0,,2,,,,,,,,,,,,,,,,,,,,,,,,,,,,,,,,,,,,,,,,,,,,,,,,,,0,,,0,0,0,0,0,0,0,0,0,0,0,0,0,0,0,0,0,,,,,,,,,,,,,,,,,,,,0,,,,,0,,,,,,,,,,,0,,,,,,,,,,,,,,,,,,,,,,,,,,,,,0,,,0,0,0,0,0,0,0,0,0,0,0,0,0,0,0,0,0,0,0,0,0,0,,,,,,,,,,,,,,,,,,,,,,,0,0,0,0,0,0,0,0,0,0,0,0,,,0,0,0,0,0,0,0,0,0,0,,,,,0,,0,0,0,0,0,0,0,0,0,0,0,0,0,0,0,0,0,0,0,0,0,0,0,0,0,0,0,0,0,0,0,0,0,0,0,0,0,0,0,0,0,0,0,0,0,0,0,0,0,0,0,0,0,0,0,0,0,0,0,0,0,0,0,0,0,0,0,0,0,0,0,0,0,0,0,0,0,0,0,0,0,0,0,0,0,0,0,0,0,0,0,0,0,0,0,0,0,0,,,0
27-60,hds,"2022-06-22 10:32",1,1,0,0,1,1,0,2,6,2,,10,0,,,,,,0,0,1,0,0,1,0,0,0,0,1,0,0,0,0,0,0,0,0,,,,180,8,,,,,,,5,,,,2,,,,1,0,0,0,0,0,0,0,0,0,0,0,0,0,,,,,,,,2,,,,2021,,,,0,,3,2,,,1,0,0,0,0,0,0,0,0,0,0,0,0,0,,0,0,0,0,,1,,,,,1,0,0,0,0,0,0,0,0,0,0,0,0,0,0,,,0,1,1,1,2021,8,0,,,0,0,35,156,35,63,94,52,18,92,6.0,15,0,0,1,1,14.38198553583169,2,0,0,1,2,1,,1,0,0,0,0,0,0,0,0,0,0,0,0,0,0,0,1,1,1,1,1,1,0,0,0,0,0,0,0,0,0,0,0,0,0,0,0,0,0,0,0,0,0,0,0,0,0,0,0,0,0,0,0,0,0,0,0,0,,,0,0,0,0,0,0,0,0,0,0,0,0,0,0,2,2,0,,1,,1,1,1,1,4,1,1,1,1,2,1,2,0,,,,,,2,2,,6,0,0,1,0,0,0,0,0,0,0,0,0,0,0,0,0,0,0,0,0,0,0,0,1,0,0,1,0,0,1,0,0,1,0,0,0,0,0,0,0,,,,5,,,5,,,5,,0,0,1,0,0,0,0,0,0,0,0,2,1,AGOG7185NOF,,,,,1,1,1,0,0,0,0,0,0,0,0,0,0,0,0,0,,1,AGOG7184NOF,,,1,0,0,0,0,0,0,0,0,0,,0,,,,,1,AGOH1492NOF,,,0,,,,0,,,0,,,2,2,1,1655989225429.jpg,4868/22,0,,0,0,0,0,0,0,0,0,0,0,0,0,0,0,0,0,0,1,5196/21,,2,,,,,,,,,,,,,,,,,,,,,,,,,,,,0,"4868_22 (PA)",2022-06-23,5196_21,,2,27-60_Lu_HDS_ca_E,27-60_Lu_HDS_ca_E.zip,1,2,https://cloud.butterflynetwork.com/-/shared/o3-qk64BQiq-2sxej8ni2w?region=US,0,0,0,0,0,0,0,0,0,0,0,,2,,,,,,,,,,,,,,,,,,,,,,,,,,,,,,,,,,,,,,,,,,,,,,,,,,0,,,0,0,0,0,0,0,0,0,0,0,0,0,0,0,0,0,0,,,,,,,,,,,,,,,,,,,,0,,,,,0,,,,,,,,,,,0,,,,,,,,,,,,,,,,,,,,,,,,,,,,,0,,,0,0,0,0,0,0,0,0,0,0,0,0,0,0,0,0,0,0,0,0,0,0,,,,,,,,,,,,,,,,,,,,,,,0,0,0,0,0,0,0,0,0,0,0,0,,,0,0,0,0,0,0,0,0,0,0,,,,,0,,0,0,0,0,0,0,0,0,0,0,0,0,0,0,0,0,0,0,0,0,0,0,0,0,0,0,0,0,0,0,0,0,0,0,0,0,0,0,0,0,0,0,0,0,0,0,0,0,0,0,0,0,0,0,0,0,0,0,0,0,0,0,0,0,0,0,0,0,0,0,0,0,0,0,0,0,0,0,0,0,0,0,0,0,0,0,0,0,0,0,0,0,0,0,0,0,0,0,,,0
27-61,hds,"2022-06-27 13:16",1,1,0,0,1,1,0,2,17,2,,3,1,,,,,,0,0,1,0,0,1,1,0,0,0,0,0,0,0,0,0,0,0,0,,,,31,5,,,20,,,,,,,,2,,,,1,0,0,0,0,0,0,0,0,0,0,0,0,0,,,,,,,,1,,,,,,,,,,,,,,1,0,0,0,0,0,0,0,0,0,0,0,0,0,,0,0,0,0,,1,5,,,,1,0,0,0,0,0,0,0,0,0,0,0,0,0,0,,,0,1,1,1,2021,11,0,,,1,0,40,152,37,168,86,83,14,99,8.1,15,0,0,1,1,17.31301939058172,2,0,0,1,2,1,,0,,0,0,0,0,0,0,0,0,0,0,0,0,0,0,0,0,0,0,0,0,0,0,0,0,0,0,0,0,0,0,0,0,0,0,0,0,0,0,0,0,0,0,0,0,0,0,0,0,0,0,0,0,0,0,0,0,,,0,0,0,0,0,0,0,0,0,0,0,0,0,0,2,2,0,,,,,,,,,,,,,,,,0,,,,,,2,2,,1,0,0,0,0,0,0,0,0,0,0,0,0,0,0,0,0,0,0,0,0,0,0,0,1,0,0,1,0,0,1,0,0,1,0,0,0,0,0,0,0,,,,6,,,1,,,5,,0,0,1,0,0,0,0,0,0,0,0,2,1,,AGOH0538NOF,,,,1,1,1,0,0,0,0,0,0,0,0,0,0,0,0,0,,1,,AGOH039NOF,,1,0,0,0,0,0,0,0,0,0,,0,,,,,1,,AGOH0537NOF,,0,,,,0,,,0,,,2,2,1,1656332670773.jpg,4888/22,0,,0,0,0,0,0,0,0,0,0,0,0,0,0,0,0,0,0,0,,,2,,,,,,,,,,,,,,,,,,,,,,,,,,,,0,4888_22,2022-06-24,,,2,,,,0,https://cloud.butterflynetwork.com/-/shared/5BWC2L0RSt6uBzZLHX8s4Q?region=US,0,0,0,0,0,0,0,0,0,0,0,,2,,,,,,,,,,,,,,,,,,,,,,,,,,,,,,,,,,,,,,,,,,,,,,,,,,0,,,0,0,0,0,0,0,0,0,0,0,0,0,0,0,0,0,0,,,,,,,,,,,,,,,,,,,,0,,,,,0,,,,,,,,,,,0,,,,,,,,,,,,,,,,,,,,,,,,,,,,,0,,,0,0,0,0,0,0,0,0,0,0,0,0,0,0,0,0,0,0,0,0,0,0,,,,,,,,,,,,,,,,,,,,,,,0,0,0,0,0,0,0,0,0,0,0,0,,,0,0,0,0,0,0,0,0,0,0,,,,,0,,0,0,0,0,0,0,0,0,0,0,0,0,0,0,0,0,0,0,0,0,0,0,0,0,0,0,0,0,0,0,0,0,0,0,0,0,0,0,0,0,0,0,0,0,0,0,0,0,0,0,0,0,0,0,0,0,0,0,0,0,0,0,0,0,0,0,0,0,0,0,0,0,0,0,0,0,0,0,0,0,0,0,0,0,0,0,0,0,0,0,0,0,0,0,0,0,0,0,,,0
27-62,hds,"2022-06-28 13:04",1,1,0,0,1,1,0,2,6,2,,14,1,,,,,,0,0,0,0,0,0,0,1,1,1,1,0,0,0,0,0,0,0,0,,,,,,,,,5,5,5,4,,,,2,,,,1,0,0,0,0,0,0,0,0,0,0,0,0,0,,,,,,,,2,,,,2017,,0,,1,0,1,,,,1,0,0,0,0,0,0,0,0,0,0,0,0,0,,0,0,0,0,,1,,,,,1,0,0,0,0,0,0,0,0,0,0,0,0,0,0,,,0,0,,,,,0,,,0,0,54,,34.6,117,102,60,20,96,6.2,15,0,0,0,0,,2,1,0,0,2,1,,1,0,0,0,0,0,0,0,0,0,0,0,0,0,0,0,0,0,0,0,0,0,0,0,0,0,0,0,0,0,0,0,0,0,0,0,0,0,0,0,0,0,0,0,0,0,0,0,0,0,0,0,0,0,0,0,0,0,,,0,0,0,0,0,0,0,0,0,0,0,0,0,0,2,2,0,,8,4,2,4,4,2,,2,5,2,4,2,8,8,0,,,,,,2,2,,1,0,0,0,0,0,0,1,0,0,0,0,0,0,0,0,0,0,0,0,0,0,0,1,1,0,0,1,0,0,0,0,0,0,0,0,0,0,0,0,0,,,,5,,,,,,,,0,0,1,0,0,0,0,0,0,0,0,2,0,,,,,,0,0,0,0,0,0,0,0,0,0,0,0,0,0,0,0,,1,AGOH3552NOF,,,1,0,0,0,0,0,0,0,0,0,,1,0,,,,0,,,,0,,,,0,,,0,,,1,2,1,1656499939089.jpg,4970/22,0,,0,0,0,0,0,0,0,0,0,0,0,0,0,0,0,0,0,0,,,2,,,,,,,,,,,,,,,,,,,,,,,,,,,,0,4970_22,2022-06-28,,,2,27-62_Lu_HDS_ca_E,27-62_Lu_HDS_ca_E.zip,1,2,https://cloud.butterflynetwork.com/-/shared/PO2TMo-2TJqNbF8YQfzz3Q?region=US,0,0,0,0,0,0,0,0,0,0,0,,2,,,,,,,,,,,,,,,,,,,,,,,,,,,,,,,,,,,,,,,,,,,,,,,,,,0,,,0,0,0,0,0,0,0,0,0,0,0,0,0,0,0,0,0,,,,,,,,,,,,,,,,,,,,0,,,,,0,,,,,,,,,,,0,,,,,,,,,,,,,,,,,,,,,,,,,,,,,0,,,0,0,0,0,0,0,0,0,0,0,0,0,0,0,0,0,0,0,0,0,0,0,,,,,,,,,,,,,,,,,,,,,,,0,0,0,0,0,0,0,0,0,0,0,0,,,0,0,0,0,0,0,0,0,0,0,,,,,0,,0,0,0,0,0,0,0,0,0,0,0,0,0,0,0,0,0,0,0,0,0,0,0,0,0,0,0,0,0,0,0,0,0,0,0,0,0,0,0,0,0,0,0,0,0,0,0,0,0,0,0,0,0,0,0,0,0,0,0,0,0,0,0,0,0,0,0,0,0,0,0,0,0,0,0,0,0,0,0,0,0,0,0,0,0,0,0,0,0,0,0,0,0,0,0,0,0,0,,,0
27-63,hds,"2022-06-26 21:44",1,1,0,0,1,1,,2,17,2,,14,1,,,,,,0,0,1,0,0,0,1,0,0,0,0,0,0,0,0,0,0,0,0,,,,,1,,,7,,,,,,,,2,,,,1,0,0,0,0,0,0,0,0,0,0,0,0,0,,,,,,,,1,,,,,,,,,,,,,,3,0,0,0,0,0,0,0,0,0,0,0,0,0,,0,0,0,0,,2,,,,,,0,0,0,0,0,0,0,0,0,0,0,0,0,0,,,0,1,1,2,2022,3,0,,,0,0,55,,36.4,154,120,74,24,99,7.4,15,1,0,0,1,,2,0,0,1,2,1,,0,,0,0,0,0,0,0,0,0,0,0,0,0,0,0,0,0,0,0,0,0,0,0,0,0,0,0,0,0,0,0,0,0,0,0,0,0,0,0,0,0,0,0,0,0,0,0,0,0,0,0,0,0,0,0,0,0,,,0,0,0,0,0,0,0,0,0,0,0,0,0,0,2,1,0,,1,1,1,1,1,1,1,4,2,1,4,1,1,1,0,,,,,,2,2,,3,0,0,0,0,0,0,0,0,0,1,0,0,0,0,0,0,0,0,0,0,0,0,0,1,0,0,1,0,0,0,0,0,0,0,0,0,0,0,0,0,,,,3,,,,,,,,0,0,0,0,1,0,0,0,0,0,0,2,1,,AGOH2174NOF,,,,1,1,1,0,0,0,0,0,0,0,0,0,0,0,0,0,,1,,AGOH2176NOF,,1,0,0,0,0,0,0,0,0,0,,0,,,,,1,,AGOH2175NOF,,0,,,,0,,,0,,,2,2,1,1656499879998.jpg,5004/22,0,,0,0,0,0,0,0,0,0,0,0,0,0,0,0,0,0,0,0,,,2,,,,,,,,,,,,,,,,,,,,,,,,,,,,0,5004_22,2022-06-29,,,2,27-63_Lu_HDS_ca_E,27-63_Lu_HDS_ca_E.zip,1,2,https://cloud.butterflynetwork.com/-/shared/9Z40OBcgRdiupIw59Y3L6Q?region=US,0,0,0,0,0,0,0,0,0,0,0,,2,,,,,,,,,,,,,,,,,,,,,,,,,,,,,,,,,,,,,,,,,,,,,,,,,,0,,,0,0,0,0,0,0,0,0,0,0,0,0,0,0,0,0,0,,,,,,,,,,,,,,,,,,,,0,,,,,0,,,,,,,,,,,0,,,,,,,,,,,,,,,,,,,,,,,,,,,,,0,,,0,0,0,0,0,0,0,0,0,0,0,0,0,0,0,0,0,0,0,0,0,0,,,,,,,,,,,,,,,,,,,,,,,0,0,0,0,0,0,0,0,0,0,0,0,,,0,0,0,0,0,0,0,0,0,0,,,,,0,,0,0,0,0,0,0,0,0,0,0,0,0,0,0,0,0,0,0,0,0,0,0,0,0,0,0,0,0,0,0,0,0,0,0,0,0,0,0,0,0,0,0,0,0,0,0,0,0,0,0,0,0,0,0,0,0,0,0,0,0,0,0,0,0,0,0,0,0,0,0,0,0,0,0,0,0,0,0,0,0,0,0,0,0,0,0,0,0,0,0,0,0,0,0,0,0,0,0,,,0
27-64,hds,"2022-06-28 16:35",1,1,0,0,1,1,,2,6,2,,5,1,,,,,,0,0,1,0,0,0,0,0,0,0,0,0,0,0,0,0,0,0,0,,,,,2,,,,,,,,,,,2,,,,2,0,1,0,1,0,0,0,0,0,0,0,0,0,,,7,,7,,,1,,,,,,,,,,,,,,1,0,0,0,0,0,0,0,0,0,0,0,0,0,,1,1,0,0,,3,,,,,,0,0,0,0,0,0,0,0,0,0,0,0,0,0,,,0,1,2,3,2022,2,0,,,0,2,,,34.0,91,102,59,22,90,3.7,15,1,0,0,1,,3,1,0,0,2,1,,0,,0,0,0,0,0,0,0,0,0,0,0,0,0,0,0,0,0,0,0,0,0,0,0,0,0,0,0,0,0,0,0,0,0,0,0,0,0,0,0,0,0,0,0,0,0,0,0,0,0,0,0,0,0,0,0,0,,,0,0,0,0,0,0,0,0,0,0,0,0,0,0,2,1,0,,4,2,4,1,8,2,8,2,5,2,4,,7,4,1,2,1,,1,,2,2,,7,0,0,0,0,0,0,0,0,0,0,0,0,0,0,0,0,0,0,0,0,0,0,0,1,0,0,1,0,0,0,0,0,0,0,0,0,0,0,0,0,,,,5,,,,,,,,0,0,1,0,0,0,0,0,0,0,0,2,1,,AGOG7567NOF,,,1656499652859.jpg,1,1,1,0,0,0,1,0,0,0,0,0,0,0,0,0,,1,,AKKN0233p,1656499629811.jpg,1,0,0,0,0,0,0,0,0,0,,0,,,,,1,,,1656499603957.jpg,1,,,1656499569045.jpg,0,,,0,,,2,2,1,1656500025196.jpg,4991/22,0,,0,0,0,0,0,0,0,0,0,0,0,0,0,0,0,0,0,0,,,2,,,,,,,,,,,,,,,,,,,,,,,,,,,,0,4991_22,2022-06-29,,,2,,,,0,https://cloud.butterflynetwork.com/-/shared/rodpr-53SoSrQFDehqltQw?region=US,0,0,0,0,0,0,0,0,0,0,0,,2,,,,,,,,,,,,,,,,,,,,,,,,,,,,,,,,,,,,,,,,,,,,,,,,,,0,,,0,0,0,0,0,0,0,0,0,0,0,0,0,0,0,0,0,,,,,,,,,,,,,,,,,,,,0,,,,,0,,,,,,,,,,,0,,,,,,,,,,,,,,,,,,,,,,,,,,,,,0,,,0,0,0,0,0,0,0,0,0,0,0,0,0,0,0,0,0,0,0,0,0,0,,,,,,,,,,,,,,,,,,,,,,,0,0,0,0,0,0,0,0,0,0,0,0,,,0,0,0,0,0,0,0,0,0,0,,,,,0,,0,0,0,0,0,0,0,0,0,0,0,0,0,0,0,0,0,0,0,0,0,0,0,0,0,0,0,0,0,0,0,0,0,0,0,0,0,0,0,0,0,0,0,0,0,0,0,0,0,0,0,0,0,0,0,0,0,0,0,0,0,0,0,0,0,0,0,0,0,0,0,0,0,0,0,0,0,0,0,0,0,0,0,0,0,0,0,0,0,0,0,0,0,0,0,0,0,0,,,0
27-65,hds,"2022-06-30 16:11",1,1,0,0,1,1,,2,15,3,,,,2,,,,,0,1,0,0,0,0,0,1,0,0,1,0,0,0,0,0,0,0,0,,14,0,,,,,,5,,,5,,,,1,0,0,1,2,0,1,0,0,0,0,1,0,0,0,0,0,0,Bactrim,,7,,,,7,2,,,,2016,,0,,0,,3,5,,,3,1,1,0,0,0,0,0,0,0,0,0,0,0,,0,1,0,0,,1,,,,,1,0,0,0,0,0,0,0,0,0,0,0,0,0,0,,,0,1,2,2,2021,,0,,,0,2,74.2,,37.4,77,147,70,22,77,5.4,13,1,1,0,2,,3,0,0,1,2,1,,0,,0,0,0,0,0,0,0,0,0,0,0,0,0,0,0,0,0,0,0,0,0,0,0,0,0,0,0,0,0,0,0,0,0,0,0,0,0,0,0,0,0,0,0,0,0,0,0,0,0,0,0,0,0,0,0,0,,,0,0,0,0,0,0,0,0,0,0,0,0,0,0,2,3,0,,1,1,4,1,4,1,1,1,1,5,1,1,1,4,0,,,,,,2,2,,3,0,0,0,0,0,1,0,0,0,0,0,0,0,0,0,0,0,0,0,0,0,0,1,1,0,0,1,0,0,0,0,0,0,0,0,0,0,0,0,0,,,,5,,,,,,,,1,1,0,0,1,0,0,0,0,0,0,2,1,,AGOH3553NOF,,,,1,1,1,0,1,0,1,0,0,0,0,0,0,0,0,0,,1,AGOH3567NOF,,,1,0,0,0,0,0,0,0,0,0,,0,,,,,1,,AGOH3554NOF,,0,,,,0,,,0,,,1,2,1,1656676818839.jpg,5029/22,0,,0,0,0,0,0,0,0,0,0,0,0,0,0,0,0,0,0,1,4472/22,1656676886196.jpg,2,,,,,,,,,,,,,,,,,,,,,,,,,,,,0,5029_22,2022-06-30,"4472_22 (PA)",,2,27-65_Lu_HDS_ca_E,27-65_Lu_HDS_ca_E.zip,1,2,https://cloud.butterflynetwork.com/-/shared/5JUwy8cCSRuo8-hKu0gX3A?region=US,0,0,0,0,0,0,0,0,0,0,0,,2,,,,,,,,,,,,,,,,,,,,,,,,,,,,,,,,,,,,,,,,,,,,,,,,,,0,,,0,0,0,0,0,0,0,0,0,0,0,0,0,0,0,0,0,,,,,,,,,,,,,,,,,,,,0,,,,,0,,,,,,,,,,,0,,,,,,,,,,,,,,,,,,,,,,,,,,,,,0,,,0,0,0,0,0,0,0,0,0,0,0,0,0,0,0,0,0,0,0,0,0,0,,,,,,,,,,,,,,,,,,,,,,,0,0,0,0,0,0,0,0,0,0,0,0,,,0,0,0,0,0,0,0,0,0,0,,,,,0,,0,0,0,0,0,0,0,0,0,0,0,0,0,0,0,0,0,0,0,0,0,0,0,0,0,0,0,0,0,0,0,0,0,0,0,0,0,0,0,0,0,0,0,0,0,0,0,0,0,0,0,0,0,0,0,0,0,0,0,0,0,0,0,0,0,0,0,0,0,0,0,0,0,0,0,0,0,0,0,0,0,0,0,0,0,0,0,0,0,0,0,0,0,0,0,0,0,0,,,0
27-66,hds,"2022-07-02 16:36",1,1,0,0,1,1,,2,17,2,,7,0,,,,,,0,0,0,0,0,1,1,1,0,0,0,0,0,0,0,0,0,0,0,,,,97,,,,14,5,,,,,,,2,,,,1,0,0,0,0,0,0,0,0,0,0,0,0,0,,,,,,,,2,,,,2019,,0,,0,,3,4,,,3,0,0,0,0,0,0,0,0,0,0,0,0,0,,0,0,0,0,,1,77,2021-08-09,,,2,0,0,0,0,0,0,0,0,0,0,0,0,0,0,,,0,0,,,,,0,,,0,2,40,,36.2,82,93,53,18,85,10.2,14,0,1,1,2,,3,0,0,1,2,1,,0,,0,0,0,0,0,0,0,0,0,0,0,0,0,0,0,0,0,0,0,0,0,0,0,0,0,0,0,0,0,0,0,0,0,0,0,0,0,0,0,0,0,0,0,0,0,0,0,0,0,0,0,0,0,0,0,0,,,0,0,0,0,0,0,0,0,0,0,0,0,0,0,2,2,0,,,,,,,,,,,,,,,,0,,,,,,2,2,,3,0,0,0,0,0,0,1,0,0,0,0,0,0,0,0,0,0,0,0,0,0,0,1,1,0,0,1,0,1,0,0,0,0,0,0,0,0,0,0,0,,,,5,,5,,,,,,0,0,1,0,0,0,0,0,0,0,0,2,1,,AGOH3516NOF,,,,1,1,1,0,1,1,0,0,0,0,0,0,0,0,0,0,,1,,AGOH3517NOF,,1,0,0,0,0,0,0,0,0,0,,0,,,,,1,,AGOH3518NOF,,0,,,,0,,,0,,,2,2,1,,5143/22,0,,0,0,0,0,0,0,0,0,0,0,0,0,0,0,0,0,0,0,,,2,,,,,,,,,,,,,,,,,,,,,,,,,,,,0,5143_22,2022-07-05,,,2,27-66_Lu_HDS_ca_E,27-66_Lu_HDS_ca_E.zip,1,2,https://cloud.butterflynetwork.com/-/shared/tctUgEeBS_KVyzZkBMlAfg?region=US,0,0,0,0,0,0,0,0,0,0,0,,2,,,,,,,,,,,,,,,,,,,,,,,,,,,,,,,,,,,,,,,,,,,,,,,,,,0,,,0,0,0,0,0,0,0,0,0,0,0,0,0,0,0,0,0,,,,,,,,,,,,,,,,,,,,0,,,,,0,,,,,,,,,,,0,,,,,,,,,,,,,,,,,,,,,,,,,,,,,0,,,0,0,0,0,0,0,0,0,0,0,0,0,0,0,0,0,0,0,0,0,0,0,,,,,,,,,,,,,,,,,,,,,,,0,0,0,0,0,0,0,0,0,0,0,0,,,0,0,0,0,0,0,0,0,0,0,,,,,0,,0,0,0,0,0,0,0,0,0,0,0,0,0,0,0,0,0,0,0,0,0,0,0,0,0,0,0,0,0,0,0,0,0,0,0,0,0,0,0,0,0,0,0,0,0,0,0,0,0,0,0,0,0,0,0,0,0,0,0,0,0,0,0,0,0,0,0,0,0,0,0,0,0,0,0,0,0,0,0,0,0,0,0,0,0,0,0,0,0,0,0,0,0,0,0,0,0,0,,,0
27-67,hds,"2022-06-29 16:35",1,1,0,0,1,1,,2,17,3,,,,1,,,,,0,1,0,0,0,0,0,0,0,0,0,0,0,0,0,0,0,0,0,,3,0,,,,,,,,,,,,,2,,,,1,0,0,0,0,0,0,0,0,0,0,0,0,0,,,,,,,,2,,,,2021,,0,,0,,3,3,,,3,0,0,0,0,0,0,0,0,0,0,0,0,0,,0,1,0,0,,3,,,,,,0,0,0,0,0,0,0,0,0,0,0,0,0,0,,,0,0,,,,,0,,,0,2,,,36.8,97,146,73,20,82,7.9,15,0,0,0,0,,2,1,0,0,2,1,,0,,0,0,0,0,0,0,0,0,0,0,0,0,0,0,0,0,0,0,0,0,0,0,0,0,0,0,0,0,0,0,0,0,0,0,0,0,0,0,0,0,0,0,0,0,0,0,0,0,0,0,0,0,0,0,0,0,,,0,0,0,0,0,0,0,0,0,0,0,0,0,0,2,1,0,,4,5,5,1,5,7,7,4,4,4,4,5,5,4,1,2,2,,1,,2,2,,,0,0,0,0,0,0,0,0,0,0,0,0,0,0,0,0,0,0,0,0,0,0,0,1,0,0,1,0,0,0,0,0,0,0,0,0,0,0,0,0,,,,5,,,,,,,,0,1,1,0,0,0,0,0,0,0,0,0,1,AGOE2061NOF,,,,,1,1,1,0,0,0,0,0,0,0,0,0,0,0,0,0,,1,AGOG6242NOF,,,1,0,0,0,0,0,0,0,0,0,,0,,,,,1,AGOH3910NOF,,,0,,,,0,,,0,,,2,2,1,27-67.jpg,5069/22,0,,0,0,0,0,0,0,0,0,0,0,0,0,0,0,0,0,0,0,,,2,,,,,,,,,,,,,,,,,,,,,,,,,,,,0,5069_22,2022-07-01,,,2,27-67_Lu_HDS_ca_E,27-67_Lu_HDS_ca_E.zip,1,2,https://cloud.butterflynetwork.com/-/shared/qFv5KKx1SQKoLyvgXJ4lUA?region=US,0,0,0,0,0,0,0,0,0,0,0,,2,,,,,,,,,,,,,,,,,,,,,,,,,,,,,,,,,,,,,,,,,,,,,,,,,,0,,,0,0,0,0,0,0,0,0,0,0,0,0,0,0,0,0,0,,,,,,,,,,,,,,,,,,,,0,,,,,0,,,,,,,,,,,0,,,,,,,,,,,,,,,,,,,,,,,,,,,,,0,,,0,0,0,0,0,0,0,0,0,0,0,0,0,0,0,0,0,0,0,0,0,0,,,,,,,,,,,,,,,,,,,,,,,0,0,0,0,0,0,0,0,0,0,0,0,,,0,0,0,0,0,0,0,0,0,0,,,,,0,,0,0,0,0,0,0,0,0,0,0,0,0,0,0,0,0,0,0,0,0,0,0,0,0,0,0,0,0,0,0,0,0,0,0,0,0,0,0,0,0,0,0,0,0,0,0,0,0,0,0,0,0,0,0,0,0,0,0,0,0,0,0,0,0,0,0,0,0,0,0,0,0,0,0,0,0,0,0,0,0,0,0,0,0,0,0,0,0,0,0,0,0,0,0,0,0,0,0,,,0
27-68,hds,"2022-07-04 10:45",1,1,0,0,1,1,0,2,16,1,8,,,,,,,,0,0,1,0,0,0,0,1,0,0,0,0,0,0,0,0,0,0,0,,,,,30,,,,,,,,,,,2,,,,1,0,0,0,0,0,0,0,0,0,0,0,0,0,,,,,,,,1,,,,,,,,,,,,,,1,0,0,0,0,0,0,0,0,0,0,0,0,0,,0,0,0,0,,2,,,,,,0,0,0,0,0,0,0,0,0,0,0,0,0,0,,,0,1,1,1,2021,8,0,,,0,0,54,,36.2,118,117,73,16,76,25,15,0,0,0,0,,2,0,0,1,2,1,,1,1,0,0,0,0,0,0,0,0,0,0,0,0,0,0,1,1,1,1,0,0,0,0,0,0,0,0,0,0,0,0,0,0,1,1,0,0,0,0,0,0,0,0,0,0,0,0,0,0,1,1,0,0,0,0,0,0,0,,0,0,0,0,0,0,0,0,0,0,0,0,0,0,2,2,,,,,,,,,,,,,,,,,0,,,,,,2,2,,3,0,0,0,0,0,1,0,0,0,0,0,0,0,0,0,0,0,0,0,0,0,0,0,1,0,0,1,0,0,0,0,0,1,0,0,0,0,0,0,0,,,,5,,,,,,5,,0,1,0,0,1,0,0,0,0,0,0,2,1,AGOH3533NOF,,,,,1,1,1,0,1,0,0,0,0,0,0,0,0,0,0,0,,1,AGOH3897NOF,,,1,0,0,0,0,0,0,0,0,0,,0,,,,,1,AGOH3534NOF,,,0,,,,0,,,0,,,0,2,0,,,,,0,0,0,0,0,0,0,0,0,0,0,0,0,0,0,0,0,0,,,2,,,,,,,,,,,,,,,,,,,,,,,,,,,,0,,,,,2,27-68_Lu_HDS_ca_E,27-68_Lu_HDS_ca_E.zip,1,2,https://cloud.butterflynetwork.com/-/shared/jrXBPcogQ0OkUU99AtAKyA?region=US,0,0,0,0,0,0,0,0,0,0,0,,2,,,,,,,,,,,,,,,,,,,,,,,,,,,,,,,,,,,,,,,,,,,,,,,,,,0,,,0,0,0,0,0,0,0,0,0,0,0,0,0,0,0,0,0,,,,,,,,,,,,,,,,,,,,0,,,,,0,,,,,,,,,,,0,,,,,,,,,,,,,,,,,,,,,,,,,,,,,0,,,0,0,0,0,0,0,0,0,0,0,0,0,0,0,0,0,0,0,0,0,0,0,,,,,,,,,,,,,,,,,,,,,,,0,0,0,0,0,0,0,0,0,0,0,0,,,0,0,0,0,0,0,0,0,0,0,,,,,0,,0,0,0,0,0,0,0,0,0,0,0,0,0,0,0,0,0,0,0,0,0,0,0,0,0,0,0,0,0,0,0,0,0,0,0,0,0,0,0,0,0,0,0,0,0,0,0,0,0,0,0,0,0,0,0,0,0,0,0,0,0,0,0,0,0,0,0,0,0,0,0,0,0,0,0,0,0,0,0,0,0,0,0,0,0,0,0,0,0,0,0,0,0,0,0,0,0,0,,,0
27-69,hds,"2022-07-06 14:46",1,1,0,0,1,1,0,2,14,1,7,,,,,,,,0,1,0,0,0,0,0,0,0,0,0,0,0,0,0,0,0,0,0,,30,1,,,,,,,,,,,,,2,,,,1,0,0,0,0,0,0,0,0,0,0,0,0,0,,,,,,,,1,,,,,,,,,,,,,,1,0,0,0,0,0,0,0,0,0,0,0,0,0,,0,0,0,0,,3,,,,,,0,0,0,0,0,0,0,0,0,0,0,0,0,0,,,,1,2,2,2021,7,0,,,0,0,,,36,106,175,92,18,95,21.3,15,0,0,0,0,,2,0,0,0,2,1,,1,0,0,0,0,0,0,0,0,0,0,0,0,0,0,0,0,0,0,0,0,0,0,0,0,0,0,0,0,0,0,0,0,0,0,0,0,0,0,0,0,0,0,0,0,0,0,0,0,0,0,0,0,0,0,0,0,0,,,0,0,0,0,0,0,0,0,0,0,0,0,0,0,2,1,0,,1,1,1,8,8,1,7,7,4,5,2,4,7,5,0,,,,,,2,1,,3,0,0,0,1,0,0,0,0,0,0,0,0,0,0,0,0,0,0,0,0,0,0,0,1,0,0,1,0,0,0,0,0,0,0,0,0,0,0,0,0,,,,5,,,,,,,,0,0,1,0,0,0,0,0,0,0,0,2,1,,AGOH3541NOF,,,,1,1,1,0,0,0,0,0,0,0,0,0,0,0,0,0,,1,,AGOG7350NOF,,1,0,0,0,0,0,0,0,0,0,,0,,,,,0,,,,1,,AGOH3541NOF,,0,,,0,,,2,2,1,27-69.cxr_photo.1657717382593.1657112336040.jpg,"Film / print only",0,,0,0,0,0,0,0,0,0,0,0,0,0,0,0,0,0,0,0,,,2,,,,,,,,,,,,,,,,,,,,,,,,,,,,0,,,,,2,,,,0,https://cloud.butterflynetwork.com/-/shared/tUWPwUUWRNy3ejYwa45T6A?region=US,0,0,0,0,0,0,0,0,0,0,0,,2,,,,,,,,,,,,,,,,,,,,,,,,,,,,,,,,,,,,,,,,,,,,,,,,,,0,,,0,0,0,0,0,0,0,0,0,0,0,0,0,0,0,0,0,,,,,,,,,,,,,,,,,,,,0,,,,,0,,,,,,,,,,,0,,,,,,,,,,,,,,,,,,,,,,,,,,,,,0,,,0,0,0,0,0,0,0,0,0,0,0,0,0,0,0,0,0,0,0,0,0,0,,,,,,,,,,,,,,,,,,,,,,,0,0,0,0,0,0,0,0,0,0,0,0,,,0,0,0,0,0,0,0,0,0,0,,,,,0,,0,0,0,0,0,0,0,0,0,0,0,0,0,0,0,0,0,0,0,0,0,0,0,0,0,0,0,0,0,0,0,0,0,0,0,0,0,0,0,0,0,0,0,0,0,0,0,0,0,0,0,0,0,0,0,0,0,0,0,0,0,0,0,0,0,0,0,0,0,0,0,0,0,0,0,0,0,0,0,0,0,0,0,0,0,0,0,0,0,0,0,0,0,0,0,0,0,0,,,0
27-70,hds,"2022-07-06 12:50",1,1,0,0,1,1,0,2,16,2,,5,0,,,,,,0,0,0,1,0,0,0,0,0,0,0,0,0,0,0,0,0,0,0,,,,,,3,,,,,,,,,,2,,,,1,0,0,0,0,0,0,0,0,0,0,0,0,0,,,,,,,,1,,,,,,,,,,,,,,1,0,0,0,0,0,0,0,0,0,0,0,0,0,,1,1,0,0,,3,,,,,,0,0,0,0,0,0,0,0,0,0,0,0,0,0,,,0,1,2,2,2021,9,0,,,0,0,,,36.2,91,117,58,18,95,5.7,15,0,0,0,0,,2,0,0,0,2,1,,1,1,1,0,0,0,0,0,0,0,0,0,0,0,0,0,0,0,0,0,1,0,0,0,0,0,0,0,0,0,0,0,0,0,0,0,0,0,0,0,0,0,0,0,0,0,1,0,0,0,0,0,0,0,0,0,0,0,0,,0,0,0,0,0,0,0,0,0,0,0,0,0,0,2,2,0,,2,1,1,1,2,,3,1,1,1,1,,4,3,0,,,,,,2,2,,3,0,0,0,0,0,0,0,0,0,0,0,0,0,0,0,1,0,0,0,0,0,0,0,1,0,0,1,0,0,0,0,0,0,0,0,0,0,0,0,0,,,,7,,,,,,,,0,0,1,0,0,0,0,0,0,0,0,2,1,AGOH3537NOF,,,,,1,1,1,0,0,0,0,0,0,0,0,0,0,0,0,0,,1,,AGOH2760NOF,,1,0,0,0,0,0,0,0,0,0,,0,,,,,1,AGOH2709NOF,,,0,,,,0,,,0,,,2,2,1,27-70.cxr_photo.1657717382593.1657263096458.jpg,5165/22,0,,0,0,0,0,0,0,0,0,0,0,0,0,0,0,0,0,0,0,,,2,,,,,,,,,,,,,,,,,,,,,,,,,,,,0,5165_22,2022-07-06,,,2,27-70_Lu_HDS_ca_E,27-70_Lu_HDS_ca_E.zip,1,2,https://cloud.butterflynetwork.com/-/shared/MJ-eT3KTSjuBhemPWo2yNw?region=US,0,0,0,0,0,0,0,0,0,0,0,,2,,,,,,,,,,,,,,,,,,,,,,,,,,,,,,,,,,,,,,,,,,,,,,,,,,0,,,0,0,0,0,0,0,0,0,0,0,0,0,0,0,0,0,0,,,,,,,,,,,,,,,,,,,,0,,,,,0,,,,,,,,,,,0,,,,,,,,,,,,,,,,,,,,,,,,,,,,,0,,,0,0,0,0,0,0,0,0,0,0,0,0,0,0,0,0,0,0,0,0,0,0,,,,,,,,,,,,,,,,,,,,,,,0,0,0,0,0,0,0,0,0,0,0,0,,,0,0,0,0,0,0,0,0,0,0,,,,,0,,0,0,0,0,0,0,0,0,0,0,0,0,0,0,0,0,0,0,0,0,0,0,0,0,0,0,0,0,0,0,0,0,0,0,0,0,0,0,0,0,0,0,0,0,0,0,0,0,0,0,0,0,0,0,0,0,0,0,0,0,0,0,0,0,0,0,0,0,0,0,0,0,0,0,0,0,0,0,0,0,0,0,0,0,0,0,0,0,0,0,0,0,0,0,0,0,0,0,,,0
27-71,hds,"2022-07-11 11:37",1,1,0,0,1,1,0,2,17,2,,6,1,,,,,,0,1,0,0,0,0,0,0,0,0,0,0,0,0,0,0,0,0,0,,5,1,,,,,,,,,,,,,2,,,,1,0,0,0,0,0,0,0,0,0,0,0,0,0,,,,,,,,2,,,,2019,,0,,1,0,4,,3,5,1,0,0,0,0,0,0,0,0,0,0,0,0,0,,0,0,0,0,,1,,,450,2022-07-11,2,0,0,0,0,0,0,0,0,0,0,0,0,0,0,,,0,0,,,,,0,,,0,2,40,163,36.1,113,93,56,18,98,6.9,15,0,0,1,1,15.05513944822914,2,0,0,1,2,1,,0,,0,0,0,0,0,0,0,0,0,0,0,0,0,0,0,0,0,0,0,0,0,0,0,0,0,0,0,0,0,0,0,0,0,0,0,0,0,0,0,0,0,0,0,0,0,0,0,0,0,0,0,0,0,0,0,0,,,0,0,0,0,0,0,0,0,0,0,0,0,0,0,2,2,0,,,,,,,,,,,,,,,,0,,,,,,2,1,,1,0,0,0,0,0,1,0,0,0,0,0,0,0,0,0,0,0,0,0,0,0,0,0,1,0,0,1,0,0,1,0,0,0,0,0,0,0,0,0,0,,,,7,,,7,,,,,0,0,1,0,0,0,0,0,0,0,0,2,1,,AGOH2396NOF,,,,0,0,0,0,1,0,0,0,0,0,0,0,0,0,0,0,,1,,AGOG7317NOF,,1,0,0,0,0,0,0,0,0,0,,1,0,,,,0,,,,0,,,,0,,,0,,,2,2,1,27-71.cxr_photo.1657717382593.1657546349580.jpg,5111/22,1,,0,0,0,0,0,0,0,0,0,0,0,0,0,0,0,0,0,1,2970/19,,2,,,,,,,,,,,,,,,,,,,,,,,,,,,,0,5111_22,2022-07-04,,,2,27-71_Lu_HDS_ca_E,27-71_Lu_HDS_ca_E.zip,1,2,https://cloud.butterflynetwork.com/-/shared/TnK4OQJcQRmcgYmNivwgTw?region=US,0,0,0,0,0,0,0,0,0,0,0,,2,,,,,,,,,,,,,,,,,,,,,,,,,,,,,,,,,,,,,,,,,,,,,,,,,,0,,,0,0,0,0,0,0,0,0,0,0,0,0,0,0,0,0,0,,,,,,,,,,,,,,,,,,,,0,,,,,0,,,,,,,,,,,0,,,,,,,,,,,,,,,,,,,,,,,,,,,,,0,,,0,0,0,0,0,0,0,0,0,0,0,0,0,0,0,0,0,0,0,0,0,0,,,,,,,,,,,,,,,,,,,,,,,0,0,0,0,0,0,0,0,0,0,0,0,,,0,0,0,0,0,0,0,0,0,0,,,,,0,,0,0,0,0,0,0,0,0,0,0,0,0,0,0,0,0,0,0,0,0,0,0,0,0,0,0,0,0,0,0,0,0,0,0,0,0,0,0,0,0,0,0,0,0,0,0,0,0,0,0,0,0,0,0,0,0,0,0,0,0,0,0,0,0,0,0,0,0,0,0,0,0,0,0,0,0,0,0,0,0,0,0,0,0,0,0,0,0,0,0,0,0,0,0,0,0,0,0,,,0
27-72,hds,"2022-07-11 22:41",1,1,0,0,1,1,,2,,1,3,,,,,,,,1,0,0,1,0,0,0,1,0,0,0,0,0,0,0,0,0,0,0,3,,,,,4,,,4,,,,,,,2,,,,1,0,0,0,0,0,0,0,0,0,0,0,0,0,,,,,,,,1,,,,,,,,,,,,,,1,0,0,0,0,0,0,0,0,0,0,0,0,0,,0,,0,0,,1,,,,,1,0,0,0,0,0,0,0,0,0,0,0,0,0,0,,,0,1,1,1,2021,9,0,,,0,2,,,36,109,130,68,20,87,7,,0,0,0,0,,2,0,0,1,2,1,,1,1,0,0,0,1,0,1,0,0,0,0,0,0,0,0,0,0,0,0,0,0,0,0,0,0,0,0,0,0,0,0,0,0,0,0,0,0,0,0,0,0,0,0,0,0,0,0,0,0,0,0,0,0,0,0,0,0,0,,0,0,0,0,0,0,0,0,0,0,0,0,0,0,2,2,0,,2,4,1,4,1,2,4,1,4,1,1,1,2,4,0,,,,,,2,2,,6,0,0,0,0,0,0,0,0,0,0,0,0,0,0,0,0,0,0,0,0,0,0,0,1,0,0,1,0,0,0,0,0,0,0,0,0,0,0,0,0,,,,7,,,,,,,,0,0,1,0,0,0,0,0,0,0,0,2,1,AGOH2918NOF,,,,,1,1,1,0,1,1,0,0,0,0,0,0,0,0,0,0,,1,AGOH2919NOF,,,1,0,0,0,0,0,0,0,0,0,,0,,,,,1,AGOH2920NOF,,,0,,,,0,,,0,,,2,2,1,27-72.cxr_photo.1657717382593.1657623966804.jpg,5301/22,0,,0,0,0,0,0,0,0,0,0,0,0,0,0,0,0,0,0,0,,,2,,,,,,,,,,,,,,,,,,,,,,,,,,,,0,5301_22,2022-07-12,,,2,27-72_Lu_HDS_ca_E,27-72_Lu_HDS_ca_E.zip,1,2,https://cloud.butterflynetwork.com/-/shared/v_EdWgeFSziIcNl1kNUoFg?region=US,0,1,0,0,0,0,0,0,0,0,0,,0,,,,,,,,,,,,,,,,,,,,,,,,,,,,,,,,,,,,,,,,,,,,,,,,,,0,,,0,0,0,0,0,0,0,0,0,0,0,0,0,0,0,0,0,,,,,,,,,,,,,,,,,,,,0,,,,,0,,,,,,,,,,,0,,,,,,,,,,,,,,,,,,,,,,,,,,,,,0,,,0,0,0,0,0,0,0,0,0,0,0,0,0,0,0,0,0,0,0,0,0,0,,,,,,,,,,,,,,,,,,,,,,,0,0,0,0,0,0,0,0,0,0,0,0,,,0,0,0,0,0,0,0,0,0,0,,,,,0,,0,0,0,0,0,0,0,0,0,0,0,0,0,0,0,0,0,0,0,0,0,0,0,0,0,0,0,0,0,0,0,0,0,0,0,0,0,0,0,0,0,0,0,0,0,0,0,0,0,0,0,0,0,0,0,0,0,0,0,0,0,0,0,0,0,0,0,0,0,0,0,0,0,0,0,0,0,0,0,0,0,0,0,0,0,0,0,0,0,0,0,0,0,0,0,0,0,0,,,0
27-75,hds,"2022-07-06 17:46",1,1,0,0,1,1,,2,16,2,,21,0,,,,,,0,0,0,1,0,1,0,1,0,0,0,0,0,0,0,0,0,0,0,,,,30,,18,,,2,,,,,,,2,,,,1,0,0,0,0,0,0,0,0,0,0,0,0,0,,,,,,,,1,,,,,,,,,,,,,,1,0,0,0,0,0,0,0,0,0,0,0,0,0,,0,0,0,0,,2,255,2022-07-11,,,,0,0,0,0,0,0,0,0,0,0,0,0,0,0,,,0,0,,,,,0,,,0,2,55,,38.6,152,100,56,32,92,7.5,15,1,0,1,2,,1,0,0,0,2,1,,1,1,0,0,0,0,0,0,0,0,0,0,0,0,0,0,0,1,0,0,0,1,0,0,0,0,0,0,0,0,0,0,0,0,0,0,0,0,0,0,0,0,0,0,0,0,0,0,0,0,0,0,0,0,0,0,0,0,0,,0,0,0,0,0,0,0,0,0,0,0,0,0,0,2,1,0,,4,2,1,2,4,1,7,7,7,7,7,7,7,7,1,3,2,1,1,1,2,2,,1,0,0,0,0,0,0,0,0,0,0,0,0,0,0,0,0,0,0,0,0,0,0,0,1,0,0,1,1,0,0,0,0,1,0,0,0,0,0,0,0,,,,5,5,,,,,5,,0,0,1,0,0,0,0,0,0,0,0,2,1,,AGOH2725NOF,,,,1,1,1,1,1,0,0,0,0,1,0,0,0,0,0,0,ESR,1,,,,1,0,0,0,0,0,0,0,0,0,,0,,,,,1,,AGOH2724NOF,,1,,,1657698403511.jpg,0,,,0,,,2,2,1,,5187/22,0,,0,0,0,0,0,0,0,0,0,0,0,0,0,0,0,0,0,0,,,2,,,,,,,,,,,,,,,,,,,,,,,,,,,,0,"5187_22 (PA)",2022-07-07,,,2,27-75_Lu_HDS_ca_E,27-75_Lu_HDS_ca_E.zip,1,2,https://cloud.butterflynetwork.com/-/shared/mARLi9G3Tk-whvFyr4XRlQ?region=US,0,0,0,0,0,0,0,0,0,0,0,,2,,,,,,,,,,,,,,,,,,,,,,,,,,,,,,,,,,,,,,,,,,,,,,,,,,0,,,0,0,0,0,0,0,0,0,0,0,0,0,0,0,0,0,0,,,,,,,,,,,,,,,,,,,,0,,,,,0,,,,,,,,,,,0,,,,,,,,,,,,,,,,,,,,,,,,,,,,,0,,,0,0,0,0,0,0,0,0,0,0,0,0,0,0,0,0,0,0,0,0,0,0,,,,,,,,,,,,,,,,,,,,,,,0,0,0,0,0,0,0,0,0,0,0,0,,,0,0,0,0,0,0,0,0,0,0,,,,,0,,0,0,0,0,0,0,0,0,0,0,0,0,0,0,0,0,0,0,0,0,0,0,0,0,0,0,0,0,0,0,0,0,0,0,0,0,0,0,0,0,0,0,0,0,0,0,0,0,0,0,0,0,0,0,0,0,0,0,0,0,0,0,0,0,0,0,0,0,0,0,0,0,0,0,0,0,0,0,0,0,0,0,0,0,0,0,0,0,0,0,0,0,0,0,0,0,0,0,,,0
27-76,hds,"2022-07-05 16:20",1,1,0,0,1,1,,2,17,2,,13,0,,,,,,1,0,0,0,0,0,0,1,0,0,1,0,0,0,0,0,0,0,0,5,,,,,,,,3,,,3,,,,2,,,,1,0,0,0,0,0,0,0,0,0,0,0,0,0,,,,,,,,1,,,,,,,,,,,,,,1,0,0,0,0,0,0,0,0,0,0,0,0,0,,0,0,0,0,,2,,,,,,0,0,0,0,0,0,0,0,0,0,0,0,0,0,,,0,0,,,,,0,,,0,0,50,170,39.5,109,107,71,18,97,6.9,15,0,0,0,0,17.301038062283737,2,0,0,0,2,1,,0,,0,0,0,0,0,0,0,0,0,0,0,0,0,0,0,0,0,0,0,0,0,0,0,0,0,0,0,0,0,0,0,0,0,0,0,0,0,0,0,0,0,0,0,0,0,0,0,0,0,0,0,0,0,0,0,0,,,0,0,0,0,0,0,0,0,0,0,0,0,0,0,2,1,0,,,,,,,,,,,,,,,,0,,,,,,2,2,,7,0,1,0,0,0,0,0,0,0,0,0,0,0,0,0,0,0,0,0,0,0,0,1,1,0,0,1,0,0,1,0,0,0,0,0,0,0,0,0,0,,,,5,,,5,,,,,0,0,1,0,0,0,0,0,0,0,0,2,1,,,ADIQ7928HOF,,,1,1,1,1,1,0,0,0,0,1,0,0,0,0,0,0,ESR,0,,,,0,0,0,0,0,0,0,0,0,0,,0,,,,,1,,,,0,,,,0,,,0,,,2,2,1,,5159/22,0,,0,0,0,0,0,0,0,0,0,0,0,0,0,0,0,0,0,0,,,2,,,,,,,,,,,,,,,,,,,,,,,,,,,,0,"5159_22 (PA)",2022-07-06,,,2,27-76_Lu_HDS_ca_E,27-76_Lu_HDS_ca_E.zip,1,2,https://cloud.butterflynetwork.com/-/shared/vfgcPLe1Tl-PApP_TDJMWA?region=US,0,0,0,0,0,0,0,0,0,0,0,,2,,,,,,,,,,,,,,,,,,,,,,,,,,,,,,,,,,,,,,,,,,,,,,,,,,0,,,0,0,0,0,0,0,0,0,0,0,0,0,0,0,0,0,0,,,,,,,,,,,,,,,,,,,,0,,,,,0,,,,,,,,,,,0,,,,,,,,,,,,,,,,,,,,,,,,,,,,,0,,,0,0,0,0,0,0,0,0,0,0,0,0,0,0,0,0,0,0,0,0,0,0,,,,,,,,,,,,,,,,,,,,,,,0,0,0,0,0,0,0,0,0,0,0,0,,,0,0,0,0,0,0,0,0,0,0,,,,,0,,0,0,0,0,0,0,0,0,0,0,0,0,0,0,0,0,0,0,0,0,0,0,0,0,0,0,0,0,0,0,0,0,0,0,0,0,0,0,0,0,0,0,0,0,0,0,0,0,0,0,0,0,0,0,0,0,0,0,0,0,0,0,0,0,0,0,0,0,0,0,0,0,0,0,0,0,0,0,0,0,0,0,0,0,0,0,0,0,0,0,0,0,0,0,0,0,0,0,,,0
27-77,hds,"2022-07-10 16:00",1,1,0,0,1,1,,2,15,2,,16,1,,,,,,0,0,0,0,0,1,0,1,1,0,0,0,0,0,0,0,0,0,0,,,,37,,,,,6,5,,,,,,2,,,,1,0,0,0,0,0,0,0,0,0,0,0,0,0,,,,,,,,1,,,,,,,,,,,,,,1,0,0,0,0,0,0,0,0,0,0,0,0,0,,0,0,0,0,,1,12,2022-06-27,1340000,2022-05-24,2,0,0,0,0,0,0,0,0,0,0,0,0,0,0,,,0,0,,,,,0,,,0,2,,152,36.9,153,98,53,20,98,8.5,15,0,0,1,1,,2,0,0,0,2,1,,1,1,1,1,1,1,0,0,0,0,0,0,0,0,0,0,0,0,0,0,0,0,0,0,0,0,0,0,0,0,0,0,0,0,0,0,0,0,0,0,0,0,0,0,0,0,0,0,0,0,0,0,0,0,0,0,0,0,0,,0,0,0,0,0,0,0,0,0,0,0,0,0,0,2,1,0,,1,1,1,4,4,1,1,1,2,5,1,1,1,1,0,,,,,,2,2,,1,0,0,0,0,0,0,0,0,1,0,0,0,0,0,0,0,0,0,0,0,0,0,0,1,0,0,0,0,1,0,0,0,1,0,0,0,0,0,0,0,,,,,,2,,,,2,,0,0,1,0,0,0,0,0,0,0,0,2,1,,,,,,1,1,1,0,0,0,1,0,0,0,0,0,0,0,0,0,,1,,,,1,0,0,0,0,0,0,0,0,0,,0,,,,,1,,,,0,,,,0,,,0,,,2,2,1,,5252/22,0,,0,0,0,0,0,0,0,0,0,0,0,0,0,0,0,0,0,0,,,2,,,,,,,,,,,,,,,,,,,,,,,,,,,,0,"5252_22 (PA)",2022-07-11,,,2,27-77_Lu_HDS_ca_E,27-77_Lu_HDS_ca_E.zip,1,2,https://cloud.butterflynetwork.com/-/shared/Gh-2WVLcRI6F1RXnq_Vkfg?region=US,0,0,0,0,0,0,0,0,0,0,0,,2,,,,,,,,,,,,,,,,,,,,,,,,,,,,,,,,,,,,,,,,,,,,,,,,,,0,,,0,0,0,0,0,0,0,0,0,0,0,0,0,0,0,0,0,,,,,,,,,,,,,,,,,,,,0,,,,,0,,,,,,,,,,,0,,,,,,,,,,,,,,,,,,,,,,,,,,,,,0,,,0,0,0,0,0,0,0,0,0,0,0,0,0,0,0,0,0,0,0,0,0,0,,,,,,,,,,,,,,,,,,,,,,,0,0,0,0,0,0,0,0,0,0,0,0,,,0,0,0,0,0,0,0,0,0,0,,,,,0,,0,0,0,0,0,0,0,0,0,0,0,0,0,0,0,0,0,0,0,0,0,0,0,0,0,0,0,0,0,0,0,0,0,0,0,0,0,0,0,0,0,0,0,0,0,0,0,0,0,0,0,0,0,0,0,0,0,0,0,0,0,0,0,0,0,0,0,0,0,0,0,0,0,0,0,0,0,0,0,0,0,0,0,0,0,0,0,0,0,0,0,0,0,0,0,0,0,0,,,0
27-78,hds,"2022-07-14 15:48",1,1,0,0,1,1,,2,17,2,,60,1,,,,,,0,0,1,1,0,0,0,1,0,0,0,0,0,0,0,0,0,0,0,,,,,7,7,,,4,,,,,,,2,,,,1,0,0,0,0,0,0,0,0,0,0,0,0,0,,,,,,,,4,"July 2022",2,,,,0,,0,,,,,,1,0,0,0,0,0,0,0,0,0,0,0,0,0,,0,0,0,0,,1,5,2022-07-11,37400,2022-07-11,2,0,0,0,0,0,0,0,0,0,0,0,0,0,0,,,0,0,,,,,0,,,0,2,33,169,36.9,125,92,60,18,98,,15,0,0,1,1,11.554217289310598,2,0,0,1,2,1,,1,1,1,1,1,1,0,1,0,0,0,0,0,0,0,0,0,0,0,0,0,0,0,0,0,0,0,0,0,0,0,0,0,0,0,0,0,0,0,0,0,0,0,0,0,0,0,0,0,0,0,0,0,0,0,0,0,0,0,,0,0,0,0,0,0,0,0,0,0,0,0,0,0,2,1,0,,,,,,,,,,,,,,,,0,,,,,,2,1,,1,0,0,0,0,0,0,0,0,0,0,0,0,0,0,0,0,0,0,0,0,0,0,1,1,0,0,1,0,0,0,0,0,0,0,0,0,0,0,0,0,,,,5,,,,,,,,0,0,1,0,0,0,0,0,0,0,0,2,1,,AKKC9424P,,,,1,0,0,0,1,1,0,0,1,1,0,0,0,0,0,0,HB,1,AGOH3283NOF,,,0,1,0,0,0,0,0,0,0,0,,0,,,,,0,,,,0,,,,0,,,0,,,1,2,1,1657881074699.jpg,5384/22,0,,0,0,0,0,0,0,0,0,0,0,0,0,0,0,0,0,0,0,,,2,,,,,,,,,,,,,,,,,,,,,,,,,,,,0,"5384_22 (AP)",2022-07-14,,,2,27-78_Lu_HDS_ca_E,27-78_Lu_HDS_ca_E.zip,1,2,https://cloud.butterflynetwork.com/-/shared/jPCVq3P2Ri6_E6t2y63M8g?region=US,0,0,0,0,0,0,0,0,0,0,0,,2,,,,,,,,,,,,,,,,,,,,,,,,,,,,,,,,,,,,,,,,,,,,,,,,,,0,,,0,0,0,0,0,0,0,0,0,0,0,0,0,0,0,0,0,,,,,,,,,,,,,,,,,,,,0,,,,,0,,,,,,,,,,,0,,,,,,,,,,,,,,,,,,,,,,,,,,,,,0,,,0,0,0,0,0,0,0,0,0,0,0,0,0,0,0,0,0,0,0,0,0,0,,,,,,,,,,,,,,,,,,,,,,,0,0,0,0,0,0,0,0,0,0,0,0,,,0,0,0,0,0,0,0,0,0,0,,,,,0,,0,0,0,0,0,0,0,0,0,0,0,0,0,0,0,0,0,0,0,0,0,0,0,0,0,0,0,0,0,0,0,0,0,0,0,0,0,0,0,0,0,0,0,0,0,0,0,0,0,0,0,0,0,0,0,0,0,0,0,0,0,0,0,0,0,0,0,0,0,0,0,0,0,0,0,0,0,0,0,0,0,0,0,0,0,0,0,0,0,0,0,0,0,0,0,0,0,0,,,0
27-79,hds,"2022-07-14 11:54",1,1,0,0,1,1,0,2,16,3,,,,5,,,,,0,0,0,1,0,0,0,1,0,0,1,0,0,0,0,0,0,0,0,,,,,,5,,,2,,,2,,,,2,,,,1,0,0,0,0,0,0,0,0,0,0,0,0,0,,,,,,,,1,,,,,,,,,,,,,,1,0,0,0,0,0,0,0,0,0,0,0,0,0,,0,0,0,0,,1,389,2015-02-12,,,1,0,0,0,0,0,0,0,0,0,0,0,0,0,0,,,0,1,1,2,2022,5,0,,,0,0,73,,35.3,80,171,81,18,97,,15,0,0,0,0,,1,0,0,0,2,1,,0,,0,0,0,0,0,0,0,0,0,0,0,0,0,0,0,0,0,0,0,0,0,0,0,0,0,0,0,0,0,0,0,0,0,0,0,0,0,0,0,0,0,0,0,0,0,0,0,0,0,0,0,0,0,0,0,0,,,0,0,0,0,0,0,0,0,0,0,0,0,0,0,2,1,0,,1,1,8,1,1,1,8,1,4,4,4,1,1,1,0,,,,,,2,1,,,0,0,0,0,0,0,0,0,0,0,0,0,0,0,0,0,0,0,0,0,0,0,0,0,0,0,0,0,0,0,0,0,0,0,0,0,0,0,0,0,,,,,,,,,,,,0,0,1,0,0,0,0,0,0,0,0,0,1,,AGOH3726NOF,,,,0,0,1,0,0,0,0,0,0,0,0,0,0,0,0,0,,0,,,,0,0,0,0,0,0,0,0,0,0,,0,,,,,0,,,,0,,,,0,,,0,,,0,2,1,1657881189533.jpg,5359/22,0,,0,0,0,0,0,0,0,0,0,0,0,0,0,0,0,0,0,0,,,2,,,,,,,,,,,,,,,,,,,,,,,,,,,,0,"5359_22 (PA)",2022-07-14,,,2,27-79_Lu_HDS_ca_E,27-79_Lu_HDS_ca_E.zip,1,2,https://cloud.butterflynetwork.com/-/shared/ETBdXaZ3Qvi7PWnIo8xj7Q?region=US,0,0,0,0,0,0,0,0,0,0,0,,2,,,,,,,,,,,,,,,,,,,,,,,,,,,,,,,,,,,,,,,,,,,,,,,,,,0,,,0,0,0,0,0,0,0,0,0,0,0,0,0,0,0,0,0,,,,,,,,,,,,,,,,,,,,0,,,,,0,,,,,,,,,,,0,,,,,,,,,,,,,,,,,,,,,,,,,,,,,0,,,0,0,0,0,0,0,0,0,0,0,0,0,0,0,0,0,0,0,0,0,0,0,,,,,,,,,,,,,,,,,,,,,,,0,0,0,0,0,0,0,0,0,0,0,0,,,0,0,0,0,0,0,0,0,0,0,,,,,0,,0,0,0,0,0,0,0,0,0,0,0,0,0,0,0,0,0,0,0,0,0,0,0,0,0,0,0,0,0,0,0,0,0,0,0,0,0,0,0,0,0,0,0,0,0,0,0,0,0,0,0,0,0,0,0,0,0,0,0,0,0,0,0,0,0,0,0,0,0,0,0,0,0,0,0,0,0,0,0,0,0,0,0,0,0,0,0,0,0,0,0,0,0,0,0,0,0,0,,,0
27-80,hds,"2022-07-14 11:09",1,1,0,0,1,1,0,2,15,2,,5,1,,,,,,0,0,1,0,0,0,0,1,0,0,0,0,0,0,0,0,0,0,0,,,,,2,,,,7,,,,,,,2,,,,1,0,0,0,0,0,0,0,0,0,0,0,0,0,,,,,,,,1,,,,,,,,,,,,,,1,0,0,0,0,0,0,0,0,0,0,0,0,0,,0,0,0,0,,1,,,,,2,0,0,0,0,0,0,0,0,0,0,0,0,0,0,,,0,0,,,,,0,,,1,2,,,35.3,121,123,72,20,99,"6. 7",15,0,0,0,0,,3,1,0,0,2,1,,0,,0,0,0,0,0,0,0,0,0,0,0,0,0,0,0,0,0,0,0,0,0,0,0,0,0,0,0,0,0,0,0,0,0,0,0,0,0,0,0,0,0,0,0,0,0,0,0,0,0,0,0,0,0,0,0,0,,,0,0,0,0,0,0,0,0,0,0,0,0,0,0,2,2,0,,2,2,1,4,4,7,7,4,5,4,1,7,7,7,1,3,1,1,1,1,2,2,,4,0,0,0,0,0,0,1,0,0,0,0,0,0,0,0,0,0,0,0,0,0,0,1,1,0,0,0,0,1,0,0,0,0,0,0,0,0,0,0,0,,,,,,5,,,,,,0,1,1,0,0,0,0,0,0,0,0,2,1,,AGOG7337NOF,,,,0,1,1,0,1,1,0,0,0,0,0,0,0,0,0,0,,1,,,,1,0,0,0,0,0,0,0,0,0,,0,,,,,1,,AGOG7338NOF,,1,,AGOH3877NOF,,0,,,0,,,2,2,1,1657880936735.jpg,5347/22,0,,0,0,0,0,0,0,0,0,0,0,0,0,0,0,0,0,0,0,,,2,,,,,,,,,,,,,,,,,,,,,,,,,,,,0,5347_22,2022-07-14,,,2,27-80_Lu_HDS_ca_E,27-80_Lu_HDS_ca_E.zip,1,2,https://cloud.butterflynetwork.com/-/shared/7ktjlVp8SeyBGeOVFSlahQ?region=US,0,0,0,0,0,0,0,0,0,0,0,,2,,,,,,,,,,,,,,,,,,,,,,,,,,,,,,,,,,,,,,,,,,,,,,,,,,0,,,0,0,0,0,0,0,0,0,0,0,0,0,0,0,0,0,0,,,,,,,,,,,,,,,,,,,,0,,,,,0,,,,,,,,,,,0,,,,,,,,,,,,,,,,,,,,,,,,,,,,,0,,,0,0,0,0,0,0,0,0,0,0,0,0,0,0,0,0,0,0,0,0,0,0,,,,,,,,,,,,,,,,,,,,,,,0,0,0,0,0,0,0,0,0,0,0,0,,,0,0,0,0,0,0,0,0,0,0,,,,,0,,0,0,0,0,0,0,0,0,0,0,0,0,0,0,0,0,0,0,0,0,0,0,0,0,0,0,0,0,0,0,0,0,0,0,0,0,0,0,0,0,0,0,0,0,0,0,0,0,0,0,0,0,0,0,0,0,0,0,0,0,0,0,0,0,0,0,0,0,0,0,0,0,0,0,0,0,0,0,0,0,0,0,0,0,0,0,0,0,0,0,0,0,0,0,0,0,0,0,,,0
27-81,hds,"2022-07-19 14:26",1,1,0,0,1,1,,2,13,2,,8,1,,,,,,0,0,1,1,0,0,1,0,0,0,0,0,0,0,0,0,0,0,0,,,,,4,8,,8,,,,,,,,2,,,,1,0,0,0,0,0,0,0,0,0,0,0,0,0,,,,,,,,2,,,,2016,,0,,0,,3,5,,,1,0,0,0,0,0,0,0,0,0,0,0,0,0,,0,0,0,0,,1,,,,,1,0,0,0,0,0,0,0,0,0,0,0,0,0,0,,,0,1,1,1,2020,10,0,,,0,2,74,178,36.4,101,157,76,20,91,6.8,15,0,0,0,0,23.355636914530994,1,0,0,0,2,1,,1,1,1,1,1,1,0,0,0,0,0,0,0,0,0,0,0,0,0,0,0,0,0,0,0,0,0,0,0,0,0,0,0,0,0,0,0,0,0,0,0,0,0,0,0,0,0,0,0,0,0,0,0,0,0,0,0,0,0,,0,0,0,0,0,0,0,0,0,0,0,0,0,0,2,1,0,,,,,,,,,,,,,,,,0,,,,,,2,1,,7,0,0,1,0,0,0,0,0,0,0,0,0,0,0,0,0,0,0,0,0,0,0,0,1,0,0,1,0,0,0,0,0,0,0,0,0,0,0,0,0,,,,5,,,,,,,,0,0,1,0,0,0,0,0,0,0,0,2,0,,,,,,0,0,0,0,0,0,0,0,0,0,0,0,0,0,0,0,,1,AGOE6023NOF,,,1,0,0,0,0,0,0,0,0,0,,0,,,,,1,AGOE6024NOF,,,0,,,,0,,,0,,,2,2,1,1658315011735.jpg,5494/22,0,,0,0,0,0,0,0,0,0,0,0,0,0,0,0,0,0,0,0,,,2,,,,,,,,,,,,,,,,,,,,,,,,,,,,0,"5494_22 (PA)",2022-07-19,,,2,27-81_Lu_HDS_ca_E,27-81_Lu_HDS_ca_E.zip,1,2,https://cloud.butterflynetwork.com/-/shared/1n_rkoOFSV-xsEKMXRfy-g?region=US,0,0,0,0,0,0,0,0,0,0,0,,2,,,,,,,,,,,,,,,,,,,,,,,,,,,,,,,,,,,,,,,,,,,,,,,,,,0,,,0,0,0,0,0,0,0,0,0,0,0,0,0,0,0,0,0,,,,,,,,,,,,,,,,,,,,0,,,,,0,,,,,,,,,,,0,,,,,,,,,,,,,,,,,,,,,,,,,,,,,0,,,0,0,0,0,0,0,0,0,0,0,0,0,0,0,0,0,0,0,0,0,0,0,,,,,,,,,,,,,,,,,,,,,,,0,0,0,0,0,0,0,0,0,0,0,0,,,0,0,0,0,0,0,0,0,0,0,,,,,0,,0,0,0,0,0,0,0,0,0,0,0,0,0,0,0,0,0,0,0,0,0,0,0,0,0,0,0,0,0,0,0,0,0,0,0,0,0,0,0,0,0,0,0,0,0,0,0,0,0,0,0,0,0,0,0,0,0,0,0,0,0,0,0,0,0,0,0,0,0,0,0,0,0,0,0,0,0,0,0,0,0,0,0,0,0,0,0,0,0,0,0,0,0,0,0,0,0,0,,,0
27-82,hds,"2022-07-19 18:05",1,1,0,0,1,1,,2,7,2,,21,0,,,,,,0,0,0,0,0,1,0,1,1,0,1,0,0,0,0,0,0,0,0,,,,90,,,,,14,14,,2,,,,2,,,,1,0,0,0,0,0,0,0,0,0,0,0,0,0,,,,,,,,2,,,,1996,,0,,0,,3,5,,,1,0,0,0,0,0,0,0,0,0,0,0,0,0,,0,0,0,0,,0,,,,,,0,0,0,0,0,0,0,0,0,0,0,0,0,0,,,0,0,,,,,0,,,0,2,,,36.4,112,102,73,20,95,4.5,14,0,1,0,1,,3,0,0,1,2,1,,1,1,1,1,1,1,0,0,0,0,0,0,0,0,0,0,0,0,0,0,0,0,0,0,0,0,0,0,0,0,0,0,0,0,0,0,0,0,0,0,0,0,0,0,0,0,0,0,0,0,0,0,0,0,0,0,0,0,0,,0,0,0,0,0,0,0,0,0,0,0,0,0,0,2,2,1,"Patient very thin, difficult to get good contact",8,4,8,5,8,8,5,1,1,5,5,5,7,4,1,1,,2,,2,2,2,,6,0,0,0,0,0,0,0,0,0,0,0,0,0,0,0,0,0,0,0,0,0,0,0,1,0,0,1,1,0,1,0,0,0,0,0,0,0,0,0,0,,,,5,5,,5,,,,,0,,1,0,0,0,0,0,0,0,0,2,1,,,,AGOE6032NOF,,1,1,1,1,0,0,0,0,0,1,0,0,0,0,0,0,E&R,1,AGOE6046NOF,,,1,0,0,0,0,0,0,0,0,0,,0,,,,,1,,AGOE6031NOF,,0,,,,0,,,0,,,2,2,1,1658322496204.jpg,5527/22,1,0,0,1,1,0,1,0,0,0,0,0,1,0,0,0,0,0,0,0,,,2,,,,,,,,,,,,,,,,,,,,,,,,,,,,0,"5527_22 (PA)",2022-07-20,,,2,27-82_Lu_HDS_ca_E,27-82_Lu_HDS_ca_E.zip,1,2,https://cloud.butterflynetwork.com/-/shared/fVDlXLwzT_GUlFN2L1SijA?region=US,0,0,0,0,0,0,0,0,0,0,0,,2,,,,,,,,,,,,,,,,,,,,,,,,,,,,,,,,,,,,,,,,,,,,,,,,,,0,,,0,0,0,0,0,0,0,0,0,0,0,0,0,0,0,0,0,,,,,,,,,,,,,,,,,,,,0,,,,,0,,,,,,,,,,,0,,,,,,,,,,,,,,,,,,,,,,,,,,,,,0,,,0,0,0,0,0,0,0,0,0,0,0,0,0,0,0,0,0,0,0,0,0,0,,,,,,,,,,,,,,,,,,,,,,,0,0,0,0,0,0,0,0,0,0,0,0,,,0,0,0,0,0,0,0,0,0,0,,,,,0,,0,0,0,0,0,0,0,0,0,0,0,0,0,0,0,0,0,0,0,0,0,0,0,0,0,0,0,0,0,0,0,0,0,0,0,0,0,0,0,0,0,0,0,0,0,0,0,0,0,0,0,0,0,0,0,0,0,0,0,0,0,0,0,0,0,0,0,0,0,0,0,0,0,0,0,0,0,0,0,0,0,0,0,0,0,0,0,0,0,0,0,0,0,0,0,0,0,0,,,0
27-83,hds,"2022-07-20 09:20",1,1,0,0,1,1,0,2,,3,,,,2,,,,,0,0,0,1,0,0,0,0,0,0,0,0,0,0,0,0,0,0,0,,,,,,3,,,,,,,,,,2,,,,1,0,0,0,0,0,0,0,0,0,0,0,0,0,,,,,,,,1,,,,,,,,,,,,,,3,1,1,0,0,0,0,0,0,0,0,0,0,0,,1,1,0,0,,3,,,,,,0,0,0,0,0,0,0,0,0,0,0,0,0,0,,,0,1,1,1,2021,12,0,,,0,1,,,36,75,128,58,20,89,10.8,15,0,0,0,0,,2,0,0,0,2,1,,0,,0,0,0,0,0,0,0,0,0,0,0,0,0,0,0,0,0,0,0,0,0,0,0,0,0,0,0,0,0,0,0,0,0,0,0,0,0,0,0,0,0,0,0,0,0,0,0,0,0,0,0,0,0,0,0,0,,,0,0,0,0,0,0,0,0,0,0,0,0,0,0,2,2,0,,,,,,,,,,,,,,,,0,,,,,,2,2,,9,0,0,0,0,0,0,0,0,0,0,1,0,0,0,0,0,0,0,0,0,0,0,0,1,0,0,1,0,0,0,0,0,0,0,0,0,0,0,0,0,,,,5,,,,,,,,1,1,0,0,1,0,0,0,0,0,0,2,1,AGOE6049NOF,,,,,1,1,1,0,0,0,0,0,0,0,0,0,0,0,0,0,,1,,AGOH2428NOF,,1,0,0,0,0,0,0,0,0,0,,0,,,,,1,AGOE6049NOF,,,0,,,,0,,,0,,,2,2,1,1658390980904.jpg,5508/22,0,,0,0,0,0,0,0,0,0,0,0,0,0,0,0,0,0,0,,,,2,,,,,,,,,,,,,,,,,,,,,,,,,,,,0,"5508_22 (PA)",2022-07-20,,,2,,,,0,https://cloud.butterflynetwork.com/-/shared/KftuwhKTQTGgP2dxg_eZLw?region=US,0,0,0,0,0,0,0,0,0,0,0,,2,,,,,,,,,,,,,,,,,,,,,,,,,,,,,,,,,,,,,,,,,,,,,,,,,,0,,,0,0,0,0,0,0,0,0,0,0,0,0,0,0,0,0,0,,,,,,,,,,,,,,,,,,,,0,,,,,0,,,,,,,,,,,0,,,,,,,,,,,,,,,,,,,,,,,,,,,,,0,,,0,0,0,0,0,0,0,0,0,0,0,0,0,0,0,0,0,0,0,0,0,0,,,,,,,,,,,,,,,,,,,,,,,0,0,0,0,0,0,0,0,0,0,0,0,,,0,0,0,0,0,0,0,0,0,0,,,,,0,,0,0,0,0,0,0,0,0,0,0,0,0,0,0,0,0,0,0,0,0,0,0,0,0,0,0,0,0,0,0,0,0,0,0,0,0,0,0,0,0,0,0,0,0,0,0,0,0,0,0,0,0,0,0,0,0,0,0,0,0,0,0,0,0,0,0,0,0,0,0,0,0,0,0,0,0,0,0,0,0,0,0,0,0,0,0,0,0,0,0,0,0,0,0,0,0,0,0,,,0
27-84,hds,"2022-07-22 15:09",1,1,0,0,1,1,0,2,,4,,,,,16,,,,0,0,0,0,0,0,0,0,0,0,0,0,0,0,0,0,0,0,0,,,,,,,,,,,,,,,,2,,,,1,0,0,0,0,0,0,0,0,0,0,0,0,0,,,,,,,,1,,,,,,,,,,,,,,1,0,0,0,0,0,0,0,0,0,0,0,0,0,,0,0,0,0,,2,,,,,,0,0,0,0,0,0,0,0,0,0,0,0,0,0,,,0,0,,,,,0,,,0,0,63,,36.3,136,230,133,48,67,7.2,15,1,0,0,1,,2,0,0,0,2,1,,0,,0,0,0,0,0,0,0,0,0,0,0,0,0,0,0,0,0,0,0,0,0,0,0,0,0,0,0,0,0,0,0,0,0,0,0,0,0,0,0,0,0,0,0,0,0,0,0,0,0,0,0,0,0,0,0,0,,,0,0,0,0,0,0,0,0,0,0,0,0,0,0,2,2,0,,,,,,,,,,,,,,,,0,,,,,,2,2,,3,0,0,0,0,0,0,0,0,0,1,0,0,0,0,0,0,0,0,0,0,0,0,1,1,0,0,1,0,0,0,0,0,0,0,0,0,0,0,0,0,,,,5,,,,,,,,0,1,0,0,1,0,0,0,0,0,0,2,1,,AGOE6579NOF,,,,1,1,1,0,0,0,0,0,0,0,0,0,0,0,0,0,,1,,AGOE6593NOF,,1,0,0,0,0,0,0,0,0,0,,0,,,,,1,,AGOE658NOF,,0,,,,0,,,0,,,2,2,1,1658495201065.jpg,5588/22,1,0,0,0,0,0,0,0,0,1,0,0,0,0,0,0,0,0,0,0,,,2,,,,,,,,,,,,,,,,,,,,,,,,,,,,0,5588_22,2022-07-22,,,2,27-84_Lu_HDS_ca_E,27-84_Lu_HDS_ca_E.zip,1,2,https://cloud.butterflynetwork.com/-/shared/5M5tFXvRQzCnQ4x9u45c7g?region=US,0,0,0,0,0,0,0,0,0,0,0,,2,,,,,,,,,,,,,,,,,,,,,,,,,,,,,,,,,,,,,,,,,,,,,,,,,,0,,,0,0,0,0,0,0,0,0,0,0,0,0,0,0,0,0,0,,,,,,,,,,,,,,,,,,,,0,,,,,0,,,,,,,,,,,0,,,,,,,,,,,,,,,,,,,,,,,,,,,,,0,,,0,0,0,0,0,0,0,0,0,0,0,0,0,0,0,0,0,0,0,0,0,0,,,,,,,,,,,,,,,,,,,,,,,0,0,0,0,0,0,0,0,0,0,0,0,,,0,0,0,0,0,0,0,0,0,0,,,,,0,,0,0,0,0,0,0,0,0,0,0,0,0,0,0,0,0,0,0,0,0,0,0,0,0,0,0,0,0,0,0,0,0,0,0,0,0,0,0,0,0,0,0,0,0,0,0,0,0,0,0,0,0,0,0,0,0,0,0,0,0,0,0,0,0,0,0,0,0,0,0,0,0,0,0,0,0,0,0,0,0,0,0,0,0,0,0,0,0,0,0,0,0,0,0,0,0,0,0,,,0
27-85,hds,"2022-07-22 16:27",1,1,0,0,1,1,,2,16,2,,5,1,,,,,,0,0,1,0,0,0,1,0,0,0,0,0,0,0,0,0,0,0,0,,,,,5,,,5,,,,,,,,2,,,,1,0,0,0,0,0,0,0,0,0,0,0,0,0,,,,,,,,1,,,,,,,,,,,,,,2,0,0,0,0,0,0,0,0,0,0,0,0,0,,0,0,1,0,,1,238,2022-07-25,,,1,0,0,0,0,0,0,0,0,0,0,0,0,0,0,,,0,1,1,1,2021,10,0,,,0,2,71,,36.2,86,135,65,22,100,4.2,15,1,0,0,1,,2,1,0,0,2,1,,0,,0,0,0,0,0,0,0,0,0,0,0,0,0,0,0,0,0,0,0,0,0,0,0,0,0,0,0,0,0,0,0,0,0,0,0,0,0,0,0,0,0,0,0,0,0,0,0,0,0,0,0,0,0,0,0,0,,,0,0,0,0,0,0,0,0,0,0,0,0,0,0,2,1,0,,4,4,2,4,2,4,4,2,2,5,4,,7,4,1,1,,1,,1,2,2,,6,0,0,1,0,0,0,0,0,0,0,0,0,0,0,0,0,0,0,0,0,0,0,1,1,0,0,1,0,0,0,0,1,0,0,0,0,0,0,0,0,,,,5,,,,,3,,,0,1,1,0,0,0,0,0,0,0,0,2,1,,,,,1658913546611.jpg,1,1,1,0,1,0,0,0,0,0,0,0,0,0,0,0,,1,,,1658913572080.jpg,1,0,0,0,0,0,0,0,0,0,,0,,,,,0,,,,0,,,,0,,,0,,,1,2,1,,5629/22,0,,0,0,0,0,0,0,0,0,0,0,0,0,0,0,0,0,0,0,,,2,,,,,,,,,,,,,,,,,,,,,,,,,,,,0,"5629_22 (PA)",2022-07-25,,,2,27-85_Lu_HDS_ca_E,27-85_Lu_HDS_ca_E.zip,1,2,https://cloud.butterflynetwork.com/-/shared/qDl_qm-4RTyqryc7wOD0Wg?region=US,0,0,0,0,0,0,0,0,0,0,0,,2,,,,,,,,,,,,,,,,,,,,,,,,,,,,,,,,,,,,,,,,,,,,,,,,,,0,,,0,0,0,0,0,0,0,0,0,0,0,0,0,0,0,0,0,,,,,,,,,,,,,,,,,,,,0,,,,,0,,,,,,,,,,,0,,,,,,,,,,,,,,,,,,,,,,,,,,,,,0,,,0,0,0,0,0,0,0,0,0,0,0,0,0,0,0,0,0,0,0,0,0,0,,,,,,,,,,,,,,,,,,,,,,,0,0,0,0,0,0,0,0,0,0,0,0,,,0,0,0,0,0,0,0,0,0,0,,,,,0,,0,0,0,0,0,0,0,0,0,0,0,0,0,0,0,0,0,0,0,0,0,0,0,0,0,0,0,0,0,0,0,0,0,0,0,0,0,0,0,0,0,0,0,0,0,0,0,0,0,0,0,0,0,0,0,0,0,0,0,0,0,0,0,0,0,0,0,0,0,0,0,0,0,0,0,0,0,0,0,0,0,0,0,0,0,0,0,0,0,0,0,0,0,0,0,0,0,0,,,0
27-86,hds,"2022-07-27 14:39",1,1,0,0,1,1,0,2,13,3,,,,3,,,,,0,1,0,0,0,0,0,0,0,0,0,0,0,0,0,0,0,0,0,,5,1,,,,,,,,,,,,,2,,,,1,0,0,0,0,0,0,0,0,0,0,0,0,0,,,,,,,,1,,,,,,,,,,,,,,3,0,0,0,0,0,0,0,0,0,0,0,0,0,,0,0,0,0,,2,,,,,,0,0,0,0,0,0,0,0,0,0,0,0,0,0,,,0,0,,,,,0,,,1,2,45,171,36,113,98,67,20,96,,15,0,0,1,1,15.389350569406,2,0,0,0,2,1,,0,,0,0,0,0,0,0,0,0,0,0,0,0,0,0,0,0,0,0,0,0,0,0,0,0,0,0,0,0,0,0,0,0,0,0,0,0,0,0,0,0,0,0,0,0,0,0,0,0,0,0,0,0,0,0,0,0,,,0,0,0,0,0,0,0,0,0,0,0,0,0,0,2,2,0,,,,,,,,,,,,,,,,1,2,2,,,,2,1,,3,0,0,0,1,0,0,0,0,0,0,0,0,0,0,0,0,0,0,0,0,0,0,0,1,0,0,1,0,0,0,0,0,0,0,0,0,0,0,0,0,,,,5,,,,,,,,0,0,1,0,0,0,0,0,0,0,0,2,1,,AGOE6363NOF,,,,1,1,1,0,0,0,0,0,0,0,0,0,0,0,0,0,,1,,AGOE6365NOF,,1,0,0,0,0,0,0,0,0,0,,0,,,,,0,,,,0,,,,0,,,0,,,2,2,1,1658928617113.jpg,5728/22,1,0,0,0,0,0,0,1,0,0,0,0,0,0,0,0,0,0,0,0,,,2,,,,,,,,,,,,,,,,,,,,,,,,,,,,0,"5728_22 (PA)",2022-07-27,,,2,,,,0,https://cloud.butterflynetwork.com/-/shared/GM93jGB_TqeNjbQ-4BTmnw?region=US,0,0,0,0,0,0,0,0,0,0,0,,2,,,,,,,,,,,,,,,,,,,,,,,,,,,,,,,,,,,,,,,,,,,,,,,,,,0,,,0,0,0,0,0,0,0,0,0,0,0,0,0,0,0,0,0,,,,,,,,,,,,,,,,,,,,0,,,,,0,,,,,,,,,,,0,,,,,,,,,,,,,,,,,,,,,,,,,,,,,0,,,0,0,0,0,0,0,0,0,0,0,0,0,0,0,0,0,0,0,0,0,0,0,,,,,,,,,,,,,,,,,,,,,,,0,0,0,0,0,0,0,0,0,0,0,0,,,0,0,0,0,0,0,0,0,0,0,,,,,0,,0,0,0,0,0,0,0,0,0,0,0,0,0,0,0,0,0,0,0,0,0,0,0,0,0,0,0,0,0,0,0,0,0,0,0,0,0,0,0,0,0,0,0,0,0,0,0,0,0,0,0,0,0,0,0,0,0,0,0,0,0,0,0,0,0,0,0,0,0,0,0,0,0,0,0,0,0,0,0,0,0,0,0,0,0,0,0,0,0,0,0,0,0,0,0,0,0,0,,,0
27-87,hds,"2022-07-30 19:28",1,1,0,0,1,1,,2,16,2,,8,0,,,,,,0,0,0,0,0,0,0,1,1,0,1,0,0,0,0,0,0,0,0,,,,,,,,,5,5,,3,,,,2,,,,1,0,0,0,0,0,0,0,0,0,0,0,0,0,,,,,,,,2,,,,2011,,0,,0,,3,5,,,1,0,0,0,0,0,0,0,0,0,0,0,0,0,,0,0,0,0,,3,,,,,,0,0,0,0,0,0,0,0,0,0,0,0,0,0,,,0,0,,,,,0,,,0,0,,158,36.8,108,136,66,20,95,12.5,15,0,0,0,0,,3,0,0,0,2,1,,0,,0,0,0,0,0,0,0,0,0,0,0,0,0,0,0,0,0,0,0,0,0,0,0,0,0,0,0,0,0,0,0,0,0,0,0,0,0,0,0,0,0,0,0,0,0,0,0,0,0,0,0,0,0,0,0,0,,,0,0,0,0,0,0,0,0,0,0,0,0,0,0,2,1,0,,,,,,,,,,,,,,,,0,,,,,,2,2,,3,0,0,0,0,0,0,0,0,0,0,0,0,0,0,0,0,0,0,0,0,0,0,0,1,0,0,1,0,0,0,0,0,0,0,0,0,0,0,0,0,,,,5,,,,,,,,0,0,1,0,0,0,0,0,0,0,0,2,1,AGOE6199NOF,,,,,1,0,1,0,0,0,1,0,0,0,0,0,0,0,0,0,,1,AGOE6269NOF,,,1,0,0,0,0,0,0,0,0,0,,0,,,,,1,AGOE7853NOF,,,0,,,,0,,,0,,,2,2,1,1659427294078.jpg,5876/22,0,,0,0,0,0,0,0,0,0,0,0,0,0,0,0,0,0,0,0,,,2,,,,,,,,,,,,,,,,,,,,,,,,,,,,0,5876_22,2022-08-01,,,2,27-87_Lu_HDS_ca_E,27-87_Lu_HDS_ca_E.zip,1,2,https://cloud.butterflynetwork.com/-/shared/AzthV9e_QhiGk1_hzpIdcQ?region=US,0,0,0,0,0,0,0,0,0,0,0,,2,,,,,,,,,,,,,,,,,,,,,,,,,,,,,,,,,,,,,,,,,,,,,,,,,,0,,,0,0,0,0,0,0,0,0,0,0,0,0,0,0,0,0,0,,,,,,,,,,,,,,,,,,,,0,,,,,0,,,,,,,,,,,0,,,,,,,,,,,,,,,,,,,,,,,,,,,,,0,,,0,0,0,0,0,0,0,0,0,0,0,0,0,0,0,0,0,0,0,0,0,0,,,,,,,,,,,,,,,,,,,,,,,0,0,0,0,0,0,0,0,0,0,0,0,,,0,0,0,0,0,0,0,0,0,0,,,,,0,,0,0,0,0,0,0,0,0,0,0,0,0,0,0,0,0,0,0,0,0,0,0,0,0,0,0,0,0,0,0,0,0,0,0,0,0,0,0,0,0,0,0,0,0,0,0,0,0,0,0,0,0,0,0,0,0,0,0,0,0,0,0,0,0,0,0,0,0,0,0,0,0,0,0,0,0,0,0,0,0,0,0,0,0,0,0,0,0,0,0,0,0,0,0,0,0,0,0,,,0
27-88,hds,"2022-08-01 08:10",1,1,0,0,1,1,,2,16,2,,2,1,,,,,,0,0,1,1,0,0,0,0,0,0,0,0,0,0,0,0,0,0,0,,,,,2,2,,,,,,,,,,2,,,,1,0,0,0,0,0,0,0,0,0,0,0,0,0,,,,,,,,1,,,,,,,,,,,,,,1,0,0,0,0,0,0,0,0,0,0,0,0,0,,0,0,0,0,,1,,,,,1,0,0,0,0,0,0,0,0,0,0,0,0,0,0,,,0,1,2,2,2021,9,0,,,0,2,,165,36.3,97,158,74,26,76,7.2,15,1,0,0,1,,1,0,0,0,2,1,,0,,0,0,0,0,0,0,0,0,0,0,0,0,0,0,0,0,0,0,0,0,0,0,0,0,0,0,0,0,0,0,0,0,0,0,0,0,0,0,0,0,0,0,0,0,0,0,0,0,0,0,0,0,0,0,0,0,,,0,0,0,0,0,0,0,0,0,0,0,0,0,0,2,2,1,"Patient overweight - unable to get LAI due to breast tissue",1,1,8,1,1,1,1,1,1,1,1,1,1,1,0,,,,,,2,2,,6,0,0,1,0,0,0,0,0,0,0,0,0,0,0,0,0,0,0,0,0,0,0,0,1,0,0,0,0,1,0,0,0,1,0,0,0,0,0,0,0,,,,,,5,,,,5,,0,1,1,0,0,0,0,0,0,0,0,2,1,AGOE7891NOF,,,,,1,1,1,0,1,1,0,0,0,0,0,0,0,0,0,0,,1,AGOE6270NOF,,,1,0,0,0,0,0,0,0,0,0,,0,,,,,1,AGOE7892NOF,,,0,,,,0,,,0,,,2,2,1,,5824/22,0,,0,0,0,0,0,0,0,0,0,0,0,0,0,0,0,0,0,0,,,2,,,,,,,,,,,,,,,,,,,,,,,,,,,,0,"5824_22 (PA)",2022-08-01,,,2,27-88_Lu_HDS_ca_E,27-88_Lu_HDS_ca_E.zip,1,2,https://cloud.butterflynetwork.com/-/shared/d4RRE4TQQ52CQevnSo6fkg?region=US,0,0,0,0,0,0,0,0,0,0,0,,2,,,,,,,,,,,,,,,,,,,,,,,,,,,,,,,,,,,,,,,,,,,,,,,,,,0,,,0,0,0,0,0,0,0,0,0,0,0,0,0,0,0,0,0,,,,,,,,,,,,,,,,,,,,0,,,,,0,,,,,,,,,,,0,,,,,,,,,,,,,,,,,,,,,,,,,,,,,0,,,0,0,0,0,0,0,0,0,0,0,0,0,0,0,0,0,0,0,0,0,0,0,,,,,,,,,,,,,,,,,,,,,,,0,0,0,0,0,0,0,0,0,0,0,0,,,0,0,0,0,0,0,0,0,0,0,,,,,0,,0,0,0,0,0,0,0,0,0,0,0,0,0,0,0,0,0,0,0,0,0,0,0,0,0,0,0,0,0,0,0,0,0,0,0,0,0,0,0,0,0,0,0,0,0,0,0,0,0,0,0,0,0,0,0,0,0,0,0,0,0,0,0,0,0,0,0,0,0,0,0,0,0,0,0,0,0,0,0,0,0,0,0,0,0,0,0,0,0,0,0,0,0,0,0,0,0,0,,,0
27-89,hds,"2022-08-01 15:31",1,1,0,0,1,1,,2,17,2,,5,0,,,,,,0,0,1,1,0,0,1,1,0,0,0,0,0,0,0,0,0,0,0,,,,,2,5,,5,3,,,,,,,2,,,,1,0,0,0,0,0,0,0,0,0,0,0,0,0,,,,,,,,1,,,,,,,,,,,,,,1,0,0,0,0,0,0,0,0,0,0,0,0,0,,0,0,0,0,,2,,,,,,0,0,0,0,0,0,0,0,0,0,0,0,0,0,,,0,0,,,,,0,,,0,2,,176,36,145,143,72,22,64,5.1,15,1,0,0,1,,3,0,0,0,2,1,,0,,0,0,0,0,0,0,0,0,0,0,0,0,0,0,0,0,0,0,0,0,0,0,0,0,0,0,0,0,0,0,0,0,0,0,0,0,0,0,0,0,0,0,0,0,0,0,0,0,0,0,0,0,0,0,0,0,,,0,0,0,0,0,0,0,0,0,0,0,0,0,0,2,1,0,,,,,,,,,,,,,,,,0,,,,,,2,2,,3,0,0,0,0,0,1,0,0,0,0,0,0,0,0,0,0,0,0,0,0,0,0,1,1,0,0,1,0,1,0,0,0,1,0,0,0,0,0,0,0,,,,5,,5,,,,5,,0,1,1,0,0,0,0,0,0,0,0,2,1,,,,,1659439904130.jpg,1,1,1,0,1,1,0,0,0,0,0,0,0,0,0,0,,1,,,1659447129344.jpg,1,0,0,0,0,0,0,0,0,0,,0,,,,,1,,,1659439817534.jpg,0,,,,0,,,0,,,2,2,1,1659513384714.jpg,5861/22,0,,0,0,0,0,0,0,0,0,0,0,0,0,0,0,0,0,0,1,117/22,1659513474413.jpg,2,,,,,,,,,,,,,,,,,,,,,,,,,,,,0,5861_22,2022-08-01,117_22,,2,27-89_Lu_HDS_ca_E,27-89_Lu_HDS_ca_E.zip,1,2,https://cloud.butterflynetwork.com/-/shared/MBXW8jhAToOpEPm08rTH6A?region=US,0,0,0,0,0,0,0,0,0,0,0,,2,,,,,,,,,,,,,,,,,,,,,,,,,,,,,,,,,,,,,,,,,,,,,,,,,,0,,,0,0,0,0,0,0,0,0,0,0,0,0,0,0,0,0,0,,,,,,,,,,,,,,,,,,,,0,,,,,0,,,,,,,,,,,0,,,,,,,,,,,,,,,,,,,,,,,,,,,,,0,,,0,0,0,0,0,0,0,0,0,0,0,0,0,0,0,0,0,0,0,0,0,0,,,,,,,,,,,,,,,,,,,,,,,0,0,0,0,0,0,0,0,0,0,0,0,,,0,0,0,0,0,0,0,0,0,0,,,,,0,,0,0,0,0,0,0,0,0,0,0,0,0,0,0,0,0,0,0,0,0,0,0,0,0,0,0,0,0,0,0,0,0,0,0,0,0,0,0,0,0,0,0,0,0,0,0,0,0,0,0,0,0,0,0,0,0,0,0,0,0,0,0,0,0,0,0,0,0,0,0,0,0,0,0,0,0,0,0,0,0,0,0,0,0,0,0,0,0,0,0,0,0,0,0,0,0,0,0,,,0
27-90,hds,"2022-08-04 09:43",1,1,0,0,1,1,0,2,16,4,,,,,5,,,,0,1,0,0,0,0,0,0,0,0,0,0,0,0,0,0,0,0,0,,30,0,,,,,,,,,,,,,2,,,,1,0,0,0,0,0,0,0,0,0,0,0,0,0,,,,,,,,2,,,,1991,,0,,0,,4,,3,5,3,0,0,0,0,0,0,0,0,0,0,0,0,0,,0,0,0,0,,1,,,,,2,0,0,0,0,0,0,0,0,0,0,0,0,0,0,,,0,0,,,,,0,,,0,0,54,,36,122,120,71,24,87,6.7,15,1,0,0,1,,2,0,0,1,2,1,,0,,0,0,0,0,0,0,0,0,0,0,0,0,0,0,0,0,0,0,0,0,0,0,0,0,0,0,0,0,0,0,0,0,0,0,0,0,0,0,0,0,0,0,0,0,0,0,0,0,0,0,0,0,0,0,0,0,,,0,0,0,0,0,0,0,0,0,0,0,0,0,0,2,2,0,,,,,,,,,,,,,,,,1,2,1,,,,2,2,,3,0,0,0,1,0,0,0,0,0,0,0,0,0,0,0,0,0,0,0,0,0,0,0,1,0,0,1,0,0,0,0,0,0,0,0,0,0,0,0,0,,,,5,,,,,,,,0,1,0,0,1,0,0,0,0,0,0,2,1,,AGOE7028NOF,,,,1,1,1,0,0,0,0,0,0,0,0,0,0,0,0,0,,1,,,1659605179196.jpg,1,1,0,0,0,0,0,0,0,0,,0,,,,,1,,AGOE7027NOF,,0,,,,0,,,0,,,2,2,1,1659604924776.jpg,5950/22,0,,0,0,0,0,0,0,0,0,0,0,0,0,0,0,0,0,0,0,,,2,,,,,,,,,,,,,,,,,,,,,,,,,,,,0,5950_22,2022-08-04,,,2,,,,0,https://cloud.butterflynetwork.com/-/shared/QrFYvKeBSva9BA0WEiBhng?region=US,0,0,0,0,0,0,0,0,0,0,0,,2,,,,,,,,,,,,,,,,,,,,,,,,,,,,,,,,,,,,,,,,,,,,,,,,,,0,,,0,0,0,0,0,0,0,0,0,0,0,0,0,0,0,0,0,,,,,,,,,,,,,,,,,,,,0,,,,,0,,,,,,,,,,,0,,,,,,,,,,,,,,,,,,,,,,,,,,,,,0,,,0,0,0,0,0,0,0,0,0,0,0,0,0,0,0,0,0,0,0,0,0,0,,,,,,,,,,,,,,,,,,,,,,,0,0,0,0,0,0,0,0,0,0,0,0,,,0,0,0,0,0,0,0,0,0,0,,,,,0,,0,0,0,0,0,0,0,0,0,0,0,0,0,0,0,0,0,0,0,0,0,0,0,0,0,0,0,0,0,0,0,0,0,0,0,0,0,0,0,0,0,0,0,0,0,0,0,0,0,0,0,0,0,0,0,0,0,0,0,0,0,0,0,0,0,0,0,0,0,0,0,0,0,0,0,0,0,0,0,0,0,0,0,0,0,0,0,0,0,0,0,0,0,0,0,0,0,0,,,0
27-91,hds,"2022-08-04 17:10",1,1,0,0,1,1,0,2,16,2,,4,0,,,,,,0,0,1,0,0,0,0,0,0,0,0,0,0,0,0,0,0,0,0,,,,,5,,,,,,,,,,,2,,,,1,0,0,0,0,0,0,0,0,0,0,0,0,0,,,,,,,,1,,,,,,,,,,,,,,2,0,0,0,0,0,0,0,0,0,0,0,0,0,,0,0,0,0,,3,,,,,,0,0,0,0,0,0,0,0,0,0,0,0,0,0,,,0,,,,,,0,,,0,0,42,,37.3,167,107,66,18,94,3.4,15,0,0,0,0,,2,0,0,1,2,1,,0,,0,0,0,0,0,0,0,0,0,0,0,0,0,0,0,0,0,0,0,0,0,0,0,0,0,0,0,0,0,0,0,0,0,0,0,0,0,0,0,0,0,0,0,0,0,0,0,0,0,0,0,0,0,0,0,0,,,0,0,0,0,0,0,0,0,0,0,0,0,0,0,2,2,0,,,,,,,,,,,,,,,,0,,,,,,2,2,,3,0,0,0,0,0,0,1,0,0,0,0,0,0,0,0,0,0,0,0,0,0,0,0,1,0,0,0,0,1,0,0,0,0,0,0,0,0,0,0,0,,,,,,5,,,,,,0,0,1,0,0,0,0,0,0,0,0,2,0,,,,,,0,0,0,0,0,0,0,0,0,0,0,0,0,0,0,0,,1,,AGOF3363NOF,,1,0,0,0,0,0,0,0,0,0,,0,,,,,0,,,,0,,,,0,,,0,,,2,2,1,1659706029375.jpg,5956/22,0,,0,0,0,0,0,0,0,0,0,0,0,0,0,0,0,0,0,0,,,2,,,,,,,,,,,,,,,,,,,,,,,,,,,,0,5956_22,2022-08-04,,,2,,,,0,https://cloud.butterflynetwork.com/-/shared/Ro-YeWf9Sb2bi8-GwKEWjw?region=US,0,0,0,0,0,0,0,0,0,0,0,,2,,,,,,,,,,,,,,,,,,,,,,,,,,,,,,,,,,,,,,,,,,,,,,,,,,0,,,0,0,0,0,0,0,0,0,0,0,0,0,0,0,0,0,0,,,,,,,,,,,,,,,,,,,,0,,,,,0,,,,,,,,,,,0,,,,,,,,,,,,,,,,,,,,,,,,,,,,,0,,,0,0,0,0,0,0,0,0,0,0,0,0,0,0,0,0,0,0,0,0,0,0,,,,,,,,,,,,,,,,,,,,,,,0,0,0,0,0,0,0,0,0,0,0,0,,,0,0,0,0,0,0,0,0,0,0,,,,,0,,0,0,0,0,0,0,0,0,0,0,0,0,0,0,0,0,0,0,0,0,0,0,0,0,0,0,0,0,0,0,0,0,0,0,0,0,0,0,0,0,0,0,0,0,0,0,0,0,0,0,0,0,0,0,0,0,0,0,0,0,0,0,0,0,0,0,0,0,0,0,0,0,0,0,0,0,0,0,0,0,0,0,0,0,0,0,0,0,0,0,0,0,0,0,0,0,0,0,,,0
27-92,hds,"2022-08-04 12:07",1,1,0,0,1,1,0,2,17,4,,,,,5,,,,0,1,0,0,0,0,0,0,0,0,0,0,0,0,0,0,0,0,0,,7,1,,,,,,,,,,,,,2,,,,1,0,0,0,0,0,0,0,0,0,0,0,0,0,,,,,,,,4,12/08/22,2,,,,0,,0,,,,,,1,0,0,0,0,0,0,0,0,0,0,0,0,0,,0,0,0,0,,1,,,,,2,0,0,0,0,0,0,0,0,0,0,0,0,0,0,,,0,0,,,,,0,,,1,2,45,,36.9,112,103,53,19,95,6.5,15,0,0,0,0,,2,1,0,1,2,1,,0,,0,0,0,0,0,0,0,0,0,0,0,0,0,0,0,0,0,0,0,0,0,0,0,0,0,0,0,0,0,0,0,0,0,0,0,0,0,0,0,0,0,0,0,0,0,0,0,0,0,0,0,0,0,0,0,0,,,0,0,0,0,0,0,0,0,0,0,0,0,0,0,2,2,0,,,,,,,,,,,,,,,,0,,,,,,2,2,,3,1,0,0,0,0,0,0,0,0,0,0,0,0,0,0,0,0,0,0,0,0,0,1,1,0,0,0,0,0,0,0,0,0,0,0,0,0,0,0,0,,,,,,,,,,,,0,0,1,0,0,0,0,0,0,0,0,2,1,,AGOE7884NOF,,,,1,1,0,0,0,1,0,0,0,0,0,0,0,0,0,0,,1,,AGOF3363NOF,,1,0,0,0,0,0,0,0,0,0,,0,,,,,1,,AGOE7883NOF,,0,,,,0,,,0,,,2,2,0,,,,,0,0,0,0,0,0,0,0,0,0,0,0,0,0,0,0,0,0,,,2,,,,,,,,,,,,,,,,,,,,,,,,,,,,0,,,,,2,,,,0,https://cloud.butterflynetwork.com/-/shared/oWugQLnwRkaUYpuzgo7KvA?region=US,0,0,0,0,0,0,0,0,0,0,0,,2,,,,,,,,,,,,,,,,,,,,,,,,,,,,,,,,,,,,,,,,,,,,,,,,,,0,,,0,0,0,0,0,0,0,0,0,0,0,0,0,0,0,0,0,,,,,,,,,,,,,,,,,,,,0,,,,,0,,,,,,,,,,,0,,,,,,,,,,,,,,,,,,,,,,,,,,,,,0,,,0,0,0,0,0,0,0,0,0,0,0,0,0,0,0,0,0,0,0,0,0,0,,,,,,,,,,,,,,,,,,,,,,,0,0,0,0,0,0,0,0,0,0,0,0,,,0,0,0,0,0,0,0,0,0,0,,,,,0,,0,0,0,0,0,0,0,0,0,0,0,0,0,0,0,0,0,0,0,0,0,0,0,0,0,0,0,0,0,0,0,0,0,0,0,0,0,0,0,0,0,0,0,0,0,0,0,0,0,0,0,0,0,0,0,0,0,0,0,0,0,0,0,0,0,0,0,0,0,0,0,0,0,0,0,0,0,0,0,0,0,0,0,0,0,0,0,0,0,0,0,0,0,0,0,0,0,0,,,0
27-93,hds,"2022-08-10 01:07",1,1,0,0,1,1,,2,16,2,,3,0,,,,,,0,0,1,0,0,0,0,0,1,0,0,0,0,0,0,0,0,0,0,,,,,2,,,,,7,,,,,,2,,,,1,0,0,0,0,0,0,0,0,0,0,0,0,0,,,,,,,,1,,,,,,,,,,,,,,2,0,0,0,0,0,0,0,0,0,0,0,0,0,,0,1,0,0,,3,,,,,,0,0,0,0,0,0,0,0,0,0,0,0,0,0,,,0,1,1,1,2022,1,0,,,0,2,,164,36.3,98,180,93,22,72,15.2,15,1,0,0,1,,2,0,0,0,2,1,,0,,0,0,0,0,0,0,0,0,0,0,0,0,0,0,0,0,0,0,0,0,0,0,0,0,0,0,0,0,0,0,0,0,0,0,0,0,0,0,0,0,0,0,0,0,0,0,0,0,0,0,0,0,0,0,0,0,,,0,0,0,0,0,0,0,0,0,0,0,0,0,0,2,1,1,"Unable to get the curtain sign on the LL",1,1,4,4,4,,1,1,1,1,1,4,1,1,0,,,,,,2,2,,6,1,0,0,0,0,0,0,0,0,0,0,0,0,0,0,0,0,0,0,0,0,0,0,1,0,0,1,0,0,0,0,0,0,0,0,0,0,0,0,0,,,,5,,,,,,,,0,0,0,0,1,0,0,0,0,0,0,2,1,,,,,1660138793255.jpg,1,1,1,0,0,0,0,0,0,0,0,0,0,0,0,0,,1,AGOH3223NOF,,,1,0,0,0,0,0,0,0,0,0,,0,,,,,1,,,1660138830611.jpg,0,,,,0,,,0,,,2,2,1,1660139265040.jpg,6056/22,0,,0,0,0,0,0,0,0,0,0,0,0,0,0,0,0,0,0,0,,,2,,,,,,,,,,,,,,,,,,,,,,,,,,,,0,"6056_22 (PA)",2022-08-10,,,2,27-93_Lu_HDS_ca_E,27-93_Lu_HDS_ca_E.zip,1,2,https://cloud.butterflynetwork.com/-/shared/u73MxypNT1C1QoWclnD00g?region=US,0,0,0,0,0,0,0,0,0,0,0,,2,,,,,,,,,,,,,,,,,,,,,,,,,,,,,,,,,,,,,,,,,,,,,,,,,,0,,,0,0,0,0,0,0,0,0,0,0,0,0,0,0,0,0,0,,,,,,,,,,,,,,,,,,,,0,,,,,0,,,,,,,,,,,0,,,,,,,,,,,,,,,,,,,,,,,,,,,,,0,,,0,0,0,0,0,0,0,0,0,0,0,0,0,0,0,0,0,0,0,0,0,0,,,,,,,,,,,,,,,,,,,,,,,0,0,0,0,0,0,0,0,0,0,0,0,,,0,0,0,0,0,0,0,0,0,0,,,,,0,,0,0,0,0,0,0,0,0,0,0,0,0,0,0,0,0,0,0,0,0,0,0,0,0,0,0,0,0,0,0,0,0,0,0,0,0,0,0,0,0,0,0,0,0,0,0,0,0,0,0,0,0,0,0,0,0,0,0,0,0,0,0,0,0,0,0,0,0,0,0,0,0,0,0,0,0,0,0,0,0,0,0,0,0,0,0,0,0,0,0,0,0,0,0,0,0,0,0,,,0
27-94,hds,"2022-08-10 10:56",1,1,0,0,1,1,0,2,16,2,,60,1,,,,,,0,0,1,0,0,0,0,0,0,0,0,0,0,0,0,0,0,0,0,,,,,7,,,,,,,,,,,2,,,,1,0,0,0,0,0,0,0,0,0,0,0,0,0,,,,,,,,1,,,,,,,,,,,,,,1,0,0,0,0,0,0,0,0,0,0,0,0,0,,0,0,0,0,,1,,,,,2,0,0,0,0,0,0,0,0,0,0,0,0,0,0,,,0,0,,,,,0,,,0,2,55,156,36,76,114,69,16,95,8.1,15,0,0,0,0,22.60026298487837,2,0,0,1,2,1,,0,,0,0,0,0,0,0,0,0,0,0,0,0,0,0,0,0,0,0,0,0,0,0,0,0,0,0,0,0,0,0,0,0,0,0,0,0,0,0,0,0,0,0,0,0,0,0,0,0,0,0,0,0,0,0,0,0,,,0,0,0,0,0,0,0,0,0,0,0,0,0,0,2,2,0,,,,,,,,,,,,,,,,0,,,,,,2,2,,3,1,0,0,0,0,0,0,0,0,0,0,0,0,0,0,0,0,0,0,0,0,0,0,1,0,0,0,0,1,0,0,0,0,0,0,0,0,0,0,0,,,,,,5,,,,,,0,0,1,0,0,0,0,0,0,0,0,2,1,AHAI6620NOF,,AGOH3229NOF,,,1,1,1,1,1,1,1,0,0,0,0,0,0,0,0,0,,1,AHAI6958NOF,,,1,0,0,0,0,0,0,0,0,0,,0,,,,,0,,,,0,,,,0,,,,,,2,2,1,1660296726085.jpg,6085/22,0,,0,0,0,0,0,0,0,0,0,0,0,0,0,0,0,0,0,0,,,2,,,,,,,,,,,,,,,,,,,,,,,,,,,,0,6085_22,2022-08-11,,,2,27-94_Lu_HDS_ca_E,27-94_Lu_HDS_ca_E.zip,1,2,https://cloud.butterflynetwork.com/-/shared/uAufNVOAQyyX4gM5wshWIQ?region=US,0,0,0,0,0,0,0,0,0,0,0,,2,,,,,,,,,,,,,,,,,,,,,,,,,,,,,,,,,,,,,,,,,,,,,,,,,,0,,,0,0,0,0,0,0,0,0,0,0,0,0,0,0,0,0,0,,,,,,,,,,,,,,,,,,,,0,,,,,0,,,,,,,,,,,0,,,,,,,,,,,,,,,,,,,,,,,,,,,,,0,,,0,0,0,0,0,0,0,0,0,0,0,0,0,0,0,0,0,0,0,0,0,0,,,,,,,,,,,,,,,,,,,,,,,0,0,0,0,0,0,0,0,0,0,0,0,,,0,0,0,0,0,0,0,0,0,0,,,,,0,,0,0,0,0,0,0,0,0,0,0,0,0,0,0,0,0,0,0,0,0,0,0,0,0,0,0,0,0,0,0,0,0,0,0,0,0,0,0,0,0,0,0,0,0,0,0,0,0,0,0,0,0,0,0,0,0,0,0,0,0,0,0,0,0,0,0,0,0,0,0,0,0,0,0,0,0,0,0,0,0,0,0,0,0,0,0,0,0,0,0,0,0,0,0,0,0,0,0,,,0
27-95,hds,"2022-08-13 15:30",1,1,0,0,1,1,,2,16,2,,15,1,,,,,,0,0,1,1,0,1,0,1,0,0,0,0,0,0,0,0,0,0,0,,,,60,3,15,,,5,,,,,,,2,,,,1,0,0,0,0,0,0,0,0,0,0,0,0,0,,,,,,,,2,,,,2021,,0,,0,,3,4,,,3,0,0,0,0,0,0,0,0,0,0,0,0,0,,0,0,0,0,,3,,,,,,0,0,0,0,0,0,0,0,0,0,0,0,0,0,,,0,0,,,,,0,,,0,2,,176,36,108,137,77,22,81,15.6,15,1,0,0,1,,3,0,0,1,2,1,,1,1,1,1,1,1,1,1,1,1,0,0,0,0,0,0,0,0,0,0,0,0,0,0,0,0,0,0,0,0,0,0,0,0,0,0,0,0,0,0,0,0,0,0,0,0,0,0,0,0,0,0,0,0,0,0,0,0,0,,0,0,0,0,0,0,0,0,0,0,0,0,0,0,2,1,0,,1,1,1,1,1,1,1,1,1,1,8,8,1,1,0,,,,,,2,2,,6,0,0,0,0,0,0,0,0,0,0,0,0,0,0,0,0,0,0,0,0,0,0,0,1,0,0,1,0,0,0,0,1,0,0,0,0,0,0,0,0,,,,7,,,,,3,,,0,0,1,0,0,0,0,0,0,0,0,2,1,,,,,1660635873765.jpg,1,1,1,0,0,0,1,0,0,1,0,0,0,0,0,0,ESR,1,AGOE7182NOF,,,1,0,0,0,0,0,0,0,0,0,,0,,,,,1,,,1660635955620.jpg,0,,,,0,,,0,,,2,2,1,1660811502833.jpg,6229/22,0,,0,0,0,0,0,0,0,0,0,0,0,0,0,0,0,0,0,0,,,2,,,,,,,,,,,,,,,,,,,,,,,,,,,,0,"6229_22 (PA)",2022-08-17,,,2,27-95_Lu_HDS_ca_E,27-95_Lu_HDS_ca_E.zip,1,2,https://cloud.butterflynetwork.com/-/shared/RuCBTQ1aSDGevJSPEvc_7w?region=US,0,0,0,0,0,0,0,0,0,0,0,,2,,,,,,,,,,,,,,,,,,,,,,,,,,,,,,,,,,,,,,,,,,,,,,,,,,0,,,0,0,0,0,0,0,0,0,0,0,0,0,0,0,0,0,0,,,,,,,,,,,,,,,,,,,,0,,,,,0,,,,,,,,,,,0,,,,,,,,,,,,,,,,,,,,,,,,,,,,,0,,,0,0,0,0,0,0,0,0,0,0,0,0,0,0,0,0,0,0,0,0,0,0,,,,,,,,,,,,,,,,,,,,,,,0,0,0,0,0,0,0,0,0,0,0,0,,,0,0,0,0,0,0,0,0,0,0,,,,,0,,0,0,0,0,0,0,0,0,0,0,0,0,0,0,0,0,0,0,0,0,0,0,0,0,0,0,0,0,0,0,0,0,0,0,0,0,0,0,0,0,0,0,0,0,0,0,0,0,0,0,0,0,0,0,0,0,0,0,0,0,0,0,0,0,0,0,0,0,0,0,0,0,0,0,0,0,0,0,0,0,0,0,0,0,0,0,0,0,0,0,0,0,0,0,0,0,0,0,,,0
27-96,hds,"2022-08-15 12:52",1,1,0,0,1,1,0,2,14,2,,30,1,,,,,,0,0,0,1,0,1,1,0,0,0,0,0,0,0,0,0,0,0,0,,,,30,,7,,3,,,,,,,,2,,,,1,0,0,0,0,0,0,0,0,0,0,0,0,0,,,,,,,,1,,,,,,,,,,,,,,1,0,0,0,0,0,0,0,0,0,0,0,0,0,,0,0,0,0,,0,,,,,,0,0,0,0,0,0,0,0,0,0,0,0,0,0,,,0,1,2,2,2022,2,0,,,0,2,94,162,35,108,140,84,19,97,5.6,15,0,0,0,0,35.817710714830056,2,0,0,1,2,1,,0,,0,0,0,0,0,0,0,0,0,0,0,0,0,0,0,0,0,0,0,0,0,0,0,0,0,0,0,0,0,0,0,0,0,0,0,0,0,0,0,0,0,0,0,0,0,0,0,0,0,0,0,0,0,0,0,0,,,0,0,0,0,0,0,0,0,0,0,0,0,0,0,2,2,1,"Patient was fat the probe couldn't go  through",1,1,1,1,1,1,1,1,1,1,1,1,8,,,,,,,,2,1,,3,0,0,0,0,0,0,0,0,0,0,0,0,0,0,0,0,0,0,0,0,0,0,0,1,0,0,1,0,0,0,0,0,0,0,0,0,0,0,0,0,,,,5,,,,,,,,0,0,1,0,0,0,0,0,0,0,0,2,1,,AHAI7319NOF,,,,1,1,1,0,0,0,0,0,0,0,0,0,0,0,0,0,,1,,AGOE7715NOF,,1,0,0,0,0,0,0,0,0,0,,0,,,,,0,,,,0,,,,0,,,,,,2,2,1,1660569940856.jpg,6146/22,,,0,0,0,0,0,0,0,0,0,0,0,0,0,0,0,0,0,0,,,2,,,,,,,,,,,,,,,,,,,,,,,,,,,,0,"6146_22 (PA)",2022-08-15,,,2,27-96_Lu_HDS_ca_E,27-96_Lu_HDS_ca_E.zip,1,2,https://cloud.butterflynetwork.com/-/shared/GY6SclGcSX2sARgiC5JkOw?region=US,0,0,0,0,0,0,0,0,0,0,0,,2,,,,,,,,,,,,,,,,,,,,,,,,,,,,,,,,,,,,,,,,,,,,,,,,,,0,,,0,0,0,0,0,0,0,0,0,0,0,0,0,0,0,0,0,,,,,,,,,,,,,,,,,,,,0,,,,,0,,,,,,,,,,,0,,,,,,,,,,,,,,,,,,,,,,,,,,,,,0,,,0,0,0,0,0,0,0,0,0,0,0,0,0,0,0,0,0,0,0,0,0,0,,,,,,,,,,,,,,,,,,,,,,,0,0,0,0,0,0,0,0,0,0,0,0,,,0,0,0,0,0,0,0,0,0,0,,,,,0,,0,0,0,0,0,0,0,0,0,0,0,0,0,0,0,0,0,0,0,0,0,0,0,0,0,0,0,0,0,0,0,0,0,0,0,0,0,0,0,0,0,0,0,0,0,0,0,0,0,0,0,0,0,0,0,0,0,0,0,0,0,0,0,0,0,0,0,0,0,0,0,0,0,0,0,0,0,0,0,0,0,0,0,0,0,0,0,0,0,0,0,0,0,0,0,0,0,0,,,0
27-97,hds,"2022-08-18 16:59",1,1,0,0,1,1,,2,16,2,,14,1,,,,,,0,0,1,1,0,1,0,1,0,0,0,0,0,0,0,0,0,0,0,,,,120,5,14,,,5,,,,,,,2,,,,1,0,0,0,0,0,0,0,0,0,0,0,0,0,,,,,,,,1,,,,,,,,,,,,,,1,0,0,0,0,0,0,0,0,0,0,0,0,0,,0,0,0,0,,2,,,,,,0,0,0,0,0,0,0,0,0,0,0,0,0,0,,,0,0,,,,,0,,,0,2,,160,37.2,170,112,77,22,98,7.4,14,1,1,0,2,,5,0,0,1,2,1,,0,,0,0,0,0,0,0,0,0,0,0,0,0,0,0,0,0,0,0,0,0,0,0,0,0,0,0,0,0,0,0,0,0,0,0,0,0,0,0,0,0,0,0,0,0,0,0,0,0,0,0,0,0,0,0,0,0,,,0,0,0,0,0,0,0,0,0,0,0,0,0,0,2,2,0,,1,1,4,4,4,1,1,2,2,8,1,3,4,1,0,,,,,,2,2,,6,0,0,1,0,0,0,0,0,0,0,0,0,0,0,0,0,0,0,0,0,0,0,1,1,0,0,1,0,0,0,0,0,0,0,0,0,0,0,0,0,,,,7,,,,,,,,0,0,1,0,0,0,0,0,0,0,0,2,1,,,,,1660912369857.jpg,1,1,1,0,1,1,0,0,0,0,0,0,0,0,0,0,,1,,,1660912404108.jpg,1,0,0,0,0,0,0,0,0,0,,0,,,,,1,,,1660912426185.jpg,0,,,,0,,,0,,,1,2,1,1660902948836.jpg,6283/22,0,,0,0,0,0,0,0,0,0,0,0,0,0,0,0,0,0,0,0,,,2,,,,,,,,,,,,,,,,,,,,,,,,,,,,0,6283_22,2022-08-18,,,2,27-97_Lu_HDS_ca_E,27-97_Lu_HDS_ca.zip,1,2,https://cloud.butterflynetwork.com/-/shared/EvOIQfBKQAuRHIdOjAW3nw?region=US,0,0,0,0,0,0,0,0,0,0,0,,2,,,,,,,,,,,,,,,,,,,,,,,,,,,,,,,,,,,,,,,,,,,,,,,,,,0,,,0,0,0,0,0,0,0,0,0,0,0,0,0,0,0,0,0,,,,,,,,,,,,,,,,,,,,0,,,,,0,,,,,,,,,,,0,,,,,,,,,,,,,,,,,,,,,,,,,,,,,0,,,0,0,0,0,0,0,0,0,0,0,0,0,0,0,0,0,0,0,0,0,0,0,,,,,,,,,,,,,,,,,,,,,,,0,0,0,0,0,0,0,0,0,0,0,0,,,0,0,0,0,0,0,0,0,0,0,,,,,0,,0,0,0,0,0,0,0,0,0,0,0,0,0,0,0,0,0,0,0,0,0,0,0,0,0,0,0,0,0,0,0,0,0,0,0,0,0,0,0,0,0,0,0,0,0,0,0,0,0,0,0,0,0,0,0,0,0,0,0,0,0,0,0,0,0,0,0,0,0,0,0,0,0,0,0,0,0,0,0,0,0,0,0,0,0,0,0,0,0,0,0,0,0,0,0,0,0,0,,,0
27-98,hds,"2022-08-20 14:48",1,1,0,0,1,1,0,2,,3,,,,5,,,,,0,0,0,0,0,0,0,0,0,0,0,0,0,0,0,0,0,0,0,,,,,,,,,,,,,,,,2,,,,1,0,0,0,0,0,0,0,0,0,0,0,0,0,,,,,,,,1,,,,,,,,,,,,,,1,0,0,0,0,0,0,0,0,0,0,0,0,0,,,,0,0,,3,,,,,,0,0,0,0,0,0,0,0,0,0,0,0,0,0,,,0,1,1,1,2021,10,,,,0,0,42,175,36.6,94,105,59,22,86,10.7,,1,0,0,1,13.714285714285714,2,0,0,0,2,1,,0,,0,0,0,0,0,0,0,0,0,0,0,0,0,0,0,0,0,0,0,0,0,0,0,0,0,0,0,0,0,0,0,0,0,0,0,0,0,0,0,0,0,0,0,0,0,0,0,0,0,0,0,0,0,0,0,0,,,0,0,0,0,0,0,0,0,0,0,0,0,0,0,2,2,0,,,,,,,,,,,,,,,,0,,,,,,2,2,,3,0,0,0,0,0,0,0,0,0,0,0,0,0,0,0,0,0,0,0,0,0,0,1,1,0,0,1,0,0,0,0,0,0,0,0,0,0,0,0,0,,,,5,,,,,,,,0,0,0,0,1,0,0,0,0,0,0,2,1,,,,,1661170764408.jpg,1,0,1,0,0,0,0,0,0,0,0,0,0,0,0,0,,1,,,1661170879408.jpg,1,0,0,0,0,0,0,0,0,0,,0,,,,,1,,,1661170949488.jpg,0,,,,0,,,0,,,2,2,1,1661173597625.jpg,6338/22,0,,0,0,0,0,0,0,0,0,0,0,0,0,0,0,0,0,0,0,,,2,,,,,,,,,,,,,,,,,,,,,,,,,,,,0,"6338_22 (PA)",2022-08-22,,,2,27-98_Lu_HDS_ca_E,27-98_Lu_HDS_ca_E.zip,1,2,https://cloud.butterflynetwork.com/-/shared/3s5D6rvkRNiioOGDcX6b5w?region=US,0,0,0,0,0,0,0,0,0,0,0,,2,,,,,,,,,,,,,,,,,,,,,,,,,,,,,,,,,,,,,,,,,,,,,,,,,,0,,,0,0,0,0,0,0,0,0,0,0,0,0,0,0,0,0,0,,,,,,,,,,,,,,,,,,,,0,,,,,0,,,,,,,,,,,0,,,,,,,,,,,,,,,,,,,,,,,,,,,,,0,,,0,0,0,0,0,0,0,0,0,0,0,0,0,0,0,0,0,0,0,0,0,0,,,,,,,,,,,,,,,,,,,,,,,0,0,0,0,0,0,0,0,0,0,0,0,,,0,0,0,0,0,0,0,0,0,0,,,,,0,,0,0,0,0,0,0,0,0,0,0,0,0,0,0,0,0,0,0,0,0,0,0,0,0,0,0,0,0,0,0,0,0,0,0,0,0,0,0,0,0,0,0,0,0,0,0,0,0,0,0,0,0,0,0,0,0,0,0,0,0,0,0,0,0,0,0,0,0,0,0,0,0,0,0,0,0,0,0,0,0,0,0,0,0,0,0,0,0,0,0,0,0,0,0,0,0,0,0,,,0
27-99,hds,"2022-08-24 20:55",1,1,0,0,1,1,,2,15,2,,7,0,,,,,,0,0,1,1,0,0,0,1,1,0,0,0,0,0,0,0,0,0,0,,,,,2,5,,,3,30,,,,,,2,,,,1,0,0,0,0,0,0,0,0,0,0,0,0,0,,,,,,,,2,,,,2010,,0,,0,,3,5,,,1,0,0,0,0,0,0,0,0,0,0,0,0,0,,0,0,0,0,,1,,,,,2,0,0,0,0,0,0,0,0,0,0,0,0,0,0,,,0,1,2,2,2021,10,0,,,0,2,,156,36.6,94,93,52,22,85,7.2,15,1,0,1,2,,2,0,0,1,2,0,"Network problem",0,,0,0,0,0,0,0,0,0,0,0,0,0,0,0,0,0,0,0,0,0,0,0,0,0,0,0,0,0,0,0,0,0,0,0,0,0,0,0,0,0,0,0,0,0,0,0,0,0,0,0,0,0,0,0,0,0,,,0,0,0,0,0,0,0,0,0,0,0,0,0,0,2,1,0,,2,1,4,1,5,4,1,5,7,7,4,4,2,5,1,1,,1,,1,2,2,,7,0,0,1,0,0,0,0,0,0,0,0,0,0,0,0,0,0,0,0,0,0,0,0,1,0,0,1,0,0,0,0,0,0,0,0,0,0,0,0,0,,,,5,,,,,,,,0,1,1,0,0,0,0,0,0,0,0,2,1,,AHAI6879NOF,,,1661434141115.jpg,1,1,1,0,0,1,1,0,0,0,0,0,0,0,0,0,,1,,AHAI6880NOF,1661434188129.jpg,1,0,0,0,0,0,0,0,0,0,,0,,,,,0,,,,0,,,,0,,,0,,,2,2,1,1661517286394.jpg,6446/22,1,0,0,1,0,0,0,0,0,0,0,0,0,0,0,0,0,0,0,0,,,2,,,,,,,,,,,,,,,,,,,,,,,,,,,,0,6446_22,2022-08-25,,,2,,,,0,https://cloud.butterflynetwork.com/-/shared/ovI5nYNyS-qr9oFgZ81MoQ?region=US,0,0,0,0,0,0,0,0,0,0,0,,2,,,,,,,,,,,,,,,,,,,,,,,,,,,,,,,,,,,,,,,,,,,,,,,,,,0,,,0,0,0,0,0,0,0,0,0,0,0,0,0,0,0,0,0,,,,,,,,,,,,,,,,,,,,0,,,,,0,,,,,,,,,,,0,,,,,,,,,,,,,,,,,,,,,,,,,,,,,0,,,0,0,0,0,0,0,0,0,0,0,0,0,0,0,0,0,0,0,0,0,0,0,,,,,,,,,,,,,,,,,,,,,,,0,0,0,0,0,0,0,0,0,0,0,0,,,0,0,0,0,0,0,0,0,0,0,,,,,0,,0,0,0,0,0,0,0,0,0,0,0,0,0,0,0,0,0,0,0,0,0,0,0,0,0,0,0,0,0,0,0,0,0,0,0,0,0,0,0,0,0,0,0,0,0,0,0,0,0,0,0,0,0,0,0,0,0,0,0,0,0,0,0,0,0,0,0,0,0,0,0,0,0,0,0,0,0,0,0,0,0,0,0,0,0,0,0,0,0,0,0,0,0,0,0,0,0,0,,,0
27-100,hds,"2022-08-25 16:13",1,1,0,0,1,1,0,2,13,2,,14,1,,,,,,0,0,1,0,0,0,1,0,0,0,0,0,0,0,0,0,0,0,0,,,,,5,,,14,,,,,,,,2,,,,1,0,0,0,0,0,0,0,0,0,0,0,0,0,,,,,,,,1,,,,,,,,,,,,,,1,0,0,0,0,0,0,0,0,0,0,0,0,0,,0,0,0,0,,2,,,,,,0,0,0,0,0,0,0,0,0,0,0,0,0,0,,,0,1,1,1,2021,12,0,,,0,2,60,,36.6,110,102,67,20,95,4.3,15,0,0,0,0,,2,0,0,0,2,0,"Problem with the network ",0,,0,0,0,0,0,0,0,0,0,0,0,0,0,0,0,0,0,0,0,0,0,0,0,0,0,0,0,0,0,0,0,0,0,0,0,0,0,0,0,0,0,0,0,0,0,0,0,0,0,0,0,0,0,0,0,0,,,0,0,0,0,0,0,0,0,0,0,0,0,0,0,2,2,0,,,,,,,,,,,,,,,,1,1,,1,,,2,2,,1,0,0,0,0,0,0,0,0,0,0,0,0,0,0,0,0,0,0,0,0,0,0,0,1,0,0,1,0,0,0,0,1,0,0,0,0,0,0,0,0,,,,5,,,,,3,,,0,0,1,0,0,0,0,0,0,0,0,2,1,,AHAI6895NOF,,,1661516959046.jpg,1,1,1,0,1,0,0,0,0,0,0,0,0,0,0,0,,1,,AHAI6899NOF,1661517041189.jpg,0,0,0,0,0,0,0,0,0,0,,0,,,,,0,,,,0,,,,,,,0,,,2,2,1,1661511273219.jpg,6447/22,0,,0,0,0,0,0,0,0,0,0,0,0,0,0,0,0,0,0,0,,,2,,,,,,,,,,,,,,,,,,,,,,,,,,,,0,"6447_22 (PA)",2022-08-25,,,2,,,,0,https://cloud.butterflynetwork.com/-/shared/hd6uuo-5QoG4Z6DSAxxygg?region=US,0,0,0,0,0,0,0,0,0,0,0,,2,,,,,,,,,,,,,,,,,,,,,,,,,,,,,,,,,,,,,,,,,,,,,,,,,,0,,,0,0,0,0,0,0,0,0,0,0,0,0,0,0,0,0,0,,,,,,,,,,,,,,,,,,,,0,,,,,0,,,,,,,,,,,0,,,,,,,,,,,,,,,,,,,,,,,,,,,,,0,,,0,0,0,0,0,0,0,0,0,0,0,0,0,0,0,0,0,0,0,0,0,0,,,,,,,,,,,,,,,,,,,,,,,0,0,0,0,0,0,0,0,0,0,0,0,,,0,0,0,0,0,0,0,0,0,0,,,,,0,,0,0,0,0,0,0,0,0,0,0,0,0,0,0,0,0,0,0,0,0,0,0,0,0,0,0,0,0,0,0,0,0,0,0,0,0,0,0,0,0,0,0,0,0,0,0,0,0,0,0,0,0,0,0,0,0,0,0,0,0,0,0,0,0,0,0,0,0,0,0,0,0,0,0,0,0,0,0,0,0,0,0,0,0,0,0,0,0,0,0,0,0,0,0,0,0,0,0,,,0
27-101,hds,"2022-08-27 16:30",1,1,0,0,1,1,,2,16,2,,21,1,,,,,,0,0,1,1,0,0,0,1,0,0,0,0,0,0,0,0,0,0,0,,,,,3,21,,,5,,,,,,,2,,,,1,0,0,0,0,0,0,0,0,0,0,0,0,0,,,,,,,,2,,,,2020,,0,,0,,3,4,,,3,0,0,0,0,0,0,0,0,0,0,0,0,0,,1,1,0,0,,2,,,,,,0,0,0,0,0,0,0,0,0,0,0,0,0,0,,,1,0,,,,,0,,,0,2,,169,36.6,,194,92,22,86,5.7,15,1,0,0,1,,3,0,0,0,2,1,,0,,0,0,0,0,0,0,0,0,0,0,0,0,0,0,0,0,0,0,0,0,0,0,0,0,0,0,0,0,0,0,0,0,0,0,0,0,0,0,0,0,0,0,0,0,0,0,0,0,0,0,0,0,0,0,0,0,,,0,0,0,0,0,0,0,0,0,0,0,0,0,0,2,1,0,,5,2,2,4,2,1,5,1,5,5,4,8,2,1,0,,,,,,2,2,,6,0,0,0,0,0,0,0,0,0,0,0,0,0,0,0,0,0,0,0,0,0,0,0,1,0,0,1,0,0,0,0,0,0,0,0,0,0,0,0,0,,,,5,,,,,,,,0,1,1,0,0,0,0,0,0,0,0,2,1,AHAI7671NOF,,,,,1,1,1,0,0,0,1,0,0,0,0,0,0,0,0,0,,1,AGOG7022NOF,,,1,0,0,0,0,0,0,0,0,0,,0,,,,,0,,,,0,,,,0,,,0,,,2,2,0,,,,,0,0,0,0,0,0,0,0,0,0,0,0,0,0,0,0,0,0,,,2,,,,,,,,,,,,,,,,,,,,,,,,,,,,0,,,,,2,27-101_Lu_HDS_ca_E,27-101_Lu_HDS_ca_E.zip,1,2,https://cloud.butterflynetwork.com/-/shared/Xnv_XYWfTsqByrBk3aPSfw?region=US,0,0,0,0,0,0,0,0,0,0,0,,2,,,,,,,,,,,,,,,,,,,,,,,,,,,,,,,,,,,,,,,,,,,,,,,,,,0,,,0,0,0,0,0,0,0,0,0,0,0,0,0,0,0,0,0,,,,,,,,,,,,,,,,,,,,0,,,,,0,,,,,,,,,,,0,,,,,,,,,,,,,,,,,,,,,,,,,,,,,0,,,0,0,0,0,0,0,0,0,0,0,0,0,0,0,0,0,0,0,0,0,0,0,,,,,,,,,,,,,,,,,,,,,,,0,0,0,0,0,0,0,0,0,0,0,0,,,0,0,0,0,0,0,0,0,0,0,,,,,0,,0,0,0,0,0,0,0,0,0,0,0,0,0,0,0,0,0,0,0,0,0,0,0,0,0,0,0,0,0,0,0,0,0,0,0,0,0,0,0,0,0,0,0,0,0,0,0,0,0,0,0,0,0,0,0,0,0,0,0,0,0,0,0,0,0,0,0,0,0,0,0,0,0,0,0,0,0,0,0,0,0,0,0,0,0,0,0,0,0,0,0,0,0,0,0,0,0,0,,,0
27-102,hds,"2022-08-28 09:27",1,1,0,0,1,1,0,2,,3,,,,7,,,,,0,1,0,0,0,0,0,0,0,0,0,0,0,0,0,0,0,0,0,,3,1,,,,,,,,,,,,,2,,,,1,0,0,0,0,0,0,0,0,0,0,0,0,0,,,,,,,,1,,,,,,,,,,,,,,1,0,0,0,0,0,0,0,0,0,0,0,0,0,,0,1,0,0,,1,,,,,2,0,0,0,0,0,0,0,0,0,0,0,0,0,0,,,0,0,,,,,0,,,0,2,,,36.4,119,118,63,28,87,6.2,15,1,0,0,1,,1,0,0,0,2,1,,0,,0,0,0,0,0,0,0,0,0,0,0,0,0,0,0,0,0,0,0,0,0,0,0,0,0,0,0,0,0,0,0,0,0,0,0,0,0,0,0,0,0,0,0,0,0,0,0,0,0,0,0,0,0,0,0,0,,,0,0,0,0,0,0,0,0,0,0,0,0,0,0,2,2,0,,4,2,8,1,5,4,1,4,2,4,4,1,,1,0,,,,,,2,2,,,0,0,0,0,0,0,0,0,0,0,0,0,0,0,0,0,0,0,0,0,0,0,0,1,0,0,0,0,1,1,0,0,0,0,0,0,0,0,0,0,,,,,,6,5,,,,,,1,1,0,0,0,0,0,0,0,0,2,1,AHAI7674NOF,,,,1661760077865.jpg,0,0,0,0,0,0,0,0,0,0,0,0,0,0,0,0,,1,,AHAI7629NOF,1661760111383.jpg,1,0,0,0,0,0,0,0,0,0,,0,,,,,1,AHAI7621NOF,,1661760158133.jpg,0,,,,0,,,0,,,2,2,0,,,,,0,0,0,0,0,0,0,0,0,0,0,0,0,0,0,0,0,0,,,2,,,,,,,,,,,,,,,,,,,,,,,,,,,,0,,,,,2,,,,0,https://cloud.butterflynetwork.com/-/shared/sgtTkr0KRO6tWxdysbs9dQ?region=US,0,0,0,0,0,0,0,0,0,0,0,,2,,,,,,,,,,,,,,,,,,,,,,,,,,,,,,,,,,,,,,,,,,,,,,,,,,0,,,0,0,0,0,0,0,0,0,0,0,0,0,0,0,0,0,0,,,,,,,,,,,,,,,,,,,,0,,,,,0,,,,,,,,,,,0,,,,,,,,,,,,,,,,,,,,,,,,,,,,,0,,,0,0,0,0,0,0,0,0,0,0,0,0,0,0,0,0,0,0,0,0,0,0,,,,,,,,,,,,,,,,,,,,,,,0,0,0,0,0,0,0,0,0,0,0,0,,,0,0,0,0,0,0,0,0,0,0,,,,,0,,0,0,0,0,0,0,0,0,0,0,0,0,0,0,0,0,0,0,0,0,0,0,0,0,0,0,0,0,0,0,0,0,0,0,0,0,0,0,0,0,0,0,0,0,0,0,0,0,0,0,0,0,0,0,0,0,0,0,0,0,0,0,0,0,0,0,0,0,0,0,0,0,0,0,0,0,0,0,0,0,0,0,0,0,0,0,0,0,0,0,0,0,0,0,0,0,0,0,,,0
27-103,hds,"2022-08-30 12:21",1,1,0,0,1,1,0,2,16,2,,21,1,,,,,,0,0,0,1,0,0,0,0,0,0,0,0,0,0,0,0,0,0,0,,,,,,21,,,,,,,,,,2,,,,1,0,0,0,0,0,0,0,0,0,0,0,0,0,,,,,,,,2,,,,2016,,0,,0,,3,,,,1,0,0,0,0,0,0,0,0,0,0,0,0,0,,0,0,0,0,,1,89,2022-08-30,,,2,0,0,0,0,0,0,0,0,0,0,0,0,0,0,,,0,0,,,,,0,,,0,2,60,,36.5,89,105,69,20,95,6.2,15,0,0,0,0,,1,0,0,1,2,0,"The  patient refused ",0,,0,0,0,0,0,0,0,0,0,0,0,0,0,0,0,0,0,0,0,0,0,0,0,0,0,0,0,0,0,0,0,0,0,0,0,0,0,0,0,0,0,0,0,0,0,0,0,0,0,0,0,0,0,0,0,0,,,0,0,0,0,0,0,0,0,0,0,0,0,0,0,2,2,0,,1,1,1,1,4,1,1,1,4,5,1,4,2,4,0,,,,,,2,1,,6,0,0,1,0,0,0,0,0,0,0,0,0,0,0,0,0,0,0,0,0,0,0,0,1,0,0,1,0,0,0,0,0,0,0,0,0,0,0,0,0,,,,5,,,,,,,,0,0,1,0,0,0,0,0,0,0,0,2,1,,AHAJ1714NOF,,,,1,1,1,0,0,0,0,0,0,0,0,0,0,0,0,0,,1,,AHAI7529NOF,,0,1,0,0,0,0,0,0,0,0,,0,,,,,0,,,,0,,,,0,,,0,,,2,2,0,,,,,0,0,0,0,0,0,0,0,0,0,0,0,0,0,0,0,0,0,,,2,,,,,,,,,,,,,,,,,,,,,,,,,,,,0,,,,,2,,,,0,https://cloud.butterflynetwork.com/-/shared/Td0pH_faRVGURCiEgZsk3w?region=US,0,0,0,0,0,0,0,0,0,0,0,,2,,,,,,,,,,,,,,,,,,,,,,,,,,,,,,,,,,,,,,,,,,,,,,,,,,0,,,0,0,0,0,0,0,0,0,0,0,0,0,0,0,0,0,0,,,,,,,,,,,,,,,,,,,,0,,,,,0,,,,,,,,,,,0,,,,,,,,,,,,,,,,,,,,,,,,,,,,,0,,,0,0,0,0,0,0,0,0,0,0,0,0,0,0,0,0,0,0,0,0,0,0,,,,,,,,,,,,,,,,,,,,,,,0,0,0,0,0,0,0,0,0,0,0,0,,,0,0,0,0,0,0,0,0,0,0,,,,,0,,0,0,0,0,0,0,0,0,0,0,0,0,0,0,0,0,0,0,0,0,0,0,0,0,0,0,0,0,0,0,0,0,0,0,0,0,0,0,0,0,0,0,0,0,0,0,0,0,0,0,0,0,0,0,0,0,0,0,0,0,0,0,0,0,0,0,0,0,0,0,0,0,0,0,0,0,0,0,0,0,0,0,0,0,0,0,0,0,0,0,0,0,0,0,0,0,0,0,,,0
27-104,hds,"2022-08-29 12:14",1,1,0,0,1,1,,2,16,2,,15,1,,,,,,0,0,1,0,0,0,0,0,1,0,0,0,0,0,0,0,0,0,0,,,,,5,,,,,21,,,,,,2,,,,1,0,0,0,0,0,0,0,0,0,0,0,0,0,,,,,,,,2,,,,2016,,0,,0,,3,5,,,1,0,0,0,0,0,0,0,0,0,0,0,0,0,,0,0,0,0,,2,46,2021-12-15,211000,2021-12-15,,0,0,0,0,0,0,0,0,0,0,0,0,0,0,,,0,0,,,,,0,,,0,2,,160,36.2,135,97,66,22,85,"7,3",15,1,0,1,2,,2,0,0,0,2,1,,0,,0,0,0,0,0,0,0,0,0,0,0,0,0,0,0,0,0,0,0,0,0,0,0,0,0,0,0,0,0,0,0,0,0,0,0,0,0,0,0,0,0,0,0,0,0,0,0,0,0,0,0,0,0,0,0,0,,,0,0,0,0,0,0,0,0,0,0,0,0,0,0,2,1,0,,1,4,4,1,1,1,4,8,2,5,4,1,5,2,0,,,,,,2,2,,6,0,0,1,0,0,0,0,0,0,0,0,0,0,0,0,0,0,0,0,0,0,0,0,1,0,0,1,0,0,0,0,0,0,0,0,0,0,0,0,0,,,,5,,,,,,,,0,0,1,0,0,0,0,0,0,0,0,2,1,,ADIT6527HOF,,,1661849002923.jpg,0,0,0,0,1,1,0,0,0,0,0,0,0,0,0,0,,1,,AHAJ1557NOF,1661854351974.jpg,1,0,0,0,0,0,0,0,0,0,,0,,,,,0,,,,0,,,,0,,,0,,,2,2,0,,,,,0,0,0,0,0,0,0,0,0,0,0,0,0,0,0,0,0,0,,,2,,,,,,,,,,,,,,,,,,,,,,,,,,,,0,,,,,2,27-104_Lu_HDS_ca_E,27-104_Lu_HDS_ca_E.zip,1,2,https://cloud.butterflynetwork.com/-/shared/FRsiBRYgSfO3FqFmUAonIA?region=US,0,0,0,0,0,0,0,0,0,0,0,,2,,,,,,,,,,,,,,,,,,,,,,,,,,,,,,,,,,,,,,,,,,,,,,,,,,0,,,0,0,0,0,0,0,0,0,0,0,0,0,0,0,0,0,0,,,,,,,,,,,,,,,,,,,,0,,,,,0,,,,,,,,,,,0,,,,,,,,,,,,,,,,,,,,,,,,,,,,,0,,,0,0,0,0,0,0,0,0,0,0,0,0,0,0,0,0,0,0,0,0,0,0,,,,,,,,,,,,,,,,,,,,,,,0,0,0,0,0,0,0,0,0,0,0,0,,,0,0,0,0,0,0,0,0,0,0,,,,,0,,0,0,0,0,0,0,0,0,0,0,0,0,0,0,0,0,0,0,0,0,0,0,0,0,0,0,0,0,0,0,0,0,0,0,0,0,0,0,0,0,0,0,0,0,0,0,0,0,0,0,0,0,0,0,0,0,0,0,0,0,0,0,0,0,0,0,0,0,0,0,0,0,0,0,0,0,0,0,0,0,0,0,0,0,0,0,0,0,0,0,0,0,0,0,0,0,0,0,,,0
27-105,hds,"2022-08-29 16:27",1,1,0,0,1,1,,2,16,2,,7,1,,,,,,0,0,0,0,0,1,1,1,0,0,0,0,0,0,0,0,0,0,0,,,,30,,,,21,7,,,,,,,2,,,,1,0,0,0,0,0,0,0,0,0,0,0,0,0,,,,,,,,1,,,,,,,,,,,,,,,0,0,0,0,0,0,0,0,0,0,0,0,0,,0,0,0,0,,2,,,,,,0,0,0,0,0,0,0,0,0,0,0,0,0,0,,,0,1,2,2,2021,9,0,,,0,2,,174,38.4,79,109,55,20,95,7.3,15,0,0,0,0,,2,0,0,0,2,1,,0,,0,0,0,0,0,0,0,0,0,0,0,0,0,0,0,0,0,0,0,0,0,0,0,0,0,0,0,0,0,0,0,0,0,0,0,0,0,0,0,0,0,0,0,0,0,0,0,0,0,0,0,0,0,0,0,0,,,0,0,0,0,0,0,0,0,0,0,0,0,0,0,2,2,0,,1,2,1,1,1,1,5,1,1,4,1,1,1,1,0,,,,,,2,2,,6,0,0,1,0,0,0,0,0,0,0,0,0,0,0,0,0,0,0,0,0,0,0,1,1,0,0,1,0,0,0,0,0,0,0,0,0,0,0,0,0,,,,5,,,,,,,,0,0,1,0,0,0,0,0,0,0,0,2,1,,AHAI7520NOF,,,1661864021546.jpg,1,1,1,0,0,0,0,0,0,0,0,0,0,0,0,0,,1,,AHAI7524NOF,1661863927540.jpg,1,0,0,0,0,0,0,0,0,0,,0,,,,,1,,AHAI7519NOF,1661864045180.jpg,0,,,,0,,,0,,,1,2,1,,"6503/22 (Mapulaneng)",0,,0,0,0,0,0,0,0,0,0,0,0,0,0,0,0,0,0,0,,,0,,,,,,,,,,,,,,,,,,,,,,,,,,,,0,,,,,0,27-105_Lu_HDS_ca_E,27-105_Lu_HDS_ca_E.zip,1,2,https://cloud.butterflynetwork.com/-/shared/I8kBwL89TFq7g1OE4o7lng?region=US,0,0,0,0,0,0,0,0,0,0,0,,2,,,,,,,,,,,,,,,,,,,,,,,,,,,,,,,,,,,,,,,,,,,,,,,,,,0,,,0,0,0,0,0,0,0,0,0,0,0,0,0,0,0,0,0,,,,,,,,,,,,,,,,,,,,0,,,,,0,,,,,,,,,,,0,,,,,,,,,,,,,,,,,,,,,,,,,,,,,0,,,0,0,0,0,0,0,0,0,0,0,0,0,0,0,0,0,0,0,0,0,0,0,,,,,,,,,,,,,,,,,,,,,,,0,0,0,0,0,0,0,0,0,0,0,0,,,0,0,0,0,0,0,0,0,0,0,,,,,0,,0,0,0,0,0,0,0,0,0,0,0,0,0,0,0,0,0,0,0,0,0,0,0,0,0,0,0,0,0,0,0,0,0,0,0,0,0,0,0,0,0,0,0,0,0,0,0,0,0,0,0,0,0,0,0,0,0,0,0,0,0,0,0,0,0,0,0,0,0,0,0,0,0,0,0,0,0,0,0,0,0,0,0,0,0,0,0,0,0,0,0,0,0,0,0,0,0,0,,,0
27-106,hds,"2022-08-29 18:28",1,1,0,0,1,1,0,2,,2,,3,1,,,,,,0,0,0,1,0,0,0,0,0,0,0,0,0,0,0,0,0,0,0,,,,,,3,,,,,,,,,,2,,,,1,0,0,0,0,0,0,0,0,0,0,0,0,0,,,,,,,,1,,,,,,,,,,,,,,1,0,0,0,0,0,0,0,0,0,0,0,0,0,,0,0,0,0,,1,,,,,2,0,0,0,0,0,0,0,0,0,0,0,0,0,0,,,0,1,2,2,2022,,0,,,0,2,32,,36,112,94,55,18,96,96,15,0,0,1,1,,2,0,0,1,2,1,,0,,0,0,0,0,0,0,0,0,0,0,0,0,0,0,0,0,0,0,0,0,0,0,0,0,0,0,0,0,0,0,0,0,0,0,0,0,0,0,0,0,0,0,0,0,0,0,0,0,0,0,0,0,0,0,0,0,,,0,0,0,0,0,0,0,0,0,0,0,0,0,0,2,2,0,,2,1,1,1,1,1,1,1,1,2,2,1,1,1,0,,,,,,2,2,,6,0,0,0,0,0,0,0,0,0,0,0,0,0,0,0,0,0,0,0,0,0,0,0,1,0,0,1,0,1,1,0,0,0,0,0,0,0,0,0,0,,,,5,,5,5,,,,,0,0,1,0,0,0,0,0,0,0,0,2,1,AHAI7641NOF,,,ADIT6528HOF,1661934149884.jpg,1,1,1,0,1,1,0,0,0,0,0,0,0,0,0,0,,1,AGOE6291NOF,,,1,0,0,0,0,0,0,0,0,0,,0,,,,,0,,,,0,,,,0,,,0,,,2,2,0,,"6530/22 (Mapulaneng)",0,,0,0,0,0,0,0,0,0,0,0,0,0,0,0,0,0,0,0,,,2,,,,,,,,,,,,,,,,,,,,,,,,,,,,0,,,,,0,,,,0,https://cloud.butterflynetwork.com/-/shared/UaJ50ncdRmOfORnwXEVySg?region=US,0,0,0,0,0,0,0,0,0,0,0,,2,,,,,,,,,,,,,,,,,,,,,,,,,,,,,,,,,,,,,,,,,,,,,,,,,,0,,,0,0,0,0,0,0,0,0,0,0,0,0,0,0,0,0,0,,,,,,,,,,,,,,,,,,,,0,,,,,0,,,,,,,,,,,0,,,,,,,,,,,,,,,,,,,,,,,,,,,,,0,,,0,0,0,0,0,0,0,0,0,0,0,0,0,0,0,0,0,0,0,0,0,0,,,,,,,,,,,,,,,,,,,,,,,0,0,0,0,0,0,0,0,0,0,0,0,,,0,0,0,0,0,0,0,0,0,0,,,,,0,,0,0,0,0,0,0,0,0,0,0,0,0,0,0,0,0,0,0,0,0,0,0,0,0,0,0,0,0,0,0,0,0,0,0,0,0,0,0,0,0,0,0,0,0,0,0,0,0,0,0,0,0,0,0,0,0,0,0,0,0,0,0,0,0,0,0,0,0,0,0,0,0,0,0,0,0,0,0,0,0,0,0,0,0,0,0,0,0,0,0,0,0,0,0,0,0,0,0,,,0
27-107,hds,"2022-09-05 20:03",1,1,0,0,1,1,,2,16,2,,3,1,,,,,,0,0,0,1,0,0,0,0,0,0,1,0,0,0,0,0,0,0,0,,,,,,3,,,,,,3,,,,2,,,,1,0,0,0,0,0,0,0,0,0,0,0,0,0,,,,,,,,2,,,,1994,,0,,0,,3,5,,,1,0,0,0,0,0,0,0,0,0,0,0,0,0,,0,0,0,0,,1,,,,,2,0,0,0,0,0,0,0,0,0,0,0,0,0,0,,,0,1,2,3,2022,1,0,,,0,2,,168,35.0,96,81,42,18,97,6.2,15,0,0,1,1,,2,1,0,0,2,1,,1,1,0,1,0,1,0,1,0,1,0,0,0,0,0,0,0,0,0,0,0,0,0,0,0,0,0,0,0,0,0,0,0,0,0,0,0,0,0,0,0,0,0,0,0,0,0,0,0,0,0,0,0,0,0,0,0,0,0,,0,0,0,0,0,0,0,0,0,0,0,0,0,0,2,1,0,,1,2,4,1,1,1,8,1,1,1,4,4,4,4,0,,,,,,2,2,,6,0,0,0,0,0,0,0,0,0,0,0,0,0,0,0,0,0,0,0,0,0,0,0,1,0,0,1,0,0,0,0,0,0,0,0,0,0,0,0,0,,,,5,,,,,,,,0,0,1,0,0,0,0,0,0,0,0,2,1,,AGOF3427NOF,,,1662549683766.jpg,1,1,1,0,0,0,0,0,0,0,0,0,0,0,0,0,,1,,AGOF3428NOF,1662549709035.jpg,1,0,0,0,0,0,0,0,0,0,,0,,,,,0,,,,0,,,,0,,,0,,,2,2,0,,,,,0,0,0,0,0,0,0,0,0,0,0,0,0,0,0,0,0,0,,,2,,,,,,,,,,,,,,,,,,,,,,,,,,,,0,,,,,2,27-107_Lu_HDS_ca_E,27-107_Lu_HDS_ca_E.zip,1,2,https://cloud.butterflynetwork.com/-/shared/q8dpP94PToa3bRt_36pfWA?region=US,0,0,0,0,0,0,0,0,0,0,0,,2,,,,,,,,,,,,,,,,,,,,,,,,,,,,,,,,,,,,,,,,,,,,,,,,,,0,,,0,0,0,0,0,0,0,0,0,0,0,0,0,0,0,0,0,,,,,,,,,,,,,,,,,,,,0,,,,,0,,,,,,,,,,,0,,,,,,,,,,,,,,,,,,,,,,,,,,,,,0,,,0,0,0,0,0,0,0,0,0,0,0,0,0,0,0,0,0,0,0,0,0,0,,,,,,,,,,,,,,,,,,,,,,,0,0,0,0,0,0,0,0,0,0,0,0,,,0,0,0,0,0,0,0,0,0,0,,,,,0,,0,0,0,0,0,0,0,0,0,0,0,0,0,0,0,0,0,0,0,0,0,0,0,0,0,0,0,0,0,0,0,0,0,0,0,0,0,0,0,0,0,0,0,0,0,0,0,0,0,0,0,0,0,0,0,0,0,0,0,0,0,0,0,0,0,0,0,0,0,0,0,0,0,0,0,0,0,0,0,0,0,0,0,0,0,0,0,0,0,0,0,0,0,0,0,0,0,0,,,0
27-108,hds,"2022-09-04 22:14",1,1,0,0,1,1,0,2,16,2,,14,1,,,,,,0,0,0,0,0,0,1,0,0,0,0,0,0,0,0,0,0,0,0,,,,,,,,14,,,,,,,,2,,,,1,0,0,0,0,0,0,0,0,0,0,0,0,0,,,,,,,,1,,,,,,,,,,,,,,3,0,0,0,0,0,0,0,0,0,0,0,0,0,,0,0,0,0,,3,,,,,,0,0,0,0,0,0,0,0,0,0,0,0,0,0,,,0,0,,,,,0,,,1,2,52,176,35.1,64,83,53,20,95,7.8,15,0,0,1,1,16.787190082644628,5,0,0,1,2,0,"The  patient was not willing ",0,,0,0,0,0,0,0,0,0,0,0,0,0,0,0,0,0,0,0,0,0,0,0,0,0,0,0,0,0,0,0,0,0,0,0,0,0,0,0,0,0,0,0,0,0,0,0,0,0,0,0,0,0,0,0,0,0,,,0,0,0,0,0,0,0,0,0,0,0,0,0,0,2,2,0,,,,,1,3,1,3,5,4,3,1,1,3,4,0,,,,,,2,2,,3,0,0,0,0,0,0,0,0,0,0,0,0,0,0,0,0,0,0,0,0,0,0,0,1,0,0,0,0,1,1,0,0,0,0,0,0,0,0,0,0,,,,,,5,5,,,,,0,0,1,0,0,0,0,0,0,0,0,2,1,,AHAJ1156NOF,,,,1,0,1,1,0,0,1,0,0,0,0,0,0,0,0,0,,1,,AHAJ1157NOF,,1,0,0,0,0,0,0,0,0,0,,0,,,,,0,,,,0,,,,0,,,0,,,2,2,1,,"6557/22 (Mapulaneng)",0,1,0,0,0,0,0,0,0,0,0,0,0,0,0,0,0,0,0,0,,,2,,,,,,,,,,,,,,,,,,,,,,,,,,,,0,,,,,0,,,,0,https://cloud.butterflynetwork.com/-/shared/uOH4w59jSWKWfHclFcUk7w?region=US,0,0,0,0,0,0,0,0,0,0,0,,2,,,,,,,,,,,,,,,,,,,,,,,,,,,,,,,,,,,,,,,,,,,,,,,,,,0,,,0,0,0,0,0,0,0,0,0,0,0,0,0,0,0,0,0,,,,,,,,,,,,,,,,,,,,0,,,,,0,,,,,,,,,,,0,,,,,,,,,,,,,,,,,,,,,,,,,,,,,0,,,0,0,0,0,0,0,0,0,0,0,0,0,0,0,0,0,0,0,0,0,0,0,,,,,,,,,,,,,,,,,,,,,,,0,0,0,0,0,0,0,0,0,0,0,0,,,0,0,0,0,0,0,0,0,0,0,,,,,0,,0,0,0,0,0,0,0,0,0,0,0,0,0,0,0,0,0,0,0,0,0,0,0,0,0,0,0,0,0,0,0,0,0,0,0,0,0,0,0,0,0,0,0,0,0,0,0,0,0,0,0,0,0,0,0,0,0,0,0,0,0,0,0,0,0,0,0,0,0,0,0,0,0,0,0,0,0,0,0,0,0,0,0,0,0,0,0,0,0,0,0,0,0,0,0,0,0,0,,,0
27-109,hds,"2022-09-08 18:15",1,1,0,0,1,1,0,2,,2,,4,1,,,,,,0,0,1,0,0,0,0,0,0,0,0,0,0,0,0,0,0,0,0,,,,,4,,,,,,,,,,,2,,,,1,0,0,0,0,0,0,0,0,0,0,0,0,0,,,,,,,,2,,,,2003,,0,,0,,3,5,,,1,0,0,0,0,0,0,0,0,0,0,0,0,0,,0,0,0,0,,2,,,,,,0,0,0,0,0,0,0,0,0,0,0,0,0,0,,,0,0,,,,,0,,,0,0,31,,38.8,125,125,51,20,88,6.8,15,0,0,0,0,,2,0,0,0,2,1,,0,,0,0,0,0,0,0,0,0,0,0,0,0,0,0,0,0,0,0,0,0,0,0,0,0,0,0,0,0,0,0,0,0,0,0,0,0,0,0,0,0,0,0,0,0,0,0,0,0,0,0,0,0,0,0,0,0,,,0,0,0,0,0,0,0,0,0,0,0,0,0,0,2,2,0,,,,,,,,,,,,,,,,0,,,,,,2,2,,6,0,0,1,0,0,0,0,0,0,1,0,0,0,0,0,0,0,0,0,0,0,0,0,1,0,0,0,0,1,1,0,0,0,0,0,0,0,0,0,0,,,,,,5,5,,,,,0,0,1,0,0,0,0,0,0,0,0,2,1,,AHAJ1539NOF,,ADKF2593HOF,,1,1,1,0,1,0,0,0,0,0,0,0,0,0,0,0,,1,,AHAJ1540NOF,,1,0,0,0,0,0,0,0,0,0,,0,,,,,1,,AHAJ1532NOF,,0,,,,0,,,0,,,2,2,0,,"6666/22 (Mapulaneng)",0,,0,0,0,0,0,0,0,0,0,0,0,0,0,0,0,0,0,0,,,2,,,,,,,,,,,,,,,,,,,,,,,,,,,,0,,,,,0,27-109_Lu_HDS_ca_E,27-109_Lu_HDS_ca_E.zip,1,2,https://cloud.butterflynetwork.com/-/shared/v-PuLk7rQFunnXbERh_76g?region=US,0,0,0,0,0,0,0,0,0,0,0,,2,,,,,,,,,,,,,,,,,,,,,,,,,,,,,,,,,,,,,,,,,,,,,,,,,,0,,,0,0,0,0,0,0,0,0,0,0,0,0,0,0,0,0,0,,,,,,,,,,,,,,,,,,,,0,,,,,0,,,,,,,,,,,0,,,,,,,,,,,,,,,,,,,,,,,,,,,,,0,,,0,0,0,0,0,0,0,0,0,0,0,0,0,0,0,0,0,0,0,0,0,0,,,,,,,,,,,,,,,,,,,,,,,0,0,0,0,0,0,0,0,0,0,0,0,,,0,0,0,0,0,0,0,0,0,0,,,,,0,,0,0,0,0,0,0,0,0,0,0,0,0,0,0,0,0,0,0,0,0,0,0,0,0,0,0,0,0,0,0,0,0,0,0,0,0,0,0,0,0,0,0,0,0,0,0,0,0,0,0,0,0,0,0,0,0,0,0,0,0,0,0,0,0,0,0,0,0,0,0,0,0,0,0,0,0,0,0,0,0,0,0,0,0,0,0,0,0,0,0,0,0,0,0,0,0,0,0,,,0
27-110,hds,"2022-09-09 12:19",1,1,0,0,1,1,,2,16,2,,7,1,,,,,,0,0,1,1,0,0,0,1,0,0,0,0,0,0,0,0,0,0,0,,,,,1,3,,,2,,,,,,,2,,,,1,0,0,0,0,0,0,0,0,0,0,0,0,0,,,,,,,,1,,,,,,,,,,,,,,1,0,0,0,0,0,0,0,0,0,0,0,0,0,,0,0,0,0,,2,,,,,,0,0,0,0,0,0,0,0,0,0,0,0,0,0,,,0,1,2,2,2021,10,0,,,0,2,,164,36.0,60,131,87,22,75,6.1,15,1,0,0,1,,2,0,0,0,2,1,,0,,0,0,0,0,0,0,0,0,0,0,0,0,0,0,0,0,0,0,0,0,0,0,0,0,0,0,0,0,0,0,0,0,0,0,0,0,0,0,0,0,0,0,0,0,0,0,0,0,0,0,0,0,0,0,0,0,,,0,0,0,0,0,0,0,0,0,0,0,0,0,0,2,2,0,,4,4,8,1,1,4,4,2,2,4,4,4,4,4,0,,,,,,2,2,,6,0,0,0,0,0,0,0,0,0,0,0,0,0,0,0,0,0,0,0,0,0,0,0,1,0,0,0,0,1,0,0,0,0,0,0,0,0,0,0,0,,,,,,5,,,,,,0,1,1,0,0,0,0,0,0,0,0,2,1,,AHAJ1415NOF,,,1662720134800.jpg,1,1,1,0,0,0,0,0,0,0,0,0,0,0,0,0,,1,,AHAJ1416NOF,1662720171872.jpg,1,0,0,0,0,0,0,0,0,0,,0,,,,,1,,AHAJ1420NOF,1662720190576.jpg,0,,,,0,,,0,,,2,2,1,1667393449952.jpg,7017/22,0,,0,0,0,0,0,0,0,0,0,0,0,0,0,0,0,0,0,0,,,2,,,,,,,,,,,,,,,,,,,,,,,,,,,,0,,,,,0,27-110_Lu_HDS_ca_E,27-110_Lu_HDS_ca_E.zip,1,2,https://cloud.butterflynetwork.com/-/shared/Dk126GleTsmMtPxh8QUL1w?region=US,0,0,0,0,0,0,0,0,0,0,0,,2,,,,,,,,,,,,,,,,,,,,,,,,,,,,,,,,,,,,,,,,,,,,,,,,,,0,,,0,0,0,0,0,0,0,0,0,0,0,0,0,0,0,0,0,,,,,,,,,,,,,,,,,,,,0,,,,,0,,,,,,,,,,,0,,,,,,,,,,,,,,,,,,,,,,,,,,,,,0,,,0,0,0,0,0,0,0,0,0,0,0,0,0,0,0,0,0,0,0,0,0,0,,,,,,,,,,,,,,,,,,,,,,,0,0,0,0,0,0,0,0,0,0,0,0,,,0,0,0,0,0,0,0,0,0,0,,,,,0,,0,0,0,0,0,0,0,0,0,0,0,0,0,0,0,0,0,0,0,0,0,0,0,0,0,0,0,0,0,0,0,0,0,0,0,0,0,0,0,0,0,0,0,0,0,0,0,0,0,0,0,0,0,0,0,0,0,0,0,0,0,0,0,0,0,0,0,0,0,0,0,0,0,0,0,0,0,0,0,0,0,0,0,0,0,0,0,0,0,0,0,0,0,0,0,0,0,0,,,0
27-111,hds,"2022-09-10 15:43",1,1,0,0,1,1,,2,16,2,,21,1,,,,,,0,0,1,1,0,0,0,0,0,0,0,0,0,0,0,0,0,0,0,,,,,2,14,,,,,,,,,,2,,,,1,0,0,0,0,0,0,0,0,0,0,0,0,0,,,,,,,,1,,,,,,,,,,,,,,1,0,0,0,0,0,0,0,0,0,0,0,0,0,,0,0,0,0,,3,,,,,,0,0,0,0,0,0,0,0,0,0,0,0,0,0,,,0,0,,,,,0,,,0,2,62,,36.9,139,126,87,22,92,6.2,15,1,0,0,1,,2,0,0,0,2,0,"Network problem",0,,0,0,0,0,0,0,0,0,0,0,0,0,0,0,0,0,0,0,0,0,0,0,0,0,0,0,0,0,0,0,0,0,0,0,0,0,0,0,0,0,0,0,0,0,0,0,0,0,0,0,0,0,0,0,0,0,,,0,0,0,0,0,0,0,0,0,0,0,0,0,0,2,1,0,,1,1,1,8,8,1,1,2,4,2,4,1,8,4,0,,,,,,2,2,,6,0,0,1,0,0,0,0,0,0,0,0,0,0,0,0,0,0,0,0,0,0,0,0,1,0,0,1,0,0,0,0,0,0,0,0,0,0,0,0,0,,,,5,,,,,,,,0,1,1,0,0,0,0,0,0,0,0,2,1,,AHAJ0899NOF,,,,1,1,1,0,0,0,0,0,0,0,0,0,0,0,0,0,,1,AHAI6228NOF,,,1,0,0,0,0,0,0,0,0,0,,0,,,,,0,,,,0,,,,0,,,0,,,2,2,1,,"6668/22 (Mapulaneng)",0,,0,0,0,0,0,0,0,0,0,0,0,0,0,0,0,0,0,0,,,2,,,,,,,,,,,,,,,,,,,,,,,,,,,,0,6668_22,2022-09-13,,,2,,,,0,https://cloud.butterflynetwork.com/-/shared/lLcUlyogTJyA4FrHMCsTSQ?region=US,0,0,0,0,0,0,0,0,0,0,0,,2,,,,,,,,,,,,,,,,,,,,,,,,,,,,,,,,,,,,,,,,,,,,,,,,,,0,,,0,0,0,0,0,0,0,0,0,0,0,0,0,0,0,0,0,,,,,,,,,,,,,,,,,,,,0,,,,,0,,,,,,,,,,,0,,,,,,,,,,,,,,,,,,,,,,,,,,,,,0,,,0,0,0,0,0,0,0,0,0,0,0,0,0,0,0,0,0,0,0,0,0,0,,,,,,,,,,,,,,,,,,,,,,,0,0,0,0,0,0,0,0,0,0,0,0,,,0,0,0,0,0,0,0,0,0,0,,,,,0,,0,0,0,0,0,0,0,0,0,0,0,0,0,0,0,0,0,0,0,0,0,0,0,0,0,0,0,0,0,0,0,0,0,0,0,0,0,0,0,0,0,0,0,0,0,0,0,0,0,0,0,0,0,0,0,0,0,0,0,0,0,0,0,0,0,0,0,0,0,0,0,0,0,0,0,0,0,0,0,0,0,0,0,0,0,0,0,0,0,0,0,0,0,0,0,0,0,0,,,0
27-112,hds,"2022-09-11 10:13",1,1,0,0,1,1,0,2,,2,,5,1,,,,,,0,0,0,1,0,0,0,0,0,0,0,0,0,0,0,0,0,0,0,,,,,,5,,,,,,,,,,2,,,,1,0,0,0,0,0,0,0,0,0,0,0,0,0,,,,,,,,2,,,,,,0,,0,,3,5,,,1,0,0,0,0,0,0,0,0,0,0,0,0,0,,0,0,0,0,,1,,,,,2,0,0,0,0,0,0,0,0,0,0,0,0,0,0,,,0,0,,,,,0,,,0,0,,166,,,,,,,,,0,0,0,0,,2,0,0,0,2,0,"Network problems ",0,,0,0,0,0,0,0,0,0,0,0,0,0,0,0,0,0,0,0,0,0,0,0,0,0,0,0,0,0,0,0,0,0,0,0,0,0,0,0,0,0,0,0,0,0,0,0,0,0,0,0,0,0,0,0,0,0,,,0,0,0,0,0,0,0,0,0,0,0,0,0,0,2,2,0,,2,4,1,1,1,1,1,2,4,2,1,1,1,1,0,,,,,,2,2,,6,0,0,1,0,0,0,0,0,0,0,0,0,0,0,0,0,0,0,0,0,0,0,0,1,0,0,0,0,1,1,0,0,0,0,0,0,0,0,0,0,,,,,,5,5,,,,,0,0,1,0,0,0,0,0,0,0,0,2,1,,AHAJ0850NOF,,,,1,1,1,0,0,0,0,0,0,0,0,0,0,0,0,0,,1,,AHAJ1442NOF,,1,0,0,0,0,0,0,0,0,0,,0,,,,,0,,,,0,,,,0,,,0,,,2,2,0,,,,,0,0,0,0,0,0,0,0,0,0,0,0,0,0,0,0,0,0,,,2,,,,,,,,,,,,,,,,,,,,,,,,,,,,0,,,,,2,,,,0,https://cloud.butterflynetwork.com/-/shared/E5o6h3W4QvuqttXBugg4gQ?region=US,0,0,0,0,0,0,0,0,0,0,0,,2,,,,,,,,,,,,,,,,,,,,,,,,,,,,,,,,,,,,,,,,,,,,,,,,,,0,,,0,0,0,0,0,0,0,0,0,0,0,0,0,0,0,0,0,,,,,,,,,,,,,,,,,,,,0,,,,,0,,,,,,,,,,,0,,,,,,,,,,,,,,,,,,,,,,,,,,,,,0,,,0,0,0,0,0,0,0,0,0,0,0,0,0,0,0,0,0,0,0,0,0,0,,,,,,,,,,,,,,,,,,,,,,,0,0,0,0,0,0,0,0,0,0,0,0,,,0,0,0,0,0,0,0,0,0,0,,,,,0,,0,0,0,0,0,0,0,0,0,0,0,0,0,0,0,0,0,0,0,0,0,0,0,0,0,0,0,0,0,0,0,0,0,0,0,0,0,0,0,0,0,0,0,0,0,0,0,0,0,0,0,0,0,0,0,0,0,0,0,0,0,0,0,0,0,0,0,0,0,0,0,0,0,0,0,0,0,0,0,0,0,0,0,0,0,0,0,0,0,0,0,0,0,0,0,0,0,0,,,0
27-113,hds,"2022-09-16 14:45",1,1,0,0,1,1,,2,16,2,,30,1,,,,,,0,0,1,1,0,0,0,1,0,0,0,0,0,0,0,0,0,0,0,,,,,3,3,,,3,,,,,,,1,1,1,0,1,0,0,0,0,0,0,0,0,0,0,0,0,0,,,,,,,,1,,,,,,,,,,,,,,1,1,0,1,1,0,0,0,0,0,0,0,0,0,,0,0,0,0,,3,,,,,,0,0,0,0,0,0,0,0,0,0,0,0,0,0,,,0,0,,,,,0,,,0,2,,,36.5,142,105,51,26,82,5.2,15,1,0,0,1,,2,0,0,0,2,0,"Network problem",0,,0,0,0,0,0,0,0,0,0,0,0,0,0,0,0,0,0,0,0,0,0,0,0,0,0,0,0,0,0,0,0,0,0,0,0,0,0,0,0,0,0,0,0,0,0,0,0,0,0,0,0,0,0,0,0,0,,,0,0,0,0,0,0,0,0,0,0,0,0,0,0,2,2,1,"Unable to get curtain sign on the left",4,1,1,1,4,8,5,4,1,5,1,1,5,1,0,,,,,,2,2,,6,0,0,0,0,0,0,0,0,0,0,0,0,0,0,0,0,0,0,0,0,0,0,0,1,0,0,0,0,1,0,0,0,0,0,0,0,0,0,0,0,,,,,,5,,,,,,0,1,1,0,0,0,0,0,0,0,0,2,1,,AHAJ1222NOF,,,1663584082710.jpg,1,1,1,0,0,0,1,0,0,0,0,0,0,0,0,0,,1,,AHAJ1224NOF,1663584123225.jpg,0,1,0,0,0,0,0,0,0,0,,0,,,,,1,,AHAJ1223NOF,1663584240590.jpg,0,,,,0,,,0,,,2,2,1,,"6741/22 (Mapulaneng)",0,,0,0,0,0,0,0,0,0,0,0,0,0,0,0,0,0,0,0,,,2,,,,,,,,,,,,,,,,,,,,,,,,,,,,0,6741_22,2022-09-20,,,2,,,,0,https://cloud.butterflynetwork.com/-/shared/Vs3qo7TvRdmMOpiWRKJo6Q?region=US,0,0,0,0,0,0,0,0,0,0,0,,2,,,,,,,,,,,,,,,,,,,,,,,,,,,,,,,,,,,,,,,,,,,,,,,,,,0,,,0,0,0,0,0,0,0,0,0,0,0,0,0,0,0,0,0,,,,,,,,,,,,,,,,,,,,0,,,,,0,,,,,,,,,,,0,,,,,,,,,,,,,,,,,,,,,,,,,,,,,0,,,0,0,0,0,0,0,0,0,0,0,0,0,0,0,0,0,0,0,0,0,0,0,,,,,,,,,,,,,,,,,,,,,,,0,0,0,0,0,0,0,0,0,0,0,0,,,0,0,0,0,0,0,0,0,0,0,,,,,0,,0,0,0,0,0,0,0,0,0,0,0,0,0,0,0,0,0,0,0,0,0,0,0,0,0,0,0,0,0,0,0,0,0,0,0,0,0,0,0,0,0,0,0,0,0,0,0,0,0,0,0,0,0,0,0,0,0,0,0,0,0,0,0,0,0,0,0,0,0,0,0,0,0,0,0,0,0,0,0,0,0,0,0,0,0,0,0,0,0,0,0,0,0,0,0,0,0,0,,,0
27-114,hds,"2022-09-18 12:18",1,1,0,0,1,1,,2,16,2,,7,1,,,,,,0,0,0,0,0,0,0,1,1,0,1,0,0,0,0,0,0,0,0,,,,,,,,,3,30,,3,,,,2,,,,1,0,0,0,0,0,0,0,0,0,0,0,0,0,,,,,,,,1,,,,,,,,,,,,,,1,0,0,0,0,0,0,0,0,0,0,0,0,0,,0,1,0,0,,3,,,,,,0,0,0,0,0,0,0,0,0,0,0,0,0,0,,,0,1,1,1,2021,8,0,,,0,2,49,,35.5,106,80,45,20,95,4.8,15,0,0,1,1,,2,0,0,0,2,0,"Network problem",0,,0,0,0,0,0,0,0,0,0,0,0,0,0,0,0,0,0,0,0,0,0,0,0,0,0,0,0,0,0,0,0,0,0,0,0,0,0,0,0,0,0,0,0,0,0,0,0,0,0,0,0,0,0,0,0,0,,,0,0,0,0,0,0,0,0,0,0,0,0,0,0,2,1,0,,5,5,1,1,4,1,1,4,1,4,1,1,4,4,0,,,,,,2,2,,6,0,0,1,0,0,0,0,0,0,0,0,0,0,0,0,0,0,0,0,0,0,0,0,1,0,0,1,0,0,0,0,0,0,0,0,0,0,0,0,0,,,,5,,,,,,,,0,0,1,0,0,0,0,0,0,0,0,2,1,,AHAJ1236NOF,,,1663584442631.jpg,1,1,1,0,0,0,0,0,0,0,0,0,0,0,0,0,,1,,AHAJ1240NOF,1663583744357.jpg,1,0,0,0,0,0,0,0,0,0,,0,,,,,1,,AHAJ1239NOF,1663584641527.jpg,0,,,,0,,,0,,,2,2,1,,"6729/22 (Mapulaneng)",0,,0,0,0,0,0,0,0,0,0,0,0,0,0,0,0,0,0,0,,,2,,,,,,,,,,,,,,,,,,,,,,,,,,,,0,6729_22,2022-09-20,,,2,,,,0,https://cloud.butterflynetwork.com/-/shared/3NATifxkQZ-s7GwicIIgSg?region=US,0,0,0,0,0,0,0,0,0,0,0,,2,,,,,,,,,,,,,,,,,,,,,,,,,,,,,,,,,,,,,,,,,,,,,,,,,,0,,,0,0,0,0,0,0,0,0,0,0,0,0,0,0,0,0,0,,,,,,,,,,,,,,,,,,,,0,,,,,0,,,,,,,,,,,0,,,,,,,,,,,,,,,,,,,,,,,,,,,,,0,,,0,0,0,0,0,0,0,0,0,0,0,0,0,0,0,0,0,0,0,0,0,0,,,,,,,,,,,,,,,,,,,,,,,0,0,0,0,0,0,0,0,0,0,0,0,,,0,0,0,0,0,0,0,0,0,0,,,,,0,,0,0,0,0,0,0,0,0,0,0,0,0,0,0,0,0,0,0,0,0,0,0,0,0,0,0,0,0,0,0,0,0,0,0,0,0,0,0,0,0,0,0,0,0,0,0,0,0,0,0,0,0,0,0,0,0,0,0,0,0,0,0,0,0,0,0,0,0,0,0,0,0,0,0,0,0,0,0,0,0,0,0,0,0,0,0,0,0,0,0,0,0,0,0,0,0,0,0,,,0
27-115,hds,"2022-09-19 13:20",1,1,0,0,1,1,,2,16,2,,4,1,,,,,,0,0,0,1,0,1,0,1,0,0,0,0,0,0,0,0,0,0,0,,,,60,,4,,,2,,,,,,,2,,,,1,0,0,0,0,0,0,0,0,0,0,0,0,0,,,,,,,,1,,,,,,,,,,,,,,1,0,0,0,0,0,0,0,0,0,0,0,0,0,,0,0,0,0,,2,1,2022-09-20,,,,0,0,0,0,0,0,0,0,0,0,0,0,0,0,,,0,0,,,,,0,,,0,2,33,171,36.7,136,111,71,24,97,7.1,15,1,0,0,1,11.285523750897712,2,1,0,1,2,0,"Network problem",0,,0,0,0,0,0,0,0,0,0,0,0,0,0,0,0,0,0,0,0,0,0,0,0,0,0,0,0,0,0,0,0,0,0,0,0,0,0,0,0,0,0,0,0,0,0,0,0,0,0,0,0,0,0,0,0,0,,,0,0,0,0,0,0,0,0,0,0,0,0,0,0,2,1,0,,1,4,1,4,4,1,1,1,4,1,4,2,4,1,0,,,,,,2,2,,1,0,0,0,0,0,0,0,0,0,0,0,0,0,0,0,0,0,0,0,0,0,0,1,1,0,0,0,0,1,0,0,0,1,0,0,0,0,0,0,0,,,,,,5,,,,5,,0,0,1,0,0,0,0,0,0,0,0,2,1,AHAJ0011NOF,,"AHAJ0634NOF and ADKW0708HOF",,1663760386689.jpg,1,1,1,0,1,1,1,0,0,0,0,0,0,0,0,0,,1,,AHAI6250NOF,1663760578908.jpg,1,0,0,0,0,0,0,0,0,0,,0,,,,,0,,,,0,,,,0,,,0,,,1,2,1,1664457246626.jpg,"6759/22 (Mapulaneng)",0,,0,0,0,0,0,0,0,0,0,0,0,0,0,0,0,0,0,0,,,2,,,,,,,,,,,,,,,,,,,,,,,,,,,,0,6759_22,2022-09-22,,,2,,,,0,https://cloud.butterflynetwork.com/-/shared/_duTtl7ZSLOxbHG5Tr_zaw?region=US,0,0,0,0,0,0,0,0,0,0,0,,2,,,,,,,,,,,,,,,,,,,,,,,,,,,,,,,,,,,,,,,,,,,,,,,,,,0,,,0,0,0,0,0,0,0,0,0,0,0,0,0,0,0,0,0,,,,,,,,,,,,,,,,,,,,0,,,,,0,,,,,,,,,,,0,,,,,,,,,,,,,,,,,,,,,,,,,,,,,0,,,0,0,0,0,0,0,0,0,0,0,0,0,0,0,0,0,0,0,0,0,0,0,,,,,,,,,,,,,,,,,,,,,,,0,0,0,0,0,0,0,0,0,0,0,0,,,0,0,0,0,0,0,0,0,0,0,,,,,0,,0,0,0,0,0,0,0,0,0,0,0,0,0,0,0,0,0,0,0,0,0,0,0,0,0,0,0,0,0,0,0,0,0,0,0,0,0,0,0,0,0,0,0,0,0,0,0,0,0,0,0,0,0,0,0,0,0,0,0,0,0,0,0,0,0,0,0,0,0,0,0,0,0,0,0,0,0,0,0,0,0,0,0,0,0,0,0,0,0,0,0,0,0,0,0,0,0,0,,,0
27-116,hds,"2022-09-20 10:23",1,1,0,0,1,1,,2,16,2,,3,1,,,,,,0,0,0,0,0,0,0,1,0,0,1,0,0,0,0,0,0,0,0,,,,,,,,,3,,,3,,,,2,,,,1,0,0,0,0,0,0,0,0,0,0,0,0,0,,,,,,,,1,,,,,,,,,,,,,,1,0,0,0,0,0,0,0,0,0,0,0,0,0,,0,0,0,0,,1,,,,,2,0,0,0,0,0,0,0,0,0,0,0,0,0,0,,,0,,,,,,0,,,0,2,,166,36.6,137,90,67,22,98,13.1,15,1,0,1,2,,2,0,0,1,2,0,"Network problem",0,,0,0,0,0,0,0,0,0,0,0,0,0,0,0,0,0,0,0,0,0,0,0,0,0,0,0,0,0,0,0,0,0,0,0,0,0,0,0,0,0,0,0,0,0,0,0,0,0,0,0,0,0,0,0,0,0,,,0,0,0,0,0,0,0,0,0,0,0,0,0,0,2,1,0,,,,,,,,,,,,,,,,0,,,,,,2,2,,1,0,0,0,0,0,0,0,0,0,0,0,0,0,0,0,0,0,0,0,0,0,0,1,1,0,0,0,0,0,0,0,0,1,0,0,0,0,0,0,0,,,,,,,,,,5,,0,0,1,0,0,0,0,0,0,0,0,2,1,AHAJ0028NOF,,AHAJ1587NOF,,,1,1,1,0,1,0,0,0,0,0,0,0,0,0,0,0,,1,AHAI6247NOF,,,1,0,0,0,0,0,0,0,0,0,,0,,,,,1,,AHAI6248NOF,1663836551877.jpg,0,,,,0,,,0,,,1,2,0,,,,,0,0,0,0,0,0,0,0,0,0,0,0,0,0,0,0,0,0,,,2,,,,,,,,,,,,,,,,,,,,,,,,,,,,0,,,,,2,,,,0,https://cloud.butterflynetwork.com/-/shared/wYX8HDZqRA-CzJtqyOu0Fg?region=US,0,0,0,0,0,0,0,0,0,0,0,,2,,,,,,,,,,,,,,,,,,,,,,,,,,,,,,,,,,,,,,,,,,,,,,,,,,0,,,0,0,0,0,0,0,0,0,0,0,0,0,0,0,0,0,0,,,,,,,,,,,,,,,,,,,,0,,,,,0,,,,,,,,,,,0,,,,,,,,,,,,,,,,,,,,,,,,,,,,,0,,,0,0,0,0,0,0,0,0,0,0,0,0,0,0,0,0,0,0,0,0,0,0,,,,,,,,,,,,,,,,,,,,,,,0,0,0,0,0,0,0,0,0,0,0,0,,,0,0,0,0,0,0,0,0,0,0,,,,,0,,0,0,0,0,0,0,0,0,0,0,0,0,0,0,0,0,0,0,0,0,0,0,0,0,0,0,0,0,0,0,0,0,0,0,0,0,0,0,0,0,0,0,0,0,0,0,0,0,0,0,0,0,0,0,0,0,0,0,0,0,0,0,0,0,0,0,0,0,0,0,0,0,0,0,0,0,0,0,0,0,0,0,0,0,0,0,0,0,0,0,0,0,0,0,0,0,0,0,,,0
27-117,hds,"2022-09-20 14:00",1,1,0,0,1,1,,2,16,2,,1,1,,,,,,0,0,0,0,0,0,0,1,0,0,1,0,0,0,0,0,0,0,0,,,,,,,,,1,,,1,,,,2,,,,1,0,0,0,0,0,0,0,0,0,0,0,0,0,,,,,,,,4,"July 2022",2,,,,0,,0,,,,,,1,0,0,0,0,0,0,0,0,0,0,0,0,0,,0,0,0,0,,1,,,,,2,0,0,0,0,0,0,0,0,0,0,0,0,0,0,,,0,0,,,,,0,,,0,2,35,,35.2,134,137,94,20,77,6.1,15,0,0,0,0,,3,0,0,1,2,0,"Network problem",0,,0,0,0,0,0,0,0,0,0,0,0,0,0,0,0,0,0,0,0,0,0,0,0,0,0,0,0,0,0,0,0,0,0,0,0,0,0,0,0,0,0,0,0,0,0,0,0,0,0,0,0,0,0,0,0,0,,,0,0,0,0,0,0,0,0,0,0,0,0,0,0,2,1,0,,,,,,,,,,,,,,,,0,,,,,,2,2,,1,0,0,0,0,0,1,0,0,0,0,0,0,0,0,0,0,0,0,0,0,0,0,1,1,0,0,1,0,0,0,0,1,1,0,0,0,0,0,0,0,,,,5,,,,,3,5,,0,0,0,0,1,0,0,0,0,0,0,2,1,AHAJ0039NOF,,,,,1,1,1,0,0,0,0,0,0,0,0,0,0,0,0,0,,1,AHAI6249NOF,,,1,0,0,0,0,0,0,0,0,0,,0,,,,,1,AHAJ0038NOF,,,0,,,,0,,,0,,,2,2,0,,,,,0,0,0,0,0,0,0,0,0,0,0,0,0,0,0,0,0,0,,,2,,,,,,,,,,,,,,,,,,,,,,,,,,,,0,,,,,2,,,,0,https://cloud.butterflynetwork.com/-/shared/YHIt6h-zSd-Ztu_2fO903w?region=US,0,0,0,0,0,0,0,0,0,0,0,,2,,,,,,,,,,,,,,,,,,,,,,,,,,,,,,,,,,,,,,,,,,,,,,,,,,0,,,0,0,0,0,0,0,0,0,0,0,0,0,0,0,0,0,0,,,,,,,,,,,,,,,,,,,,0,,,,,0,,,,,,,,,,,0,,,,,,,,,,,,,,,,,,,,,,,,,,,,,0,,,0,0,0,0,0,0,0,0,0,0,0,0,0,0,0,0,0,0,0,0,0,0,,,,,,,,,,,,,,,,,,,,,,,0,0,0,0,0,0,0,0,0,0,0,0,,,0,0,0,0,0,0,0,0,0,0,,,,,0,,0,0,0,0,0,0,0,0,0,0,0,0,0,0,0,0,0,0,0,0,0,0,0,0,0,0,0,0,0,0,0,0,0,0,0,0,0,0,0,0,0,0,0,0,0,0,0,0,0,0,0,0,0,0,0,0,0,0,0,0,0,0,0,0,0,0,0,0,0,0,0,0,0,0,0,0,0,0,0,0,0,0,0,0,0,0,0,0,0,0,0,0,0,0,0,0,0,0,,,0
27-118,hds,"2022-09-22 15:51",1,1,0,0,1,1,,2,16,2,,5,1,,,,,,0,0,1,1,0,0,0,1,0,0,1,0,0,0,0,0,0,0,0,,,,,1,5,,,5,,,3,,,,2,,,,1,0,0,0,0,0,0,0,0,0,0,0,0,0,,,,,,,,1,,,,,,,,,,,,,,3,0,0,0,0,0,0,0,0,0,0,0,0,0,,0,0,0,0,,1,276,2022-09-21,,,2,0,0,0,0,0,0,0,0,0,0,0,0,0,0,,,0,0,,,,,0,,,0,2,55,169,36.3,,129,91,34,86,7.2,15,1,0,0,1,19.257028815517664,2,0,0,0,2,0,"Network problem",0,,0,0,0,0,0,0,0,0,0,0,0,0,0,0,0,0,0,0,0,0,0,0,0,0,0,0,0,0,0,0,0,0,0,0,0,0,0,0,0,0,0,0,0,0,0,0,0,0,0,0,0,0,0,0,0,0,,,0,0,0,0,0,0,0,0,0,0,0,0,0,0,2,2,0,,4,2,1,4,1,3,4,1,4,5,1,2,2,5,0,,,,,,2,2,,6,0,0,1,0,0,0,0,0,0,0,0,0,0,0,0,0,0,0,0,0,0,0,0,1,0,0,0,0,1,0,0,0,1,0,0,0,0,0,0,0,,,,,,5,,,,5,,0,1,1,0,0,0,0,0,0,0,0,2,1,AHAJ0081NOF,,,,,1,1,1,0,1,0,0,0,0,0,0,0,0,0,0,0,,1,,AHAJ1810NOF,1663937113344.jpg,1,0,0,0,0,0,0,0,0,0,,0,,,,,0,,,,0,,,,0,,,0,,,2,2,1,1664201109817.jpg,"6774/22 (Mapulaneng)",0,,0,0,0,0,0,0,0,0,0,0,0,0,0,0,0,0,0,0,,,2,,,,,,,,,,,,,,,,,,,,,,,,,,,,0,6774_22,2022-09-23,,,2,,,,0,https://cloud.butterflynetwork.com/-/shared/BQeh-rLMRxqZAk0gIqtxJQ?region=US,0,0,0,0,0,0,0,0,0,0,0,,2,,,,,,,,,,,,,,,,,,,,,,,,,,,,,,,,,,,,,,,,,,,,,,,,,,0,,,0,0,0,0,0,0,0,0,0,0,0,0,0,0,0,0,0,,,,,,,,,,,,,,,,,,,,0,,,,,0,,,,,,,,,,,0,,,,,,,,,,,,,,,,,,,,,,,,,,,,,0,,,0,0,0,0,0,0,0,0,0,0,0,0,0,0,0,0,0,0,0,0,0,0,,,,,,,,,,,,,,,,,,,,,,,0,0,0,0,0,0,0,0,0,0,0,0,,,0,0,0,0,0,0,0,0,0,0,,,,,0,,0,0,0,0,0,0,0,0,0,0,0,0,0,0,0,0,0,0,0,0,0,0,0,0,0,0,0,0,0,0,0,0,0,0,0,0,0,0,0,0,0,0,0,0,0,0,0,0,0,0,0,0,0,0,0,0,0,0,0,0,0,0,0,0,0,0,0,0,0,0,0,0,0,0,0,0,0,0,0,0,0,0,0,0,0,0,0,0,0,0,0,0,0,0,0,0,0,0,,,0
27-119,hds,"2022-09-26 16:09",1,1,0,0,1,1,,2,16,2,,21,1,,,,,,0,0,0,1,0,1,0,0,0,0,1,0,0,0,0,0,0,0,0,,,,60,,10,,,,,,3,,,,2,,,,1,0,0,0,0,0,0,0,0,0,0,0,0,0,,,,,,,,1,,,,,,,,,,,,,,1,0,0,0,0,0,0,0,0,0,0,0,0,0,,0,0,0,0,,1,,,,,2,0,0,0,0,0,0,0,0,0,0,0,0,0,0,,,1,0,,,,,0,,,0,0,,167,36.1,101,56,41,20,95,6.0,15,0,0,1,1,,3,0,0,0,2,0,"Network problem ",0,,0,0,0,0,0,0,0,0,0,0,0,0,0,0,0,0,0,0,0,0,0,0,0,0,0,0,0,0,0,0,0,0,0,0,0,0,0,0,0,0,0,0,0,0,0,0,0,0,0,0,0,0,0,0,0,0,,,0,0,0,0,0,0,0,0,0,0,0,0,0,0,2,1,0,,1,4,4,3,3,4,3,2,2,4,4,4,4,4,0,,,,,,2,2,,3,0,0,0,0,0,0,0,0,0,0,0,0,0,0,0,0,0,0,0,0,0,0,0,1,0,0,1,0,0,1,0,0,0,0,0,0,0,0,0,0,,,,5,,,5,,,,,0,0,1,0,0,0,0,0,0,0,0,2,1,,AHAH3455NOF,,,1664355328157.jpg,1,1,1,0,0,0,0,0,0,0,0,0,0,0,0,0,,1,,AHAH3456NOF,1664355395188.jpg,1,0,0,0,0,0,0,0,0,0,,0,,,,,0,,,,0,,,,0,,,0,,,2,2,1,,"6842/22 (Mapulaneng)",0,,0,0,0,0,0,0,0,0,0,0,0,0,0,0,0,0,0,0,,,2,,,,,,,,,,,,,,,,,,,,,,,,,,,,0,"6842_22 (PA)",2022-09-28,,,2,,,,0,https://cloud.butterflynetwork.com/-/shared/SNOJM7lKRt2lxRA1tPwI5w?region=US,0,0,0,0,0,0,0,0,0,0,0,,2,,,,,,,,,,,,,,,,,,,,,,,,,,,,,,,,,,,,,,,,,,,,,,,,,,0,,,0,0,0,0,0,0,0,0,0,0,0,0,0,0,0,0,0,,,,,,,,,,,,,,,,,,,,0,,,,,0,,,,,,,,,,,0,,,,,,,,,,,,,,,,,,,,,,,,,,,,,0,,,0,0,0,0,0,0,0,0,0,0,0,0,0,0,0,0,0,0,0,0,0,0,,,,,,,,,,,,,,,,,,,,,,,0,0,0,0,0,0,0,0,0,0,0,0,,,0,0,0,0,0,0,0,0,0,0,,,,,0,,0,0,0,0,0,0,0,0,0,0,0,0,0,0,0,0,0,0,0,0,0,0,0,0,0,0,0,0,0,0,0,0,0,0,0,0,0,0,0,0,0,0,0,0,0,0,0,0,0,0,0,0,0,0,0,0,0,0,0,0,0,0,0,0,0,0,0,0,0,0,0,0,0,0,0,0,0,0,0,0,0,0,0,0,0,0,0,0,0,0,0,0,0,0,0,0,0,0,,,0
27-120,hds,"2022-09-27 19:29",1,1,0,0,1,1,,2,16,2,,5,1,,,,,,0,0,1,0,0,1,0,1,0,0,0,0,0,0,0,0,0,0,0,,,,60,2,,,,3,,,,,,,2,,,,1,0,0,0,0,0,0,0,0,0,0,0,0,0,,,,,,,,2,,,,2019,,0,,0,,3,4,,,1,0,0,0,0,0,0,0,0,0,0,0,0,0,,0,0,0,0,,1,,,,,1,0,0,0,0,0,0,0,0,0,0,0,0,0,0,,,0,0,,,,,0,,,1,2,48,,36.9,149,114,57,28,94,11.1,15,1,0,0,1,,3,0,0,0,2,0,"Network problem ",0,,0,0,0,0,0,0,0,0,0,0,0,0,0,0,0,0,0,0,0,0,0,0,0,0,0,0,0,0,0,0,0,0,0,0,0,0,0,0,0,0,0,0,0,0,0,0,0,0,0,0,0,0,0,0,0,0,,,0,0,0,0,0,0,0,0,0,0,0,0,0,0,2,2,0,,,,,,,,,,,,,,,,0,,,,,,2,2,,1,0,0,0,0,0,0,0,0,0,0,0,0,0,0,0,0,0,0,0,0,0,0,1,1,0,0,1,0,0,1,0,0,1,0,0,0,0,0,0,0,,,,5,,,5,,,5,,0,1,1,0,0,0,0,0,0,0,0,2,1,,AHAH3480NOF,,,1664442042157.jpg,1,1,1,0,0,0,0,0,0,0,0,0,0,0,0,0,,1,AHAH3512NOF,,,1,0,0,0,0,0,0,0,0,0,,0,,,,,0,,,,0,,,,0,,,0,,,2,2,1,,(Mapulaneng),0,,0,0,0,0,0,0,0,0,0,0,0,0,0,0,0,0,0,0,,,2,,,,,,,,,,,,,,,,,,,,,,,,,,,,0,"27-120 (PA)",2022-09-27,,,2,,,,0,https://cloud.butterflynetwork.com/-/shared/HWu-y-WESIW9Cj1x5sQ_fA?region=US,0,0,0,0,0,0,0,0,0,0,0,,2,,,,,,,,,,,,,,,,,,,,,,,,,,,,,,,,,,,,,,,,,,,,,,,,,,0,,,0,0,0,0,0,0,0,0,0,0,0,0,0,0,0,0,0,,,,,,,,,,,,,,,,,,,,0,,,,,0,,,,,,,,,,,0,,,,,,,,,,,,,,,,,,,,,,,,,,,,,0,,,0,0,0,0,0,0,0,0,0,0,0,0,0,0,0,0,0,0,0,0,0,0,,,,,,,,,,,,,,,,,,,,,,,0,0,0,0,0,0,0,0,0,0,0,0,,,0,0,0,0,0,0,0,0,0,0,,,,,0,,0,0,0,0,0,0,0,0,0,0,0,0,0,0,0,0,0,0,0,0,0,0,0,0,0,0,0,0,0,0,0,0,0,0,0,0,0,0,0,0,0,0,0,0,0,0,0,0,0,0,0,0,0,0,0,0,0,0,0,0,0,0,0,0,0,0,0,0,0,0,0,0,0,0,0,0,0,0,0,0,0,0,0,0,0,0,0,0,0,0,0,0,0,0,0,0,0,0,,,0
27-121,hds,"2022-09-30 13:30",1,1,0,0,1,1,0,2,16,2,,4,1,,,,,,0,0,1,0,0,0,0,0,0,0,0,0,0,0,0,0,0,0,0,,,,,2,,,,,,,,,,,2,,,,1,0,0,0,0,0,0,0,0,0,0,0,0,0,,,,,,,,1,,,,,,,,,,,,,,1,0,0,0,0,0,0,0,0,0,0,0,0,0,,0,0,0,0,,2,,,,,,0,0,0,0,0,0,0,0,0,0,0,0,0,0,,,0,0,,,,,0,,,0,0,,171,38.3,145,118,70,44,88,10.2,15,1,0,0,1,,2,0,0,0,2,0,"Network problems ",0,,0,0,0,0,0,0,0,0,0,0,0,0,0,0,0,0,0,0,0,0,0,0,0,0,0,0,0,0,0,0,0,0,0,0,0,0,0,0,0,0,0,0,0,0,0,0,0,0,0,0,0,0,0,0,0,0,,,0,0,0,0,0,0,0,0,0,0,0,0,0,0,2,2,0,,,,,,,,,,,,,,,,0,,,,,,2,2,,6,0,0,0,0,0,0,0,0,0,0,0,0,0,0,0,0,0,0,0,0,0,0,0,1,0,0,0,0,1,0,0,1,0,0,0,0,0,0,0,0,,,,,,5,,,3,,,0,1,1,0,0,0,0,0,0,0,0,2,1,,AGOH3739NOF,,,1664442661889.jpg,1,1,1,1,0,0,0,0,0,0,0,0,0,0,0,0,,1,,AHAH3504NOF,1664442709428.jpg,1,0,0,0,0,0,0,0,0,0,,0,,,,,0,,,,0,,,,0,,,0,,,2,2,0,,,,,0,0,0,0,0,0,0,0,0,0,0,0,0,0,0,0,0,0,,,2,,,,,,,,,,,,,,,,,,,,,,,,,,,,0,,,,,2,,,,0,https://cloud.butterflynetwork.com/-/shared/1Euvuz6lQYejdVaq9mTl4g?region=US,0,0,0,0,0,0,0,0,0,0,0,,2,,,,,,,,,,,,,,,,,,,,,,,,,,,,,,,,,,,,,,,,,,,,,,,,,,0,,,0,0,0,0,0,0,0,0,0,0,0,0,0,0,0,0,0,,,,,,,,,,,,,,,,,,,,0,,,,,0,,,,,,,,,,,0,,,,,,,,,,,,,,,,,,,,,,,,,,,,,0,,,0,0,0,0,0,0,0,0,0,0,0,0,0,0,0,0,0,0,0,0,0,0,,,,,,,,,,,,,,,,,,,,,,,0,0,0,0,0,0,0,0,0,0,0,0,,,0,0,0,0,0,0,0,0,0,0,,,,,0,,0,0,0,0,0,0,0,0,0,0,0,0,0,0,0,0,0,0,0,0,0,0,0,0,0,0,0,0,0,0,0,0,0,0,0,0,0,0,0,0,0,0,0,0,0,0,0,0,0,0,0,0,0,0,0,0,0,0,0,0,0,0,0,0,0,0,0,0,0,0,0,0,0,0,0,0,0,0,0,0,0,0,0,0,0,0,0,0,0,0,0,0,0,0,0,0,0,0,,,0
27-122,hds,"2022-09-30 10:41",1,1,0,0,1,1,0,2,16,3,,,,5,,,,,0,1,0,0,0,0,0,0,0,0,0,0,0,0,0,0,0,0,0,,180,1,,,,,,,,,,,,,2,,,,1,0,0,0,0,0,0,0,0,0,0,0,0,0,,,,,,,,1,,,,,,,,,,,,,,2,0,0,0,0,0,0,0,0,0,0,0,0,0,,0,0,0,0,,3,,,,,,0,0,0,0,0,0,0,0,0,0,0,0,0,0,,,0,1,1,1,2021,2,1,,2,0,0,65,,36.6,110,134,83,18,100,10.3,15,0,0,0,0,,2,1,0,1,2,0,"Patient did not agree ",0,,0,0,0,0,0,0,0,0,0,0,0,0,0,0,0,0,0,0,0,0,0,0,0,0,0,0,0,0,0,0,0,0,0,0,0,0,0,0,0,0,0,0,0,0,0,0,0,0,0,0,0,0,0,0,0,0,,,0,0,0,0,0,0,0,0,0,0,0,0,0,0,2,2,0,,,,,,,,,,,,,,,,0,,,,,,2,2,,6,0,0,1,0,0,0,0,0,0,0,0,0,0,0,0,0,0,0,0,0,0,0,0,1,0,0,1,0,0,0,0,1,0,0,0,0,0,0,0,0,,,,5,,,,,3,,,0,0,1,0,0,0,0,0,0,0,0,2,1,,AHAH2779NOF,,,1664535961537.jpg,1,1,1,0,0,0,0,0,0,0,0,0,0,0,0,0,,1,,AHAH3512NOF,1664536096607.jpg,1,0,0,0,0,0,0,0,0,0,,0,,,,,0,,,,0,,,,0,,,0,,,1,2,0,,,,,0,0,0,0,0,0,0,0,0,0,0,0,0,0,0,0,0,0,,,2,,,,,,,,,,,,,,,,,,,,,,,,,,,,0,,,EM274326_22,,2,,,,0,https://cloud.butterflynetwork.com/-/shared/3bzKaPQxRGentjoFzCLCug?region=US,0,0,0,0,0,0,0,0,0,0,0,,2,,,,,,,,,,,,,,,,,,,,,,,,,,,,,,,,,,,,,,,,,,,,,,,,,,0,,,0,0,0,0,0,0,0,0,0,0,0,0,0,0,0,0,0,,,,,,,,,,,,,,,,,,,,0,,,,,0,,,,,,,,,,,0,,,,,,,,,,,,,,,,,,,,,,,,,,,,,0,,,0,0,0,0,0,0,0,0,0,0,0,0,0,0,0,0,0,0,0,0,0,0,,,,,,,,,,,,,,,,,,,,,,,0,0,0,0,0,0,0,0,0,0,0,0,,,0,0,0,0,0,0,0,0,0,0,,,,,0,,0,0,0,0,0,0,0,0,0,0,0,0,0,0,0,0,0,0,0,0,0,0,0,0,0,0,0,0,0,0,0,0,0,0,0,0,0,0,0,0,0,0,0,0,0,0,0,0,0,0,0,0,0,0,0,0,0,0,0,0,0,0,0,0,0,0,0,0,0,0,0,0,0,0,0,0,0,0,0,0,0,0,0,0,0,0,0,0,0,0,0,0,0,0,0,0,0,0,,,0
27-123,hds,"2022-10-03 13:13",1,1,0,0,1,1,0,2,,2,,6,1,,,,,,0,0,0,1,0,0,0,0,0,0,0,0,0,0,0,0,0,0,0,,,,,,2,,,,,,,,,,2,,,,1,0,0,0,0,0,0,0,0,0,0,0,0,0,,,,,,,,1,,,,,,,,,,,,,,1,0,0,0,0,0,0,0,0,0,0,0,0,0,,0,1,0,0,,,,,,,,0,0,0,0,0,0,0,0,0,0,0,0,0,0,,,0,0,,,,,0,,,0,2,45,,36,119,130,74,24,70,,14,1,1,0,2,,3,0,0,1,2,1,,1,0,0,0,0,0,0,0,0,0,0,0,0,0,0,0,0,0,0,0,0,0,0,0,0,0,0,0,0,0,0,0,0,0,0,0,0,0,0,0,0,0,0,0,0,0,0,0,0,0,0,0,0,0,0,0,0,0,,,0,0,0,0,0,0,0,0,0,0,0,0,0,0,2,2,0,,,,,,,,,,,,,,,,0,,,,,,0,2,,6,0,0,1,0,0,0,0,0,0,0,0,0,0,0,0,0,0,0,0,0,0,0,0,0,0,0,0,0,0,0,0,0,0,0,0,0,0,0,0,0,,,,,,,,,,,,0,1,1,0,0,0,0,0,0,0,0,2,1,,agvf1391nof,,,,1,1,1,0,0,0,0,0,0,0,0,0,0,0,0,0,,1,agv1392nof,,,1,0,0,0,0,0,0,0,0,0,,0,,,,,0,,,,0,,,,0,,,0,,,2,2,,,,,,0,0,0,0,0,0,0,0,0,0,0,0,0,0,0,0,0,,,,0,,,,,,,,,,,,,,,,,,,,,,,,,,,,0,,,,,0,,,,0,https://cloud.butterflynetwork.com/-/shared/QsraYZcIRjuikfQMz2eVaA?region=US,0,0,0,0,0,0,0,0,0,0,0,,2,,,,,,,,,,,,,,,,,,,,,,,,,,,,,,,,,,,,,,,,,,,,,,,,,,0,,,0,0,0,0,0,0,0,0,0,0,0,0,0,0,0,0,0,,,,,,,,,,,,,,,,,,,,0,,,,,0,,,,,,,,,,,0,,,,,,,,,,,,,,,,,,,,,,,,,,,,,0,,,0,0,0,0,0,0,0,0,0,0,0,0,0,0,0,0,0,0,0,0,0,0,,,,,,,,,,,,,,,,,,,,,,,0,0,0,0,0,0,0,0,0,0,0,0,,,0,0,0,0,0,0,0,0,0,0,,,,,0,,0,0,0,0,0,0,0,0,0,0,0,0,0,0,0,0,0,0,0,0,0,0,0,0,0,0,0,0,0,0,0,0,0,0,0,0,0,0,0,0,0,0,0,0,0,0,0,0,0,0,0,0,0,0,0,0,0,0,0,0,0,0,0,0,0,0,0,0,0,0,0,0,0,0,0,0,0,0,0,0,0,0,0,0,0,0,0,0,0,0,0,0,0,0,0,0,0,0,,,0
27-124,hds,"2022-10-03 13:13",1,1,0,0,1,1,0,2,,2,,6,1,,,,,,0,0,0,1,0,0,0,0,0,0,0,0,0,0,0,0,0,0,0,,,,,,2,,,,,,,,,,2,,,,1,0,0,0,0,0,0,0,0,0,0,0,0,0,,,,,,,,1,,,,,,,,,,,,,,1,0,0,0,0,0,0,0,0,0,0,0,0,0,,0,1,0,0,,,,,,,,0,0,0,0,0,0,0,0,0,0,0,0,0,0,,,0,0,,,,,0,,,0,2,45,,36,119,130,74,24,70,,14,1,1,0,2,,3,0,0,1,2,1,,1,0,0,0,0,0,0,0,0,0,0,0,0,0,0,0,0,0,0,0,0,0,0,0,0,0,0,0,0,0,0,0,0,0,0,0,0,0,0,0,0,0,0,0,0,0,0,0,0,0,0,0,0,0,0,0,0,0,,,0,0,0,0,0,0,0,0,0,0,0,0,0,0,2,2,0,,,,,,,,,,,,,,,,0,,,,,,2,2,,6,0,0,1,0,0,0,0,0,0,0,0,0,0,0,0,0,0,0,0,0,0,0,0,0,0,0,0,0,0,0,0,0,0,0,0,0,0,0,0,0,,,,,,,,,,,,0,1,1,0,0,0,0,0,0,0,0,2,1,,AGVF1391NOF,,,,1,1,1,0,0,0,0,0,0,0,0,0,0,0,0,0,,1,,AGVF1392NOF,,1,0,0,0,0,0,0,0,0,0,,0,,,,,1,,NICD,,0,,,,0,,,0,,,2,2,0,,,,,0,0,0,0,0,0,0,0,0,0,0,0,0,0,0,0,0,0,,,2,,,,,,,,,,,,,,,,,,,,,,,,,,,,0,,,,,2,,,,0,https://cloud.butterflynetwork.com/-/shared/b0IqKr7eTpOmL1UwGbNWHA?region=US,0,0,0,0,0,0,0,0,0,0,0,,2,,,,,,,,,,,,,,,,,,,,,,,,,,,,,,,,,,,,,,,,,,,,,,,,,,0,,,0,0,0,0,0,0,0,0,0,0,0,0,0,0,0,0,0,,,,,,,,,,,,,,,,,,,,0,,,,,0,,,,,,,,,,,0,,,,,,,,,,,,,,,,,,,,,,,,,,,,,0,,,0,0,0,0,0,0,0,0,0,0,0,0,0,0,0,0,0,0,0,0,0,0,,,,,,,,,,,,,,,,,,,,,,,0,0,0,0,0,0,0,0,0,0,0,0,,,0,0,0,0,0,0,0,0,0,0,,,,,0,,0,0,0,0,0,0,0,0,0,0,0,0,0,0,0,0,0,0,0,0,0,0,0,0,0,0,0,0,0,0,0,0,0,0,0,0,0,0,0,0,0,0,0,0,0,0,0,0,0,0,0,0,0,0,0,0,0,0,0,0,0,0,0,0,0,0,0,0,0,0,0,0,0,0,0,0,0,0,0,0,0,0,0,0,0,0,0,0,0,0,0,0,0,0,0,0,0,0,,,0
27-125,hds,"2022-10-03 22:11",1,1,0,0,1,1,0,2,16,2,,3,1,,,,,,0,0,0,0,0,1,0,0,0,0,0,0,0,0,0,0,0,0,0,,,,213,,,,,,,,,,,,2,,,,1,0,0,0,0,0,0,0,0,0,0,0,0,0,,,,,,,,2,,,,2022,2016,0,,0,,3,1,,,1,0,0,0,0,0,0,0,0,0,0,0,0,0,,0,0,0,0,,1,,,,,2,0,0,0,0,0,0,0,0,0,0,0,0,0,0,,"Previous TB not pathological proven",0,0,,,,,0,,,,0,38,161,37,124,98,58,18,97,6.8,15,0,0,1,1,14.659928243509125,3,0,0,1,2,1,,0,,0,0,0,0,0,0,0,0,0,0,0,0,0,0,0,0,0,0,0,0,0,0,0,0,0,0,0,0,0,0,0,0,0,0,0,0,0,0,0,0,0,0,0,0,0,0,0,0,0,0,0,0,0,0,0,0,,,0,0,0,0,0,0,0,0,0,0,0,0,0,0,2,2,0,,,,,,,,,,,,,,,,0,,,,,,2,2,,6,0,0,1,0,0,0,0,0,0,0,0,0,0,0,0,0,0,0,0,0,0,0,0,1,0,0,1,0,0,0,0,1,1,0,0,0,0,0,0,0,,,,5,,,,,3,5,,0,0,1,0,0,0,0,0,0,0,0,2,1,,AGVF142NOF,,ADIT6534HOF,,1,1,1,0,1,0,0,0,0,0,0,0,0,0,0,0,,1,,AGVF1820NOF,,1,0,0,0,0,0,0,0,0,0,,0,,,,,0,,,,0,,,,0,,,0,,,2,2,0,,,,,0,0,0,0,0,0,0,0,0,0,0,0,0,0,0,0,0,0,,,2,,,,,,,,,,,,,,,,,,,,,,,,,,,,0,,,,,2,,,,0,https://cloud.butterflynetwork.com/-/shared/Lk0ijZamRg6LXUSFKmfKbg?region=US,0,0,0,0,0,0,0,0,0,0,0,,2,,,,,,,,,,,,,,,,,,,,,,,,,,,,,,,,,,,,,,,,,,,,,,,,,,0,,,0,0,0,0,0,0,0,0,0,0,0,0,0,0,0,0,0,,,,,,,,,,,,,,,,,,,,0,,,,,0,,,,,,,,,,,0,,,,,,,,,,,,,,,,,,,,,,,,,,,,,0,,,0,0,0,0,0,0,0,0,0,0,0,0,0,0,0,0,0,0,0,0,0,0,,,,,,,,,,,,,,,,,,,,,,,0,0,0,0,0,0,0,0,0,0,0,0,,,0,0,0,0,0,0,0,0,0,0,,,,,0,,0,0,0,0,0,0,0,0,0,0,0,0,0,0,0,0,0,0,0,0,0,0,0,0,0,0,0,0,0,0,0,0,0,0,0,0,0,0,0,0,0,0,0,0,0,0,0,0,0,0,0,0,0,0,0,0,0,0,0,0,0,0,0,0,0,0,0,0,0,0,0,0,0,0,0,0,0,0,0,0,0,0,0,0,0,0,0,0,0,0,0,0,0,0,0,0,0,0,,,0
27-126,hds,"2022-10-04 11:13",1,1,0,0,1,1,,2,16,2,,5,1,,,,,,0,0,1,1,0,0,1,1,0,0,0,0,0,0,0,0,0,0,0,,,,,5,5,,10,30,,,,,,,2,,,,1,0,0,0,0,0,0,0,0,0,0,0,0,0,,,,,,,,1,,,,,,,,,,,,,,1,0,0,0,0,0,0,0,0,0,0,0,0,0,,0,0,0,0,,3,,,,,,0,0,0,0,0,0,0,0,0,0,0,0,0,0,,,0,1,1,2,2022,3,0,,,0,0,55,,37.1,129,100,55,20,100,4.1,15,0,0,1,1,,1,0,0,1,2,0,"Network problem ",0,,0,0,0,0,0,0,0,0,0,0,0,0,0,0,0,0,0,0,0,0,0,0,0,0,0,0,0,0,0,0,0,0,0,0,0,0,0,0,0,0,0,0,0,0,0,0,0,0,0,0,0,0,0,0,0,0,,,0,0,0,0,0,0,0,0,0,0,0,0,0,0,2,2,,,,,,,,,,,,,,,,,0,,,,,,2,2,,7,0,0,0,0,0,0,0,0,0,0,0,0,0,0,0,0,0,0,0,0,0,0,0,1,0,0,1,0,0,0,0,0,0,0,0,0,0,0,0,0,,,,5,,,,,,,,0,0,1,0,0,0,0,0,0,0,0,2,,,,,,,0,0,0,0,0,0,0,0,0,0,0,0,0,0,0,0,,,,,,0,0,0,0,0,0,0,0,0,0,,0,,,,,,,,,,,,,,,,,,,2,0,0,,,,,0,0,0,0,0,0,0,0,0,0,0,0,0,0,0,0,0,0,,,2,,,,,,,,,,,,,,,,,,,,,,,,,,,,0,,,,,2,,,,0,https://cloud.butterflynetwork.com/-/shared/5J-7OSwkSA6jkntVPHKreg?region=US,0,0,0,0,0,0,0,0,0,0,0,,2,,,,,,,,,,,,,,,,,,,,,,,,,,,,,,,,,,,,,,,,,,,,,,,,,,0,,,0,0,0,0,0,0,0,0,0,0,0,0,0,0,0,0,0,,,,,,,,,,,,,,,,,,,,0,,,,,0,,,,,,,,,,,0,,,,,,,,,,,,,,,,,,,,,,,,,,,,,0,,,0,0,0,0,0,0,0,0,0,0,0,0,0,0,0,0,0,0,0,0,0,0,,,,,,,,,,,,,,,,,,,,,,,0,0,0,0,0,0,0,0,0,0,0,0,,,0,0,0,0,0,0,0,0,0,0,,,,,0,,0,0,0,0,0,0,0,0,0,0,0,0,0,0,0,0,0,0,0,0,0,0,0,0,0,0,0,0,0,0,0,0,0,0,0,0,0,0,0,0,0,0,0,0,0,0,0,0,0,0,0,0,0,0,0,0,0,0,0,0,0,0,0,0,0,0,0,0,0,0,0,0,0,0,0,0,0,0,0,0,0,0,0,0,0,0,0,0,0,0,0,0,0,0,0,0,0,0,,,0
27-127,hds,"2022-10-12 10:28",1,1,0,0,1,1,0,2,16,3,,,,3,,,,,0,1,0,0,0,0,0,0,0,0,0,0,0,0,0,0,0,0,0,,5,1,,,,,,,,,,,,,2,,,,1,0,0,0,0,0,0,0,0,0,0,0,0,0,,,,,,,,1,,,,,,,,,,,,,,1,0,0,0,0,0,0,0,0,0,0,0,0,0,,0,1,0,0,,1,,,,,2,0,0,0,0,0,0,0,0,0,0,0,0,0,0,,,1,1,1,2,2021,8,0,,,0,0,50,,36.5,157,92,59,18,98,6.5,15,0,0,1,1,,2,0,0,1,2,0,"Problem with the network ",0,,0,0,0,0,0,0,0,0,0,0,0,0,0,0,0,0,0,0,0,0,0,0,0,0,0,0,0,0,0,0,0,0,0,0,0,0,0,0,0,0,0,0,0,0,0,0,0,0,0,0,0,0,0,0,0,0,,,0,0,0,0,0,0,0,0,0,0,0,0,0,0,2,2,0,,,,,,,,,,,,,,,,0,,,,,,2,2,,6,0,0,1,0,0,0,0,0,0,0,0,0,0,0,0,0,0,0,0,0,0,0,0,1,0,0,1,0,0,0,0,0,1,0,0,0,0,0,0,0,,,,5,,,,,,5,,0,0,1,0,0,0,0,0,0,0,0,2,1,,AGVF0676NOF,,,,1,1,1,0,1,0,0,0,0,0,0,0,0,0,0,0,,1,,AGVF0676NOF,,1,1,0,0,0,0,0,0,0,0,,0,,,,,0,,,,0,,,,0,,,0,,,2,2,0,,,,,0,0,0,0,0,0,0,0,0,0,0,0,0,0,0,0,0,0,,,2,,,,,,,,,,,,,,,,,,,,,,,,,,,,0,,,,,2,,,,0,https://cloud.butterflynetwork.com/-/shared/aN5z6Z6tT_qVcvHMcvDDLw?region=US,0,0,0,0,0,0,0,0,0,0,0,,2,,,,,,,,,,,,,,,,,,,,,,,,,,,,,,,,,,,,,,,,,,,,,,,,,,0,,,0,0,0,0,0,0,0,0,0,0,0,0,0,0,0,0,0,,,,,,,,,,,,,,,,,,,,0,,,,,0,,,,,,,,,,,0,,,,,,,,,,,,,,,,,,,,,,,,,,,,,0,,,0,0,0,0,0,0,0,0,0,0,0,0,0,0,0,0,0,0,0,0,0,0,,,,,,,,,,,,,,,,,,,,,,,0,0,0,0,0,0,0,0,0,0,0,0,,,0,0,0,0,0,0,0,0,0,0,,,,,0,,0,0,0,0,0,0,0,0,0,0,0,0,0,0,0,0,0,0,0,0,0,0,0,0,0,0,0,0,0,0,0,0,0,0,0,0,0,0,0,0,0,0,0,0,0,0,0,0,0,0,0,0,0,0,0,0,0,0,0,0,0,0,0,0,0,0,0,0,0,0,0,0,0,0,0,0,0,0,0,0,0,0,0,0,0,0,0,0,0,0,0,0,0,0,0,0,0,0,,,0
27-128,hds,"2022-10-04 23:55",1,1,0,0,1,1,,2,16,2,,5,1,,,,,,0,0,1,1,0,0,0,0,0,0,0,0,0,0,0,0,0,0,0,,,,,1,5,,,,,,,,,,2,,,,1,0,0,0,0,0,0,0,0,0,0,0,0,0,,,,,,,,1,,,,,,,,,,,,,,1,0,0,0,0,0,0,0,0,0,0,0,0,0,,0,0,0,0,,1,,,,,1,0,0,0,0,0,0,0,0,0,0,0,0,0,0,,,0,0,,,,,0,,,0,2,44,168,35.1,139,87,52,22,94,5.9,15,1,0,1,2,15.589569160997732,2,1,0,1,2,0,"Network problem",0,,0,0,0,0,0,0,0,0,0,0,0,0,0,0,0,0,0,0,0,0,0,0,0,0,0,0,0,0,0,0,0,0,0,0,0,0,0,0,0,0,0,0,0,0,0,0,0,0,0,0,0,0,0,0,0,0,,,0,0,0,0,0,0,0,0,0,0,0,0,0,0,2,1,0,,,,,,,,,,,,,,,,0,,,,,,2,2,,6,0,0,0,0,0,0,0,0,0,0,0,0,0,0,0,0,0,0,0,0,0,0,0,1,0,0,1,0,0,0,0,1,1,0,0,0,0,0,0,0,,,,5,,,,,3,5,,0,0,1,0,0,0,0,0,0,0,0,2,1,,AGVF1503NOF,,ADIT6536HOF,,1,1,1,0,1,1,0,0,0,0,0,0,0,0,0,0,,1,,AGVF1504NOF,,1,0,0,0,0,0,0,0,0,0,,0,,,,,0,,,,0,,,,0,,,0,,,2,2,0,,,,,0,0,0,0,0,0,0,0,0,0,0,0,0,0,0,0,0,0,,,2,,,,,,,,,,,,,,,,,,,,,,,,,,,,0,,,,,2,,,,0,https://cloud.butterflynetwork.com/-/shared/dBnaIBRFTheKs3T1DAm8Ww?region=US,0,0,0,0,0,0,0,0,0,0,0,,2,,,,,,,,,,,,,,,,,,,,,,,,,,,,,,,,,,,,,,,,,,,,,,,,,,0,,,0,0,0,0,0,0,0,0,0,0,0,0,0,0,0,0,0,,,,,,,,,,,,,,,,,,,,0,,,,,0,,,,,,,,,,,0,,,,,,,,,,,,,,,,,,,,,,,,,,,,,0,,,0,0,0,0,0,0,0,0,0,0,0,0,0,0,0,0,0,0,0,0,0,0,,,,,,,,,,,,,,,,,,,,,,,0,0,0,0,0,0,0,0,0,0,0,0,,,0,0,0,0,0,0,0,0,0,0,,,,,0,,0,0,0,0,0,0,0,0,0,0,0,0,0,0,0,0,0,0,0,0,0,0,0,0,0,0,0,0,0,0,0,0,0,0,0,0,0,0,0,0,0,0,0,0,0,0,0,0,0,0,0,0,0,0,0,0,0,0,0,0,0,0,0,0,0,0,0,0,0,0,0,0,0,0,0,0,0,0,0,0,0,0,0,0,0,0,0,0,0,0,0,0,0,0,0,0,0,0,,,0
27-129,hds,"2022-10-04 15:50",1,1,0,0,1,1,,2,16,2,,14,1,,,,,,0,0,0,0,0,0,0,1,1,0,0,0,0,0,0,0,0,0,0,,,,,,,,,5,21,,,,,,2,,,,1,0,0,0,0,0,0,0,0,0,0,0,0,0,,,,,,,,1,,,,,,,,,,,,,,1,0,0,0,0,0,0,0,0,0,0,0,0,0,,0,0,0,0,,1,197,2022-10-06,,,2,0,0,0,0,0,0,0,0,0,0,0,0,0,0,,,0,0,,,,,0,,,1,0,44,160,36.2,108,92,53,20,91,6.4,15,0,0,1,1,17.1875,2,0,0,0,2,0,"Network Problem",0,,0,0,0,0,0,0,0,0,0,0,0,0,0,0,0,0,0,0,0,0,0,0,0,0,0,0,0,0,0,0,0,0,0,0,0,0,0,0,0,0,0,0,0,0,0,0,0,0,0,0,0,0,0,0,0,0,,,0,0,0,0,0,0,0,0,0,0,0,0,0,0,2,1,0,,,,,,,,,,,,,,,,0,,,,,,2,2,,6,0,0,0,0,0,0,0,0,0,0,0,0,0,0,0,0,0,0,0,0,0,0,0,1,0,0,1,0,0,0,0,0,0,0,0,0,0,0,0,0,,,,5,,,,,,,,0,0,1,0,0,0,0,0,0,0,0,2,1,,AGVF1507NOF,,ADIT6535HOF,,1,1,1,0,1,0,0,0,0,0,0,0,0,0,0,0,,1,,AGVF1512NOF,,1,0,0,0,0,0,0,0,0,0,,0,,,,,0,,,,0,,,,0,,,0,,,2,2,1,,"6956/22 (Mapulaneng)",0,,0,0,0,0,0,0,0,0,0,0,0,0,0,0,0,0,0,0,,,2,,,,,,,,,,,,,,,,,,,,,,,,,,,,0,6956_22,2022-10-06,,,2,,,,0,https://cloud.butterflynetwork.com/-/shared/ShpSq5g4R8ek5Rscn6Mk4w?region=US,0,0,0,0,0,0,0,0,0,0,0,,2,,,,,,,,,,,,,,,,,,,,,,,,,,,,,,,,,,,,,,,,,,,,,,,,,,0,,,0,0,0,0,0,0,0,0,0,0,0,0,0,0,0,0,0,,,,,,,,,,,,,,,,,,,,0,,,,,0,,,,,,,,,,,0,,,,,,,,,,,,,,,,,,,,,,,,,,,,,0,,,0,0,0,0,0,0,0,0,0,0,0,0,0,0,0,0,0,0,0,0,0,0,,,,,,,,,,,,,,,,,,,,,,,0,0,0,0,0,0,0,0,0,0,0,0,,,0,0,0,0,0,0,0,0,0,0,,,,,0,,0,0,0,0,0,0,0,0,0,0,0,0,0,0,0,0,0,0,0,0,0,0,0,0,0,0,0,0,0,0,0,0,0,0,0,0,0,0,0,0,0,0,0,0,0,0,0,0,0,0,0,0,0,0,0,0,0,0,0,0,0,0,0,0,0,0,0,0,0,0,0,0,0,0,0,0,0,0,0,0,0,0,0,0,0,0,0,0,0,0,0,0,0,0,0,0,0,0,,,0
27-130,hds,"2022-10-08 15:37",1,1,0,0,1,1,,2,16,2,,6,1,,,,,,0,0,0,1,0,0,1,1,0,0,0,0,0,0,0,0,0,0,0,,,,,,6,,14,2,,,,,,,2,,,,1,0,0,0,0,0,0,0,0,0,0,0,0,0,,,,,,,,2,,,,2021,,0,,0,,3,4,,,1,0,0,0,0,0,0,0,0,0,0,0,0,0,,0,0,0,0,,1,,,,,2,0,0,0,0,0,0,0,0,0,0,0,0,0,0,,,0,1,1,1,2021,8,0,,,0,2,53,165,36.3,116,106,61,20,95,6.4,15,0,0,0,0,19.467401285583104,3,0,0,0,2,0,"Network problem",0,,0,0,0,0,0,0,0,0,0,0,0,0,0,0,0,0,0,0,0,0,0,0,0,0,0,0,0,0,0,0,0,0,0,0,0,0,0,0,0,0,0,0,0,0,0,0,0,0,0,0,0,0,0,0,0,0,,,0,0,0,0,0,0,0,0,0,0,0,0,0,0,2,1,0,,,,,,,,,,,,,,,,0,,,,,,2,2,,6,0,0,1,0,0,0,0,0,0,0,0,0,0,0,0,0,0,0,0,0,0,0,0,1,0,0,1,0,0,0,0,0,0,0,0,0,0,0,0,0,,,,5,,,,,,,,0,0,1,0,0,0,0,0,0,0,0,2,1,,AGVF0606NOF,,ADIT6538HOF,,1,1,1,0,1,1,0,0,0,0,0,0,0,0,0,0,,1,,AGVF1842NOF,,1,0,0,0,0,0,0,0,0,0,,0,,,,,0,,,,0,,,,0,,,0,,,2,2,1,1667393714233.jpg,7022/22,0,,0,0,0,0,0,0,0,0,0,0,0,0,0,0,0,0,0,0,,,2,,,,,,,,,,,,,,,,,,,,,,,,,,,,0,7022_22,2022-10-11,,,2,,,,0,https://cloud.butterflynetwork.com/-/shared/ujdXpVGTR-Sxy-CE3TM4tA?region=US,0,0,0,0,0,0,0,0,0,0,0,,2,,,,,,,,,,,,,,,,,,,,,,,,,,,,,,,,,,,,,,,,,,,,,,,,,,0,,,0,0,0,0,0,0,0,0,0,0,0,0,0,0,0,0,0,,,,,,,,,,,,,,,,,,,,0,,,,,0,,,,,,,,,,,0,,,,,,,,,,,,,,,,,,,,,,,,,,,,,0,,,0,0,0,0,0,0,0,0,0,0,0,0,0,0,0,0,0,0,0,0,0,0,,,,,,,,,,,,,,,,,,,,,,,0,0,0,0,0,0,0,0,0,0,0,0,,,0,0,0,0,0,0,0,0,0,0,,,,,0,,0,0,0,0,0,0,0,0,0,0,0,0,0,0,0,0,0,0,0,0,0,0,0,0,0,0,0,0,0,0,0,0,0,0,0,0,0,0,0,0,0,0,0,0,0,0,0,0,0,0,0,0,0,0,0,0,0,0,0,0,0,0,0,0,0,0,0,0,0,0,0,0,0,0,0,0,0,0,0,0,0,0,0,0,0,0,0,0,0,0,0,0,0,0,0,0,0,0,,,0
27-131,hds,"2022-10-10 21:42",1,1,0,0,1,1,,2,16,2,,5,1,,,,,,0,0,1,0,0,0,0,1,0,0,0,0,0,0,0,0,0,0,0,,,,,2,,,,2,,,,,,,2,,,,1,0,0,0,0,0,0,0,0,0,0,0,0,0,,,,,,,,2,,,,2003,,0,,0,,3,5,,,1,0,0,0,0,0,0,0,0,0,0,0,0,0,,0,0,0,0,,1,,,,,2,0,0,0,0,0,0,0,0,0,0,0,0,0,0,,,0,1,1,1,2022,3,0,,,0,2,67,170,37.1,103,100,55,20,100,5.6,15,0,0,1,1,23.18339100346021,1,0,0,0,2,0,"Network Problem",0,,0,0,0,0,0,0,0,0,0,0,0,0,0,0,0,0,0,0,0,0,0,0,0,0,0,0,0,0,0,0,0,0,0,0,0,0,0,0,0,0,0,0,0,0,0,0,0,0,0,0,0,0,0,0,0,0,,,0,0,0,0,0,0,0,0,0,0,0,0,0,0,2,1,0,,,,,,,,,,,,,,,,0,,,,,,2,2,,7,0,0,1,0,0,0,0,0,0,0,0,0,0,0,0,0,0,0,0,0,0,0,0,1,0,0,0,0,1,0,0,0,1,0,0,0,0,0,0,0,,,,,,5,,,,5,,0,0,1,0,0,0,0,0,0,0,0,2,1,,AGVF0565NOF,,ADIT6539HOF,,1,1,1,0,1,1,0,0,0,0,0,0,0,0,0,0,,1,,AGVF0659NOF,,1,0,0,0,0,0,0,0,0,0,,0,,,,,0,,,,0,,,,0,,,0,,,2,2,1,1667393808301.jpg,7023/22,0,,0,0,0,0,0,0,0,0,0,0,0,0,0,0,0,0,0,0,,,2,,,,,,,,,,,,,,,,,,,,,,,,,,,,0,7023_22,2022-10-11,,,2,,,,0,https://cloud.butterflynetwork.com/-/shared/gTpV_YGcQC6JUsO5ErLUPw?region=US,0,0,0,0,0,0,0,0,0,0,0,,2,,,,,,,,,,,,,,,,,,,,,,,,,,,,,,,,,,,,,,,,,,,,,,,,,,0,,,0,0,0,0,0,0,0,0,0,0,0,0,0,0,0,0,0,,,,,,,,,,,,,,,,,,,,0,,,,,0,,,,,,,,,,,0,,,,,,,,,,,,,,,,,,,,,,,,,,,,,0,,,0,0,0,0,0,0,0,0,0,0,0,0,0,0,0,0,0,0,0,0,0,0,,,,,,,,,,,,,,,,,,,,,,,0,0,0,0,0,0,0,0,0,0,0,0,,,0,0,0,0,0,0,0,0,0,0,,,,,0,,0,0,0,0,0,0,0,0,0,0,0,0,0,0,0,0,0,0,0,0,0,0,0,0,0,0,0,0,0,0,0,0,0,0,0,0,0,0,0,0,0,0,0,0,0,0,0,0,0,0,0,0,0,0,0,0,0,0,0,0,0,0,0,0,0,0,0,0,0,0,0,0,0,0,0,0,0,0,0,0,0,0,0,0,0,0,0,0,0,0,0,0,0,0,0,0,0,0,,,0
27-132,hds,"2022-10-10 11:17",1,1,0,0,1,1,0,2,16,2,,60,1,,,,,,0,0,0,1,0,0,0,0,0,0,0,0,0,0,0,0,0,0,0,,,,,,5,,,,,,,,,,2,,,,1,0,0,0,0,0,0,0,0,0,0,0,0,0,,,,,,,,2,,,,2007,,0,,0,,3,5,,,1,0,0,0,0,0,0,0,0,0,0,0,0,0,,0,0,0,0,,1,,,,,2,0,0,0,0,0,0,0,0,0,0,0,0,0,0,,,0,0,,,,,0,,,0,0,51,175,36.2,82,100,56,19,81,9.5,15,0,0,1,1,16.653061224489797,2,0,0,1,2,0,"Network problem ",0,,0,0,0,0,0,0,0,0,0,0,0,0,0,0,0,0,0,0,0,0,0,0,0,0,0,0,0,0,0,0,0,0,0,0,0,0,0,0,0,0,0,0,0,0,0,0,0,0,0,0,0,0,0,0,0,0,,,0,0,0,0,0,0,0,0,0,0,0,0,0,0,2,2,0,,,,,,,,,,,,,,,,0,,,,,,2,2,,7,0,0,0,0,0,0,0,0,0,0,0,0,0,0,0,0,0,0,0,0,0,0,0,1,0,0,1,0,0,0,0,0,1,0,0,0,0,0,0,0,,,,5,,,,,,5,,0,0,0,0,1,0,0,0,0,0,0,2,1,,AHA16344NOF,,ADJZ4513HOF,,1,1,1,0,1,1,0,0,0,0,0,0,0,0,0,0,,1,,AHAI6346NOF,,1,0,0,0,0,0,0,0,0,0,,0,,,,,0,,,,0,,,,0,,,0,,,2,2,0,,,,,0,0,0,0,0,0,0,0,0,0,0,0,0,0,0,0,0,0,,,2,,,,,,,,,,,,,,,,,,,,,,,,,,,,0,,,,,2,,,,0,,0,1,0,0,0,0,0,0,0,0,0,,0,,,,,,,,,,,,,,,,,,,,,,,,,,,,,,,,,,,,,,,,,,,,,,,,,,0,,,0,0,0,0,0,0,0,0,0,0,0,0,0,0,0,0,0,,,,,,,,,,,,,,,,,,,,0,,,,,0,,,,,,,,,,,0,,,,,,,,,,,,,,,,,,,,,,,,,,,,,0,,,0,0,0,0,0,0,0,0,0,0,0,0,0,0,0,0,0,0,0,0,0,0,,,,,,,,,,,,,,,,,,,,,,,0,0,0,0,0,0,0,0,0,0,0,0,,,0,0,0,0,0,0,0,0,0,0,,,,,0,,0,0,0,0,0,0,0,0,0,0,0,0,0,0,0,0,0,0,0,0,0,0,0,0,0,0,0,0,0,0,0,0,0,0,0,0,0,0,0,0,0,0,0,0,0,0,0,0,0,0,0,0,0,0,0,0,0,0,0,0,0,0,0,0,0,0,0,0,0,0,0,0,0,0,0,0,0,0,0,0,0,0,0,0,0,0,0,0,0,0,0,0,0,0,0,0,0,0,,,0
27-133,hds,"2022-10-12 16:50",1,1,0,0,1,1,,2,16,2,,5,1,,,,,,0,0,0,1,0,0,0,1,0,0,0,0,0,0,0,0,0,0,0,,,,,,3,,,3,,,,,,,2,,,,1,0,0,0,0,0,0,0,0,0,0,0,0,0,,,,,,,,2,,,,2020,,0,,0,,3,4,,,1,0,0,0,0,0,0,0,0,0,0,0,0,0,,0,0,0,0,,1,,,,,2,0,0,0,0,0,0,0,0,0,0,0,0,0,0,,,0,1,2,2,2021,10,0,,,1,2,50,,36.5,107,112,61,22,93,6.2,15,1,0,0,1,,2,0,0,0,2,0,"Network problem",1,0,0,0,0,0,0,0,0,0,0,0,0,0,0,0,0,0,0,0,0,0,0,0,0,0,0,0,0,0,0,0,0,0,0,0,0,0,0,0,0,0,0,0,0,0,0,0,0,0,0,0,0,0,0,0,0,0,,,0,0,0,0,0,0,0,0,0,0,0,0,0,0,2,1,0,,,,,,,,,,,,,,,,0,,,,,,2,2,,6,0,0,1,0,0,0,0,0,0,0,0,0,0,0,0,0,0,0,0,0,0,0,0,1,0,0,1,0,0,0,0,0,0,0,0,0,0,0,0,0,,,,5,,,,,,,,0,0,1,0,0,0,0,0,0,0,0,2,1,AHAH3006NOF,,AGVF0675NOF,,,1,1,1,0,1,1,0,0,0,0,0,0,0,0,0,0,,1,AHAI6278NOF,,,1,0,0,0,0,0,0,0,0,0,,0,,,,,0,,,,0,,,,0,,,0,,,2,2,1,1667393976989.jpg,7103/22,0,,0,0,0,0,0,0,0,0,0,0,0,0,0,0,0,0,0,0,,,2,,,,,,,,,,,,,,,,,,,,,,,,,,,,0,7103_22,2022-10-12,,,2,,,,0,https://cloud.butterflynetwork.com/-/shared/r8tlhoujRBC-3CdfE4rWJQ?region=US,0,0,0,0,0,0,0,0,0,0,0,,2,,,,,,,,,,,,,,,,,,,,,,,,,,,,,,,,,,,,,,,,,,,,,,,,,,0,,,0,0,0,0,0,0,0,0,0,0,0,0,0,0,0,0,0,,,,,,,,,,,,,,,,,,,,0,,,,,0,,,,,,,,,,,0,,,,,,,,,,,,,,,,,,,,,,,,,,,,,0,,,0,0,0,0,0,0,0,0,0,0,0,0,0,0,0,0,0,0,0,0,0,0,,,,,,,,,,,,,,,,,,,,,,,0,0,0,0,0,0,0,0,0,0,0,0,,,0,0,0,0,0,0,0,0,0,0,,,,,0,,0,0,0,0,0,0,0,0,0,0,0,0,0,0,0,0,0,0,0,0,0,0,0,0,0,0,0,0,0,0,0,0,0,0,0,0,0,0,0,0,0,0,0,0,0,0,0,0,0,0,0,0,0,0,0,0,0,0,0,0,0,0,0,0,0,0,0,0,0,0,0,0,0,0,0,0,0,0,0,0,0,0,0,0,0,0,0,0,0,0,0,0,0,0,0,0,0,0,,,0
27-134,hds,"2022-10-13 13:10",1,1,0,0,1,1,0,2,16,3,,,,5,,,,,0,1,0,0,0,0,0,0,0,0,0,0,0,0,0,0,0,0,0,,7,1,,,,,,,,,,,,,2,,,,1,0,0,0,0,0,0,0,0,0,0,0,0,0,,,,,,,,1,,,,,,,,,,,,,,1,0,0,0,0,0,0,0,0,0,0,0,0,0,,0,1,0,0,,1,,,,,2,0,0,0,0,0,0,0,0,0,0,0,0,0,0,,,0,1,1,2,2021,7,0,,,0,0,,164,36.9,115,154,75,20,96,8.3,15,0,0,0,0,,2,0,0,0,2,0,"Network problem ",0,,0,0,0,0,0,0,0,0,0,0,0,0,0,0,0,0,0,0,0,0,0,0,0,0,0,0,0,0,0,0,0,0,0,0,0,0,0,0,0,0,0,0,0,0,0,0,0,0,0,0,0,0,0,0,0,0,,,0,0,0,0,0,0,0,0,0,0,0,0,0,0,2,2,1,"Patient was to fat no clear images",,,,,,,,,,,,,,,0,,,,,,2,2,,6,0,0,1,0,0,0,0,0,0,0,0,0,0,0,0,0,0,0,0,0,0,0,0,1,0,0,1,0,0,0,0,0,1,0,0,0,0,0,0,0,,,,5,,,,,,5,,0,0,1,0,0,0,0,0,0,0,0,2,1,,AGVFO683NOF,,,,1,1,1,0,0,0,0,0,0,0,0,0,0,0,0,0,,1,,AGVFO0684NOF,,1,0,0,0,0,0,0,0,0,0,,0,,,,,0,,,,0,,,,0,,,0,,,2,2,0,,,,,0,0,0,0,0,0,0,0,0,0,0,0,0,0,0,0,0,0,,,2,,,,,,,,,,,,,,,,,,,,,,,,,,,,0,,,,,2,,,,0,https://cloud.butterflynetwork.com/-/shared/fOpkh4LtSlC-LbqzoAXpVw?region=US,0,0,0,0,0,0,0,0,0,0,0,,2,,,,,,,,,,,,,,,,,,,,,,,,,,,,,,,,,,,,,,,,,,,,,,,,,,0,,,0,0,0,0,0,0,0,0,0,0,0,0,0,0,0,0,0,,,,,,,,,,,,,,,,,,,,0,,,,,0,,,,,,,,,,,0,,,,,,,,,,,,,,,,,,,,,,,,,,,,,0,,,0,0,0,0,0,0,0,0,0,0,0,0,0,0,0,0,0,0,0,0,0,0,,,,,,,,,,,,,,,,,,,,,,,0,0,0,0,0,0,0,0,0,0,0,0,,,0,0,0,0,0,0,0,0,0,0,,,,,0,,0,0,0,0,0,0,0,0,0,0,0,0,0,0,0,0,0,0,0,0,0,0,0,0,0,0,0,0,0,0,0,0,0,0,0,0,0,0,0,0,0,0,0,0,0,0,0,0,0,0,0,0,0,0,0,0,0,0,0,0,0,0,0,0,0,0,0,0,0,0,0,0,0,0,0,0,0,0,0,0,0,0,0,0,0,0,0,0,0,0,0,0,0,0,0,0,0,0,,,0
27-135,hds,"2022-10-16 22:30",1,1,0,0,1,1,,2,16,2,,2,1,,,,,,0,0,1,0,0,0,0,1,0,0,0,0,0,0,0,0,0,0,0,,,,,1,,,,1,,,,,,,2,,,,1,0,0,0,0,0,0,0,0,0,0,0,0,0,,,,,,,,2,,,,2017,,0,,0,,3,5,,,1,0,0,0,0,0,0,0,0,0,0,0,0,0,,0,0,0,0,,1,,,,,2,0,0,0,0,0,0,0,0,0,0,0,0,0,0,,,0,1,1,1,2021,10,0,,,0,2,51,161,36.9,113,109,73,20,98,6.1,15,0,0,0,0,19.675166853130666,1,0,0,0,2,0,"Network problem",0,,0,0,0,0,0,0,0,0,0,0,0,0,0,0,0,0,0,0,0,0,0,0,0,0,0,0,0,0,0,0,0,0,0,0,0,0,0,0,0,0,0,0,0,0,0,0,0,0,0,0,0,0,0,0,0,0,,,0,0,0,0,0,0,0,0,0,0,0,0,0,0,2,2,0,,1,4,4,4,8,5,4,5,2,5,4,4,1,1,0,,,,,,2,2,,6,0,0,1,0,0,0,0,0,0,0,0,0,0,0,0,0,0,0,0,0,0,0,0,1,0,0,1,0,0,0,0,1,1,0,0,0,0,0,0,0,,,,5,,,,,3,5,,0,0,1,0,0,0,0,0,0,0,0,2,1,AGVF0129NOF,,,ADJY6952HOF,,1,1,1,0,1,0,0,0,0,0,0,0,0,0,0,0,,1,,AGVF0157NOF,,1,0,0,0,0,0,0,0,0,0,,0,,,,,0,,,,0,,,,0,,,0,,,2,2,1,1667394077872.jpg,7197/22,0,,0,0,0,0,0,0,0,0,0,0,0,0,0,0,0,0,0,0,,,2,,,,,,,,,,,,,,,,,,,,,,,,,,,,0,7197_22,2022-10-17,,,2,,,,0,https://cloud.butterflynetwork.com/-/shared/F5QV_eRCRn6f-ZE3de0P7A?region=US,0,0,0,0,0,0,0,0,0,0,0,,2,,,,,,,,,,,,,,,,,,,,,,,,,,,,,,,,,,,,,,,,,,,,,,,,,,0,,,0,0,0,0,0,0,0,0,0,0,0,0,0,0,0,0,0,,,,,,,,,,,,,,,,,,,,0,,,,,0,,,,,,,,,,,0,,,,,,,,,,,,,,,,,,,,,,,,,,,,,0,,,0,0,0,0,0,0,0,0,0,0,0,0,0,0,0,0,0,0,0,0,0,0,,,,,,,,,,,,,,,,,,,,,,,0,0,0,0,0,0,0,0,0,0,0,0,,,0,0,0,0,0,0,0,0,0,0,,,,,0,,0,0,0,0,0,0,0,0,0,0,0,0,0,0,0,0,0,0,0,0,0,0,0,0,0,0,0,0,0,0,0,0,0,0,0,0,0,0,0,0,0,0,0,0,0,0,0,0,0,0,0,0,0,0,0,0,0,0,0,0,0,0,0,0,0,0,0,0,0,0,0,0,0,0,0,0,0,0,0,0,0,0,0,0,0,0,0,0,0,0,0,0,0,0,0,0,0,0,,,0
27-136,hds,"2022-10-18 15:09",1,1,0,0,1,1,0,2,16,2,,60,1,,,,,,0,0,0,0,0,0,0,1,1,0,0,0,0,0,0,0,0,0,0,,,,,,,,,60,12,,,,,,2,,,,1,0,0,0,0,0,0,0,0,0,0,0,0,0,,,,,,,,1,,,,,,,,,,,,,,1,0,0,0,0,0,0,0,0,0,0,0,0,0,,0,0,0,0,,1,,,,,2,0,0,0,0,0,0,0,0,0,0,0,0,0,0,,,0,0,,,,,0,,,0,0,44,168,35,128,115,68,18,84,9.9,15,0,0,0,0,15.589569160997732,2,0,0,1,2,0,"No network ",0,,0,0,0,0,0,0,0,0,0,0,0,0,0,0,0,0,0,0,0,0,0,0,0,0,0,0,0,0,0,0,0,0,0,0,0,0,0,0,0,0,0,0,0,0,0,0,0,0,0,0,0,0,0,0,0,0,,,0,0,0,0,0,0,0,0,0,0,0,0,0,0,2,2,0,,,,,,,,,,,,,,,,0,,,,,,2,2,,6,0,0,0,0,0,0,0,0,0,0,0,0,0,0,0,0,0,0,0,0,0,0,0,1,0,0,1,0,0,0,0,0,1,0,0,0,0,0,0,0,,,,5,,,,,,5,,0,0,1,0,0,0,0,0,0,0,0,2,1,,AGVF0141NOF,,,,1,1,1,0,0,0,0,0,0,0,0,0,0,0,0,0,,1,,AGVF0166NOF,,1,0,0,0,0,0,0,0,0,0,,0,,,,,0,,,,0,,,,0,,,0,,,2,2,0,,7282/22,0,,0,0,0,0,0,0,0,0,0,0,0,0,0,0,0,0,0,0,,,2,,,,,,,,,,,,,,,,,,,,,,,,,,,,0,7282_22,2022-10-20,,,2,,,,0,https://cloud.butterflynetwork.com/-/shared/048aTtPUSri3Xutdo1M8iQ?region=US,0,0,0,0,0,0,0,0,0,0,0,,2,,,,,,,,,,,,,,,,,,,,,,,,,,,,,,,,,,,,,,,,,,,,,,,,,,0,,,0,0,0,0,0,0,0,0,0,0,0,0,0,0,0,0,0,,,,,,,,,,,,,,,,,,,,0,,,,,0,,,,,,,,,,,0,,,,,,,,,,,,,,,,,,,,,,,,,,,,,0,,,0,0,0,0,0,0,0,0,0,0,0,0,0,0,0,0,0,0,0,0,0,0,,,,,,,,,,,,,,,,,,,,,,,0,0,0,0,0,0,0,0,0,0,0,0,,,0,0,0,0,0,0,0,0,0,0,,,,,0,,0,0,0,0,0,0,0,0,0,0,0,0,0,0,0,0,0,0,0,0,0,0,0,0,0,0,0,0,0,0,0,0,0,0,0,0,0,0,0,0,0,0,0,0,0,0,0,0,0,0,0,0,0,0,0,0,0,0,0,0,0,0,0,0,0,0,0,0,0,0,0,0,0,0,0,0,0,0,0,0,0,0,0,0,0,0,0,0,0,0,0,0,0,0,0,0,0,0,,,0
27-137,hds,"2022-10-19 17:12",1,1,0,0,1,1,0,2,16,2,,60,1,,,,,,0,0,1,1,0,0,0,0,0,0,0,0,0,0,0,0,0,0,0,,,,,7,7,,,,,,,,,,2,,,,1,0,0,0,0,0,0,0,0,0,0,0,0,0,,,,,,,,1,,,,,,,,,,,,,,1,0,0,0,0,0,0,0,0,0,0,0,0,0,,0,0,0,0,,2,,,,,,0,0,0,0,0,0,0,0,0,0,0,0,0,0,,,0,1,1,1,2021,9,0,,,0,0,54,154,36.3,141,131,83,30,98,8.1,15,1,0,0,1,22.76943835385394,1,0,0,0,2,0,"No network ",0,,0,0,0,0,0,0,0,0,0,0,0,0,0,0,0,0,0,0,0,0,0,0,0,0,0,0,0,0,0,0,0,0,0,0,0,0,0,0,0,0,0,0,0,0,0,0,0,0,0,0,0,0,0,0,0,0,,,0,0,0,0,0,0,0,0,0,0,0,0,0,0,2,2,0,,2,1,1,1,2,1,1,1,1,2,,2,1,1,0,,,,,,2,2,,6,0,0,0,0,0,0,0,0,0,0,0,0,0,0,0,0,0,0,0,0,0,0,0,1,0,0,1,0,0,0,0,0,1,0,0,0,0,0,0,0,,,,5,,,,,,5,,0,0,1,0,0,0,0,0,0,0,0,2,1,,AHAH2261NOF,,,,1,1,1,0,0,0,0,0,0,0,0,0,0,0,0,0,,1,,AHAH2258NOF,,1,0,0,0,0,0,0,0,0,0,,0,,,,,0,,,,0,,,,0,,,0,,,2,2,0,,,,,0,0,0,0,0,0,0,0,0,0,0,0,0,0,0,0,0,0,,,2,,,,,,,,,,,,,,,,,,,,,,,,,,,,0,,,,,2,,,,0,https://cloud.butterflynetwork.com/-/shared/_HU7cEzdS6ikN_AkGJOzyA?region=US,0,0,0,0,0,0,0,0,0,0,0,,2,,,,,,,,,,,,,,,,,,,,,,,,,,,,,,,,,,,,,,,,,,,,,,,,,,0,,,0,0,0,0,0,0,0,0,0,0,0,0,0,0,0,0,0,,,,,,,,,,,,,,,,,,,,0,,,,,0,,,,,,,,,,,0,,,,,,,,,,,,,,,,,,,,,,,,,,,,,0,,,0,0,0,0,0,0,0,0,0,0,0,0,0,0,0,0,0,0,0,0,0,0,,,,,,,,,,,,,,,,,,,,,,,0,0,0,0,0,0,0,0,0,0,0,0,,,0,0,0,0,0,0,0,0,0,0,,,,,0,,0,0,0,0,0,0,0,0,0,0,0,0,0,0,0,0,0,0,0,0,0,0,0,0,0,0,0,0,0,0,0,0,0,0,0,0,0,0,0,0,0,0,0,0,0,0,0,0,0,0,0,0,0,0,0,0,0,0,0,0,0,0,0,0,0,0,0,0,0,0,0,0,0,0,0,0,0,0,0,0,0,0,0,0,0,0,0,0,0,0,0,0,0,0,0,0,0,0,,,0
27-138,hds,"2022-10-19 16:15",1,1,0,0,1,1,,2,16,2,,7,1,,,,,,0,0,0,1,0,0,1,0,0,0,0,0,0,0,0,0,0,0,0,,,,,,5,,30,,,,,,,,2,,,,1,0,0,0,0,0,0,0,0,0,0,0,0,0,,,,,,,,2,,,,2019,,1,,0,,3,4,,,1,0,0,0,0,0,0,0,0,0,0,0,0,0,,0,0,0,0,,0,,,,,,0,0,0,0,0,0,0,0,0,0,0,0,0,0,,,0,1,2,2,2021,9,0,,,0,2,,164,35.0,79,127,77,18,97,6.3,15,0,0,0,0,,1,0,0,0,2,0,"Network problem ",0,,0,0,0,0,0,0,0,0,0,0,0,0,0,0,0,0,0,0,0,0,0,0,0,0,0,0,0,0,0,0,0,0,0,0,0,0,0,0,0,0,0,0,0,0,0,0,0,0,0,0,0,0,0,0,0,0,,,0,0,0,0,0,0,0,0,0,0,0,0,0,0,2,2,1,"Unable to get clear spleen",4,4,4,4,1,4,1,1,4,1,1,4,4,1,0,,,,,,2,2,,3,0,0,0,0,0,0,0,0,0,0,0,0,0,0,0,0,0,0,0,0,0,0,0,1,0,0,1,0,0,0,0,0,0,0,0,0,0,0,0,0,,,,5,,,,,,,,0,0,1,0,0,0,0,0,0,0,0,2,1,AGVF0444NOF,,,,,1,1,1,0,0,0,0,0,0,1,0,0,0,0,0,0,INR,1,,ALFL5467P,,1,0,0,0,0,0,0,0,0,0,,0,,,,,0,,,,0,,,,0,,,0,,,2,2,1,1667394157814.jpg,7244/22,0,,0,0,0,0,0,0,0,0,0,0,0,0,0,0,0,0,0,0,,,2,,,,,,,,,,,,,,,,,,,,,,,,,,,,0,7244_22,2022-10-19,,,2,,,,0,https://cloud.butterflynetwork.com/-/shared/sKPDAZlzR2yGKAE19ozwhw?region=US,0,0,0,0,0,0,0,0,0,0,0,,2,,,,,,,,,,,,,,,,,,,,,,,,,,,,,,,,,,,,,,,,,,,,,,,,,,0,,,0,0,0,0,0,0,0,0,0,0,0,0,0,0,0,0,0,,,,,,,,,,,,,,,,,,,,0,,,,,0,,,,,,,,,,,0,,,,,,,,,,,,,,,,,,,,,,,,,,,,,0,,,0,0,0,0,0,0,0,0,0,0,0,0,0,0,0,0,0,0,0,0,0,0,,,,,,,,,,,,,,,,,,,,,,,0,0,0,0,0,0,0,0,0,0,0,0,,,0,0,0,0,0,0,0,0,0,0,,,,,0,,0,0,0,0,0,0,0,0,0,0,0,0,0,0,0,0,0,0,0,0,0,0,0,0,0,0,0,0,0,0,0,0,0,0,0,0,0,0,0,0,0,0,0,0,0,0,0,0,0,0,0,0,0,0,0,0,0,0,0,0,0,0,0,0,0,0,0,0,0,0,0,0,0,0,0,0,0,0,0,0,0,0,0,0,0,0,0,0,0,0,0,0,0,0,0,0,0,0,,,0
27-139,hds,"2022-10-21 15:26",1,1,0,0,1,1,,2,16,3,,,,2,,,,,0,1,0,1,0,0,0,0,0,0,0,0,0,0,0,0,0,0,0,,21,0,,,21,,,,,,,,,,2,,,,1,0,0,0,0,0,0,0,0,0,0,0,0,0,,,,,,,,1,,,,,,,,,,,,,,1,0,0,0,0,0,0,0,0,0,0,0,0,0,,0,0,0,0,,1,5,2022-09-07,47900,2022-09-07,2,0,0,0,0,0,0,0,0,0,0,0,0,0,0,,,0,0,,,,,0,,,0,2,50,146,37.3,155,109,72,30,58,7.6,15,1,0,0,1,23.456558453743668,3,0,0,1,2,0,"Network problem",0,,0,0,0,0,0,0,0,0,0,0,0,0,0,0,0,0,0,0,0,0,0,0,0,0,0,0,0,0,0,0,0,0,0,0,0,0,0,0,0,0,0,0,0,0,0,0,0,0,0,0,0,0,0,0,0,0,,,0,0,0,0,0,0,0,0,0,0,0,0,0,0,2,2,0,,4,2,4,2,2,4,2,2,2,2,2,2,4,2,0,,,,,,2,2,,1,0,0,0,0,0,0,0,0,0,0,0,0,0,0,0,0,0,0,0,0,0,0,1,1,0,0,1,0,0,0,0,0,1,0,0,0,0,0,0,0,,,,5,,,,,,5,,0,1,1,0,0,0,0,0,0,0,0,2,1,,AGVF0898NOF,,,,1,1,1,0,0,0,1,0,0,0,0,0,0,0,0,0,,1,,ALFL5276P,,1,0,0,0,0,0,0,0,0,0,,0,,,,,0,,,,0,,,,0,,,0,,,1,2,1,1667394284772.jpg,7355/22,0,,0,0,0,0,0,0,0,0,0,0,0,0,0,0,0,0,0,0,,,2,,,,,,,,,,,,,,,,,,,,,,,,,,,,0,7355_22,2022-10-21,,,2,,,,0,https://cloud.butterflynetwork.com/-/shared/tZ-AuGFMRC6wLV651Cz6kA?region=US,0,0,0,0,0,0,0,0,0,0,0,,2,,,,,,,,,,,,,,,,,,,,,,,,,,,,,,,,,,,,,,,,,,,,,,,,,,0,,,0,0,0,0,0,0,0,0,0,0,0,0,0,0,0,0,0,,,,,,,,,,,,,,,,,,,,0,,,,,0,,,,,,,,,,,0,,,,,,,,,,,,,,,,,,,,,,,,,,,,,0,,,0,0,0,0,0,0,0,0,0,0,0,0,0,0,0,0,0,0,0,0,0,0,,,,,,,,,,,,,,,,,,,,,,,0,0,0,0,0,0,0,0,0,0,0,0,,,0,0,0,0,0,0,0,0,0,0,,,,,0,,0,0,0,0,0,0,0,0,0,0,0,0,0,0,0,0,0,0,0,0,0,0,0,0,0,0,0,0,0,0,0,0,0,0,0,0,0,0,0,0,0,0,0,0,0,0,0,0,0,0,0,0,0,0,0,0,0,0,0,0,0,0,0,0,0,0,0,0,0,0,0,0,0,0,0,0,0,0,0,0,0,0,0,0,0,0,0,0,0,0,0,0,0,0,0,0,0,0,,,0
27-140,hds,"2022-10-21 15:50",1,1,0,0,1,1,,2,16,2,,21,1,,,,,,1,0,0,0,0,1,0,0,1,0,0,0,0,0,0,0,0,0,0,21,,,60,,,,,,14,,,,,,2,,,,1,0,0,0,0,0,0,0,0,0,0,0,0,0,,,,,,,,1,,,,,,,,,,,,,,1,0,0,0,0,0,0,0,0,0,0,0,0,0,,0,0,0,0,,3,,,,,,0,0,0,0,0,0,0,0,0,0,0,0,0,0,,,0,1,2,2,2021,10,0,,,0,2,51,176,37.3,86,141,67,20,98,6.5,15,0,0,0,0,16.464359504132233,2,0,0,0,2,0,"Network problem",0,,0,0,0,0,0,0,0,0,0,0,0,0,0,0,0,0,0,0,0,0,0,0,0,0,0,0,0,0,0,0,0,0,0,0,0,0,0,0,0,0,0,0,0,0,0,0,0,0,0,0,0,0,0,0,0,0,,,0,0,0,0,0,0,0,0,0,0,0,0,0,0,2,2,0,,3,4,3,4,2,5,5,2,2,4,1,4,2,4,0,,,,,,2,1,,3,0,0,0,0,0,0,0,0,0,0,0,0,0,0,0,0,0,0,0,0,0,0,1,1,0,0,1,0,0,0,0,1,0,0,0,0,0,0,0,0,,,,5,,,,,3,,,0,0,1,0,0,0,0,0,0,0,0,2,1,,AHAH2362NOF,,,,1,1,1,0,0,0,0,0,0,0,0,0,0,0,0,0,,1,,"AHAH2356NOF /AHAH2367NOF",,1,1,0,0,0,0,0,0,0,0,,0,,,,,0,,,,0,,,,0,,,0,,,2,2,1,1667394356029.jpg,7347/22,0,,0,0,0,0,0,0,0,0,0,0,0,0,0,0,0,0,0,0,,,2,,,,,,,,,,,,,,,,,,,,,,,,,,,,0,7347_22,2022-10-21,,,2,,,,0,https://cloud.butterflynetwork.com/-/shared/iTA_JxxpSwiK5WCNoI9CUg?region=US,0,0,0,0,0,0,0,0,0,0,0,,2,,,,,,,,,,,,,,,,,,,,,,,,,,,,,,,,,,,,,,,,,,,,,,,,,,0,,,0,0,0,0,0,0,0,0,0,0,0,0,0,0,0,0,0,,,,,,,,,,,,,,,,,,,,0,,,,,0,,,,,,,,,,,0,,,,,,,,,,,,,,,,,,,,,,,,,,,,,0,,,0,0,0,0,0,0,0,0,0,0,0,0,0,0,0,0,0,0,0,0,0,0,,,,,,,,,,,,,,,,,,,,,,,0,0,0,0,0,0,0,0,0,0,0,0,,,0,0,0,0,0,0,0,0,0,0,,,,,0,,0,0,0,0,0,0,0,0,0,0,0,0,0,0,0,0,0,0,0,0,0,0,0,0,0,0,0,0,0,0,0,0,0,0,0,0,0,0,0,0,0,0,0,0,0,0,0,0,0,0,0,0,0,0,0,0,0,0,0,0,0,0,0,0,0,0,0,0,0,0,0,0,0,0,0,0,0,0,0,0,0,0,0,0,0,0,0,0,0,0,0,0,0,0,0,0,0,0,,,0
27-141,hds,"2022-10-21 15:04",1,1,0,0,1,1,0,2,16,3,,,,5,,,,,0,1,0,0,0,1,0,0,0,0,0,0,0,0,0,0,0,0,0,,60,1,60,,,,,,,,,,,,2,,,,1,0,0,0,0,0,0,0,0,0,0,0,0,0,,,,,,,,1,,,,,,,,,,,,,,1,0,0,0,0,0,0,0,0,0,0,0,0,0,,0,1,0,0,,0,,,,,,0,0,0,0,0,0,0,0,0,0,0,0,0,0,,,0,1,1,2,2022,2,0,,,1,0,55,172,35.2,116,108,55,18,95,8.9,15,0,0,0,0,18.591130340724717,2,0,0,1,2,0,"Network problem ",0,,0,0,0,0,0,0,0,0,0,0,0,0,0,0,0,0,0,0,0,0,0,0,0,0,0,0,0,0,0,0,0,0,0,0,0,0,0,0,0,0,0,0,0,0,0,0,0,0,0,0,0,0,0,0,0,0,,,0,0,0,0,0,0,0,0,0,0,0,0,0,0,2,2,0,,,,,,,,,,,,,,,,1,2,1,,1,,2,1,,7,0,0,0,1,0,0,0,0,0,0,0,0,0,0,0,0,0,0,0,0,0,0,1,1,0,0,1,0,0,0,0,1,0,0,0,0,0,0,0,0,,,,5,,,,,3,,,0,0,1,0,0,0,0,0,0,0,0,2,1,,AHAH3283NOF,,,,1,1,1,0,0,0,0,0,0,0,0,0,0,0,0,0,,1,,AHAH2505NOF,,1,1,0,0,0,0,0,0,0,0,,0,,,,,0,,,,0,,,,0,,,0,,,2,2,1,1669122692662.jpg,7351/22,0,,0,0,0,0,0,0,0,0,0,0,0,0,0,0,0,0,0,0,,,2,,,,,,,,,,,,,,,,,,,,,,,,,,,,0,"7351_22 (PA)",2022-10-21,,,2,,,,0,https://cloud.butterflynetwork.com/-/shared/f6aLeJzJRfe3K0ppX_c9xw?region=US,0,0,0,0,0,0,0,0,0,0,0,,2,,,,,,,,,,,,,,,,,,,,,,,,,,,,,,,,,,,,,,,,,,,,,,,,,,0,,,0,0,0,0,0,0,0,0,0,0,0,0,0,0,0,0,0,,,,,,,,,,,,,,,,,,,,0,,,,,0,,,,,,,,,,,0,,,,,,,,,,,,,,,,,,,,,,,,,,,,,0,,,0,0,0,0,0,0,0,0,0,0,0,0,0,0,0,0,0,0,0,0,0,0,,,,,,,,,,,,,,,,,,,,,,,0,0,0,0,0,0,0,0,0,0,0,0,,,0,0,0,0,0,0,0,0,0,0,,,,,0,,0,0,0,0,0,0,0,0,0,0,0,0,0,0,0,0,0,0,0,0,0,0,0,0,0,0,0,0,0,0,0,0,0,0,0,0,0,0,0,0,0,0,0,0,0,0,0,0,0,0,0,0,0,0,0,0,0,0,0,0,0,0,0,0,0,0,0,0,0,0,0,0,0,0,0,0,0,0,0,0,0,0,0,0,0,0,0,0,0,0,0,0,0,0,0,0,0,0,,,0
27-142,hds,"2022-10-26 11:35",1,1,0,0,1,1,0,2,16,3,,,,5,,,,,0,1,0,0,0,0,0,0,0,0,0,0,0,0,0,0,0,0,0,,14,0,,,,,,,,,,,,,2,,,,1,0,0,0,0,0,0,0,0,0,0,0,0,0,,,,,,,,1,,,,,,,,,,,,,,1,0,0,0,0,0,0,0,0,0,0,0,0,0,,0,0,0,0,,0,,,,,,0,0,0,0,0,0,0,0,0,0,0,0,0,0,,,0,0,,,,,0,,,0,0,61,160,37.7,112,114,69,22,93,6.1,15,1,0,0,1,23.828125,1,0,0,0,2,0,"Network problem ",0,,0,0,0,0,0,0,0,0,0,0,0,0,0,0,0,0,0,0,0,0,0,0,0,0,0,0,0,0,0,0,0,0,0,0,0,0,0,0,0,0,0,0,0,0,0,0,0,0,0,0,0,0,0,0,0,0,,,0,0,0,0,0,0,0,0,0,0,0,0,0,0,2,2,0,,,,,,,,,,,,,,,,1,1,,2,,,2,2,,7,0,0,1,0,0,0,0,0,0,0,0,0,0,0,0,0,0,0,0,0,0,0,0,1,0,0,0,0,1,0,0,0,0,0,0,0,0,0,0,0,,,,,,1,,,,,,0,0,0,0,1,0,0,0,0,0,0,2,1,,AHAH2549NOF,,,,1,1,1,0,0,0,0,0,0,0,0,0,0,0,0,0,,0,,,,0,0,0,0,0,0,0,0,0,0,,0,,,,,0,,,,1,,AHAH2548NOF,,0,,,0,,,2,2,1,1667395348228.jpg,7514/22,1,0,0,0,0,0,0,0,0,1,0,0,0,0,0,0,0,0,0,0,,,2,,,,,,,,,,,,,,,,,,,,,,,,,,,,0,"7514_22 (PA)",2022-10-27,,,2,,,,0,,0,1,0,0,0,0,0,0,0,0,0,,0,,,,,,,,,,,,,,,,,,,,,,,,,,,,,,,,,,,,,,,,,,,,,,,,,,0,,,0,0,0,0,0,0,0,0,0,0,0,0,0,0,0,0,0,,,,,,,,,,,,,,,,,,,,0,,,,,0,,,,,,,,,,,0,,,,,,,,,,,,,,,,,,,,,,,,,,,,,0,,,0,0,0,0,0,0,0,0,0,0,0,0,0,0,0,0,0,0,0,0,0,0,,,,,,,,,,,,,,,,,,,,,,,0,0,0,0,0,0,0,0,0,0,0,0,,,0,0,0,0,0,0,0,0,0,0,,,,,0,,0,0,0,0,0,0,0,0,0,0,0,0,0,0,0,0,0,0,0,0,0,0,0,0,0,0,0,0,0,0,0,0,0,0,0,0,0,0,0,0,0,0,0,0,0,0,0,0,0,0,0,0,0,0,0,0,0,0,0,0,0,0,0,0,0,0,0,0,0,0,0,0,0,0,0,0,0,0,0,0,0,0,0,0,0,0,0,0,0,0,0,0,0,0,0,0,0,0,,,0
27-143,hds,"2022-10-26 15:45",1,1,0,0,1,1,,2,16,2,,15,1,,,,,,0,0,1,1,0,1,0,1,0,0,0,0,0,0,0,0,0,0,0,,,,90,2,7,,,7,,,,,,,2,,,,1,0,0,0,0,0,0,0,0,0,0,0,0,0,,,,,,,,1,,,,,,,,,,,,,,1,0,0,0,0,0,0,0,0,0,0,0,0,0,,0,0,0,0,,1,,,,,1,0,0,0,0,0,0,0,0,0,0,0,0,0,0,,,0,0,,,,,0,,,1,2,34,164,35.2,134,108,65,24,91,8.0,15,1,0,0,1,12.641284949435,4,0,0,1,2,0,"Network Problem",0,,0,0,0,0,0,0,0,0,0,0,0,0,0,0,0,0,0,0,0,0,0,0,0,0,0,0,0,0,0,0,0,0,0,0,0,0,0,0,0,0,0,0,0,0,0,0,0,0,0,0,0,0,0,0,0,0,,,0,0,0,0,0,0,0,0,0,0,0,0,0,0,2,2,1,"Unable to get clear left curtain sign",1,4,4,1,1,4,4,4,5,5,5,5,5,5,0,,,,,,2,2,,3,0,0,0,0,0,0,0,0,0,0,0,0,0,0,0,0,0,0,0,0,0,0,1,1,0,0,1,0,0,0,0,0,1,0,0,0,0,0,0,0,,,,5,,,,,,5,,0,1,1,0,0,0,0,0,0,0,0,2,1,,AHAH2543NOF,,ADJY7352HOF,,1,1,1,0,1,1,1,0,0,0,0,0,0,0,0,0,,1,,"AHAH2419NOF / AGZE3159NOF",,1,0,0,0,0,0,0,0,0,0,,0,,,,,0,,,,0,,,,0,,,0,,,2,2,1,1667394868479.jpg,7233/22,0,,0,0,0,0,0,0,0,0,0,0,0,0,0,0,0,0,0,0,,,2,,,,,,,,,,,,,,,,,,,,,,,,,,,,0,7233_22,2022-10-26,,,2,,,,0,https://cloud.butterflynetwork.com/-/shared/K_XoA8r7Ql-umXTYJlQ5ig?region=US,0,0,0,0,0,0,0,0,0,0,0,,2,,,,,,,,,,,,,,,,,,,,,,,,,,,,,,,,,,,,,,,,,,,,,,,,,,0,,,0,0,0,0,0,0,0,0,0,0,0,0,0,0,0,0,0,,,,,,,,,,,,,,,,,,,,0,,,,,0,,,,,,,,,,,0,,,,,,,,,,,,,,,,,,,,,,,,,,,,,0,,,0,0,0,0,0,0,0,0,0,0,0,0,0,0,0,0,0,0,0,0,0,0,,,,,,,,,,,,,,,,,,,,,,,0,0,0,0,0,0,0,0,0,0,0,0,,,0,0,0,0,0,0,0,0,0,0,,,,,0,,0,0,0,0,0,0,0,0,0,0,0,0,0,0,0,0,0,0,0,0,0,0,0,0,0,0,0,0,0,0,0,0,0,0,0,0,0,0,0,0,0,0,0,0,0,0,0,0,0,0,0,0,0,0,0,0,0,0,0,0,0,0,0,0,0,0,0,0,0,0,0,0,0,0,0,0,0,0,0,0,0,0,0,0,0,0,0,0,0,0,0,0,0,0,0,0,0,0,,,0
27-144,hds,"2022-11-03 20:16",1,1,0,0,1,1,0,2,16,4,,,,,10,,,,0,1,0,0,0,0,0,0,0,0,0,0,0,0,0,0,0,0,0,,2,1,,,,,,,,,,,,,2,,,,1,0,0,0,0,0,0,0,0,0,0,0,0,0,,,,,,,,1,,,,,,,,,,,,,,1,0,0,0,0,0,0,0,0,0,0,0,0,0,,0,0,0,0,,3,,,,,,0,0,0,0,0,0,0,0,0,0,0,0,0,0,,,0,1,1,1,2021,9,0,,,1,0,56,,39,130,153,62,18,96,11.4,15,0,0,0,0,,3,0,0,1,2,0,"Network ",0,,0,0,0,0,0,0,0,0,0,0,0,0,0,0,0,0,0,0,0,0,0,0,0,0,0,0,0,0,0,0,0,0,0,0,0,0,0,0,0,0,0,0,0,0,0,0,0,0,0,0,0,0,0,0,0,0,,,0,0,0,0,0,0,0,0,0,0,0,0,0,0,2,2,0,,,,,,,,,,,,,,,,0,,,,,,2,2,,6,0,0,1,0,0,0,0,0,0,0,0,0,0,0,0,0,0,0,0,0,0,0,0,1,0,0,1,0,0,0,0,0,1,0,0,0,0,0,0,0,,,,5,,,,,,5,,0,0,1,0,0,0,0,0,0,0,0,2,1,,AGZE2064NOF,,,,1,1,1,0,0,0,0,0,0,0,0,0,0,0,0,0,,1,,AGZE3762NOF,,1,0,0,0,0,0,0,0,0,0,,0,,,,,0,,,,0,,,,0,,,0,,,2,2,,,,,,0,0,0,0,0,0,0,0,0,0,0,0,0,0,0,0,0,,,,0,,,,,,,,,,,,,,,,,,,,,,,,,,,,0,,,,,0,,,,0,https://cloud.butterflynetwork.com/-/shared/Y8wH4h7FTnaWmXd3v1EwQA?region=US,0,0,0,0,0,0,0,0,0,0,0,,2,,,,,,,,,,,,,,,,,,,,,,,,,,,,,,,,,,,,,,,,,,,,,,,,,,0,,,0,0,0,0,0,0,0,0,0,0,0,0,0,0,0,0,0,,,,,,,,,,,,,,,,,,,,0,,,,,0,,,,,,,,,,,0,,,,,,,,,,,,,,,,,,,,,,,,,,,,,0,,,0,0,0,0,0,0,0,0,0,0,0,0,0,0,0,0,0,0,0,0,0,0,,,,,,,,,,,,,,,,,,,,,,,0,0,0,0,0,0,0,0,0,0,0,0,,,0,0,0,0,0,0,0,0,0,0,,,,,0,,0,0,0,0,0,0,0,0,0,0,0,0,0,0,0,0,0,0,0,0,0,0,0,0,0,0,0,0,0,0,0,0,0,0,0,0,0,0,0,0,0,0,0,0,0,0,0,0,0,0,0,0,0,0,0,0,0,0,0,0,0,0,0,0,0,0,0,0,0,0,0,0,0,0,0,0,0,0,0,0,0,0,0,0,0,0,0,0,0,0,0,0,0,0,0,0,0,0,,,0
27-145,hds,"2022-11-03 20:16",1,1,0,0,1,1,0,2,16,4,,,,,10,,,,0,1,0,0,0,0,0,0,0,0,0,0,0,0,0,0,0,0,0,,2,1,,,,,,,,,,,,,2,,,,1,0,0,0,0,0,0,0,0,0,0,0,0,0,,,,,,,,1,,,,,,,,,,,,,,1,0,0,0,0,0,0,0,0,0,0,0,0,0,,0,0,0,0,,0,,,,,,0,0,0,0,0,0,0,0,0,0,0,0,0,0,,,0,1,1,1,2021,9,0,,,1,0,56,,39,130,153,62,18,96,11.4,15,0,0,0,0,,3,0,0,1,2,0,"Network ",0,,0,0,0,0,0,0,0,0,0,0,0,0,0,0,0,0,0,0,0,0,0,0,0,0,0,0,0,0,0,0,0,0,0,0,0,0,0,0,0,0,0,0,0,0,0,0,0,0,0,0,0,0,0,0,0,0,,,0,0,0,0,0,0,0,0,0,0,0,0,0,0,2,2,0,,,,,,,,,,,,,,,,0,,,,,,2,2,,6,0,0,1,0,0,0,0,0,0,0,0,0,0,0,0,0,0,0,0,0,0,0,0,1,0,0,1,0,0,0,0,0,1,0,0,0,0,0,0,0,,,,5,,,,,,5,,0,0,1,0,0,0,0,0,0,0,0,2,1,,AGZE2064NOF,,,,1,1,1,0,0,0,0,0,0,0,0,0,0,0,0,0,,1,,AGZE3762NOF,,1,0,0,0,0,0,0,0,0,0,,0,,,,,0,,,,0,,,,0,,,0,,,2,2,1,1667892119777.jpg,7708/22,0,,0,0,0,0,0,0,0,0,0,0,0,0,0,0,0,0,0,0,,,2,,,,,,,,,,,,,,,,,,,,,,,,,,,,0,7708_22,2022-11-07,,,2,,,,0,https://cloud.butterflynetwork.com/-/shared/z7VBDYBiRf2cYUc6gA4ODg?region=US,0,0,0,0,0,0,0,0,0,0,0,,2,,,,,,,,,,,,,,,,,,,,,,,,,,,,,,,,,,,,,,,,,,,,,,,,,,0,,,0,0,0,0,0,0,0,0,0,0,0,0,0,0,0,0,0,,,,,,,,,,,,,,,,,,,,0,,,,,0,,,,,,,,,,,0,,,,,,,,,,,,,,,,,,,,,,,,,,,,,0,,,0,0,0,0,0,0,0,0,0,0,0,0,0,0,0,0,0,0,0,0,0,0,,,,,,,,,,,,,,,,,,,,,,,0,0,0,0,0,0,0,0,0,0,0,0,,,0,0,0,0,0,0,0,0,0,0,,,,,0,,0,0,0,0,0,0,0,0,0,0,0,0,0,0,0,0,0,0,0,0,0,0,0,0,0,0,0,0,0,0,0,0,0,0,0,0,0,0,0,0,0,0,0,0,0,0,0,0,0,0,0,0,0,0,0,0,0,0,0,0,0,0,0,0,0,0,0,0,0,0,0,0,0,0,0,0,0,0,0,0,0,0,0,0,0,0,0,0,0,0,0,0,0,0,0,0,0,0,,,0
27-146,hds,"2022-11-06 12:30",1,1,0,0,1,1,,2,16,2,,5,1,,,,,,0,0,0,1,0,0,0,1,1,0,0,0,0,0,0,0,0,0,0,,,,,,5,,,3,30,,,,,,2,,,,1,0,0,0,0,0,0,0,0,0,0,0,0,0,,,,,,,,1,,,,,,,,,,,,,,1,0,0,0,0,0,0,0,0,0,0,0,0,0,,0,0,0,0,,1,,,,,2,0,0,0,0,0,0,0,0,0,0,0,0,0,0,,,0,1,2,2,2022,1,0,,,0,2,,162,36.5,119,181,94,20,99,18.1,15,0,0,0,0,,3,0,0,1,2,0,"Network problem",0,,0,0,0,0,0,0,0,0,0,0,0,0,0,0,0,0,0,0,0,0,0,0,0,0,0,0,0,0,0,0,0,0,0,0,0,0,0,0,0,0,0,0,0,0,0,0,0,0,0,0,0,0,0,0,0,0,,,0,0,0,0,0,0,0,0,0,0,0,0,0,0,2,3,1,"Unable to get the curtain sign and the spleen on LL",1,1,3,4,4,3,2,4,1,1,4,8,1,1,0,,,,,,2,2,,3,0,0,0,0,0,0,0,0,0,0,0,0,0,0,0,0,0,0,0,0,0,0,0,1,0,0,0,0,0,1,0,0,1,0,0,0,0,0,0,0,,,,,,,5,,,5,,0,0,1,0,0,0,0,0,0,0,0,2,1,AGZE2756NOF,,,,,1,1,1,0,1,1,0,0,0,0,0,0,0,0,0,0,,1,AGZE2755NOF,,,1,1,0,0,0,0,0,0,0,0,,0,,,,,0,,,,0,,,,0,,,0,,,2,2,1,1668158108066.jpg,7777/22,0,,0,0,0,0,0,0,0,0,0,0,0,0,0,0,0,0,0,0,,,2,,,,,,,,,,,,,,,,,,,,,,,,,,,,0,7777_22,2022-11-08,,,2,,,,0,https://cloud.butterflynetwork.com/-/shared/xdvTPHgsSSCDNdhlBkewHw?region=US,0,0,0,0,0,0,0,0,0,0,0,,2,,,,,,,,,,,,,,,,,,,,,,,,,,,,,,,,,,,,,,,,,,,,,,,,,,0,,,0,0,0,0,0,0,0,0,0,0,0,0,0,0,0,0,0,,,,,,,,,,,,,,,,,,,,0,,,,,0,,,,,,,,,,,0,,,,,,,,,,,,,,,,,,,,,,,,,,,,,0,,,0,0,0,0,0,0,0,0,0,0,0,0,0,0,0,0,0,0,0,0,0,0,,,,,,,,,,,,,,,,,,,,,,,0,0,0,0,0,0,0,0,0,0,0,0,,,0,0,0,0,0,0,0,0,0,0,,,,,0,,0,0,0,0,0,0,0,0,0,0,0,0,0,0,0,0,0,0,0,0,0,0,0,0,0,0,0,0,0,0,0,0,0,0,0,0,0,0,0,0,0,0,0,0,0,0,0,0,0,0,0,0,0,0,0,0,0,0,0,0,0,0,0,0,0,0,0,0,0,0,0,0,0,0,0,0,0,0,0,0,0,0,0,0,0,0,0,0,0,0,0,0,0,0,0,0,0,0,,,0
27-147,hds,"2022-11-09 10:32",1,1,0,0,1,1,0,2,16,2,,1,1,,,,,,0,0,0,1,0,0,0,0,0,0,0,0,0,0,0,0,0,0,0,,,,,,2,,,,,,,,,,2,,,,1,0,0,0,0,0,0,0,0,0,0,0,0,0,,,,,,,,1,,,,,,,,,,,,,,1,0,0,0,0,0,0,0,0,0,0,0,0,0,,0,0,0,0,,1,,,,,2,0,0,0,0,0,0,0,0,0,0,0,0,0,0,,,0,1,1,,2021,9,0,,,0,0,,158,36.2,134,173,96,18,91,7.9,15,0,0,0,0,,1,0,0,0,2,1,,0,,0,0,0,0,0,0,0,0,0,0,0,0,0,0,0,0,0,0,0,0,0,0,0,0,0,0,0,0,0,0,0,0,0,0,0,0,0,0,0,0,0,0,0,0,0,0,0,0,0,0,0,0,0,0,0,0,,,0,0,0,0,0,0,0,0,0,0,0,0,0,0,2,2,0,,,,,,,,,,,,,,,,0,,,,,,2,2,,6,0,0,0,0,0,0,0,0,0,0,0,0,0,0,0,0,0,0,0,0,0,0,0,1,0,0,1,0,0,0,0,0,0,0,0,0,0,0,0,0,,,,5,,,,,,,,0,1,1,0,0,0,0,0,0,0,0,2,1,,AGZE2963NOF,,,,1,1,1,0,0,0,0,0,0,0,0,0,0,0,0,0,,1,,AGZE2162N0F,,1,0,0,0,0,0,0,0,0,0,,0,,,,,0,,,,0,,,,0,,,0,,,2,2,1,1668075962227.jpg,7845/22,0,,0,0,0,0,0,0,0,0,0,0,0,0,0,0,0,0,0,0,,,2,,,,,,,,,,,,,,,,,,,,,,,,,,,,0,7845_22,2022-11-09,,,2,,,,0,https://cloud.butterflynetwork.com/-/shared/3NKLHPgGS1ychAAjyz_0qA?region=US,0,0,0,0,0,0,0,0,0,0,0,,2,,,,,,,,,,,,,,,,,,,,,,,,,,,,,,,,,,,,,,,,,,,,,,,,,,0,,,0,0,0,0,0,0,0,0,0,0,0,0,0,0,0,0,0,,,,,,,,,,,,,,,,,,,,0,,,,,0,,,,,,,,,,,0,,,,,,,,,,,,,,,,,,,,,,,,,,,,,0,,,0,0,0,0,0,0,0,0,0,0,0,0,0,0,0,0,0,0,0,0,0,0,,,,,,,,,,,,,,,,,,,,,,,0,0,0,0,0,0,0,0,0,0,0,0,,,0,0,0,0,0,0,0,0,0,0,,,,,0,,0,0,0,0,0,0,0,0,0,0,0,0,0,0,0,0,0,0,0,0,0,0,0,0,0,0,0,0,0,0,0,0,0,0,0,0,0,0,0,0,0,0,0,0,0,0,0,0,0,0,0,0,0,0,0,0,0,0,0,0,0,0,0,0,0,0,0,0,0,0,0,0,0,0,0,0,0,0,0,0,0,0,0,0,0,0,0,0,0,0,0,0,0,0,0,0,0,0,,,0
27-148,hds,"2022-11-10 11:30",1,1,0,0,1,1,,2,16,2,,5,1,,,,,,1,0,0,1,0,0,1,0,0,0,0,0,0,0,0,0,0,0,0,5,,,,,5,,30,,,,,,,,2,,,,1,0,0,0,0,0,0,0,0,0,0,0,0,0,,,,,,,,1,,,,,,,,,,,,,,1,0,0,0,0,0,0,0,0,0,0,0,0,0,,0,0,0,0,,1,,,,,2,0,0,0,0,0,0,0,0,0,0,0,0,0,0,,,0,0,,,,,0,,,0,2,77.4,175,36.1,99,97,60,20,97,6.2,15,0,0,1,1,25.273469387755,2,0,0,0,2,0,"Network problem",0,,0,0,0,0,0,0,0,0,0,0,0,0,0,0,0,0,0,0,0,0,0,0,0,0,0,0,0,0,0,0,0,0,0,0,0,0,0,0,0,0,0,0,0,0,0,0,0,0,0,0,0,0,0,0,0,0,,,0,0,0,0,0,0,0,0,0,0,0,0,0,0,2,1,0,,1,1,4,1,1,1,1,1,1,1,4,1,4,4,0,,,,,,2,1,,1,0,0,0,0,0,0,0,0,0,0,0,0,0,0,0,0,0,0,0,0,0,0,1,1,0,0,1,0,0,0,0,0,0,0,0,0,0,0,0,0,,,,7,,,,,,,,0,0,1,0,0,0,0,0,0,0,0,2,0,,,,,,0,0,0,0,0,0,0,0,0,0,0,0,0,0,0,0,,1,,"AGZE2584NOF /ALFL5805P",,1,0,0,0,0,0,0,0,0,0,,0,,,,,0,,,,0,,,,0,,,0,,,1,2,1,1668158163862.jpg,7852/22,0,,0,0,0,0,0,0,0,0,0,0,0,0,0,0,0,0,0,0,,,2,,,,,,,,,,,,,,,,,,,,,,,,,,,,0,"7852_22 (PA)",2022-11-10,,,2,,,,0,https://cloud.butterflynetwork.com/-/shared/4a6h2NBYS3e6xQ3df6ltIQ?region=US,0,0,0,0,0,0,0,0,0,0,0,,2,,,,,,,,,,,,,,,,,,,,,,,,,,,,,,,,,,,,,,,,,,,,,,,,,,0,,,0,0,0,0,0,0,0,0,0,0,0,0,0,0,0,0,0,,,,,,,,,,,,,,,,,,,,0,,,,,0,,,,,,,,,,,0,,,,,,,,,,,,,,,,,,,,,,,,,,,,,0,,,0,0,0,0,0,0,0,0,0,0,0,0,0,0,0,0,0,0,0,0,0,0,,,,,,,,,,,,,,,,,,,,,,,0,0,0,0,0,0,0,0,0,0,0,0,,,0,0,0,0,0,0,0,0,0,0,,,,,0,,0,0,0,0,0,0,0,0,0,0,0,0,0,0,0,0,0,0,0,0,0,0,0,0,0,0,0,0,0,0,0,0,0,0,0,0,0,0,0,0,0,0,0,0,0,0,0,0,0,0,0,0,0,0,0,0,0,0,0,0,0,0,0,0,0,0,0,0,0,0,0,0,0,0,0,0,0,0,0,0,0,0,0,0,0,0,0,0,0,0,0,0,0,0,0,0,0,0,,,0
27-149,hds,"2022-11-12 16:50",1,1,0,0,1,1,,2,16,2,,3,1,,,,,,0,0,1,0,0,0,1,1,0,0,0,0,0,0,0,0,0,0,0,,,,,1,,,14,1,,,,,,,2,,,,1,0,0,0,0,0,0,0,0,0,0,0,0,0,,,,,,,,1,,,,,,,,,,,,,,3,0,0,0,0,0,0,0,0,0,0,0,0,0,,0,0,0,0,,0,,,,,,0,0,0,0,0,0,0,0,0,0,0,0,0,0,,,0,0,,,,,0,,,0,2,74,180,36.5,90,99,60,24,96,5.5,15,1,0,1,2,22.83950617284,3,0,0,0,2,0,"Network Problem",0,,0,0,0,0,0,0,0,0,0,0,0,0,0,0,0,0,0,0,0,0,0,0,0,0,0,0,0,0,0,0,0,0,0,0,0,0,0,0,0,0,0,0,0,0,0,0,0,0,0,0,0,0,0,0,0,0,,,0,0,0,0,0,0,0,0,0,0,0,0,0,0,2,2,0,,1,4,4,1,5,5,1,4,1,4,1,5,1,4,0,,,,,,2,2,,6,0,0,1,0,0,0,0,0,0,0,0,0,0,0,0,0,0,0,0,0,0,0,0,1,0,0,1,0,0,0,0,1,0,0,0,0,0,0,0,0,,,,5,,,,,3,,,0,1,1,0,0,0,0,0,0,0,0,2,1,,AGZE2573NOF,,,,1,1,1,0,0,0,0,0,0,0,0,0,0,0,0,0,,1,,AGZE2021NOF,,1,0,0,0,0,0,0,0,0,0,,0,,,,,0,,,,0,,,,0,,,0,,,2,2,1,1668517177135.jpg,7920/22,0,,0,0,0,0,0,0,0,0,0,0,0,0,0,0,0,0,0,0,,,2,,,,,,,,,,,,,,,,,,,,,,,,,,,,0,7920_22,2022-11-14,,,2,,,,0,https://cloud.butterflynetwork.com/-/shared/RbJOB8SKQpiGooVeV-0vPQ?region=US,0,0,0,0,0,0,0,0,0,0,0,,2,,,,,,,,,,,,,,,,,,,,,,,,,,,,,,,,,,,,,,,,,,,,,,,,,,0,,,0,0,0,0,0,0,0,0,0,0,0,0,0,0,0,0,0,,,,,,,,,,,,,,,,,,,,0,,,,,0,,,,,,,,,,,0,,,,,,,,,,,,,,,,,,,,,,,,,,,,,0,,,0,0,0,0,0,0,0,0,0,0,0,0,0,0,0,0,0,0,0,0,0,0,,,,,,,,,,,,,,,,,,,,,,,0,0,0,0,0,0,0,0,0,0,0,0,,,0,0,0,0,0,0,0,0,0,0,,,,,0,,0,0,0,0,0,0,0,0,0,0,0,0,0,0,0,0,0,0,0,0,0,0,0,0,0,0,0,0,0,0,0,0,0,0,0,0,0,0,0,0,0,0,0,0,0,0,0,0,0,0,0,0,0,0,0,0,0,0,0,0,0,0,0,0,0,0,0,0,0,0,0,0,0,0,0,0,0,0,0,0,0,0,0,0,0,0,0,0,0,0,0,0,0,0,0,0,0,0,,,0
27-150,hds,"2022-11-11 10:08",1,1,0,0,1,1,0,2,16,4,,,,,5,,,,0,1,0,0,0,1,0,0,1,0,0,0,0,0,0,0,0,0,0,,30,,30,,,,,,10,,,,,,2,,,,1,0,0,0,0,0,0,0,0,0,0,0,0,0,,,,,,,,1,,,,,,,,,,,,,,1,0,0,0,0,0,0,0,0,0,0,0,0,0,,0,0,0,0,,2,158,2022-11-11,718000,2022-11-04,,0,0,0,0,0,0,0,0,0,0,0,0,0,0,,,0,0,,,,,0,,,0,0,30,152,34.4,117,88,58,22,69,6.1,15,1,0,1,2,12.984764542936,5,0,0,1,2,0,"Network problem ",0,,0,0,0,0,0,0,0,0,0,0,0,0,0,0,0,0,0,0,0,0,0,0,0,0,0,0,0,0,0,0,0,0,0,0,0,0,0,0,0,0,0,0,0,0,0,0,0,0,0,0,0,0,0,0,0,0,,,0,0,0,0,0,0,0,0,0,0,0,0,0,0,2,2,0,,1,1,1,1,1,1,1,1,1,1,1,2,1,1,0,,,,,,2,2,,1,0,0,0,0,0,0,0,0,0,0,0,0,0,0,0,0,0,0,0,0,0,0,1,1,0,0,1,0,0,0,0,0,0,0,0,0,0,0,0,0,,,,5,,,,,,,,0,0,1,0,0,0,0,0,0,0,0,2,1,,AGZE3308NOF,,,,1,1,1,0,1,1,0,0,0,0,0,0,0,0,0,0,,1,,AHALO602NOF,,1,0,0,0,0,0,0,0,0,0,,0,,,,,,,,,0,,,,0,,,0,,,1,2,1,1668517395237.jpg,7899/22,0,,0,0,0,0,0,0,0,0,0,0,0,0,0,0,0,0,0,0,,,2,,,,,,,,,,,,,,,,,,,,,,,,,,,,0,7899_22,2022-11-11,,,2,,,,0,,0,1,0,0,0,0,0,0,0,0,0,,0,,,,,,,,,,,,,,,,,,,,,,,,,,,,,,,,,,,,,,,,,,,,,,,,,,0,,,0,0,0,0,0,0,0,0,0,0,0,0,0,0,0,0,0,,,,,,,,,,,,,,,,,,,,0,,,,,0,,,,,,,,,,,0,,,,,,,,,,,,,,,,,,,,,,,,,,,,,0,,,0,0,0,0,0,0,0,0,0,0,0,0,0,0,0,0,0,0,0,0,0,0,,,,,,,,,,,,,,,,,,,,,,,0,0,0,0,0,0,0,0,0,0,0,0,,,0,0,0,0,0,0,0,0,0,0,,,,,0,,0,0,0,0,0,0,0,0,0,0,0,0,0,0,0,0,0,0,0,0,0,0,0,0,0,0,0,0,0,0,0,0,0,0,0,0,0,0,0,0,0,0,0,0,0,0,0,0,0,0,0,0,0,0,0,0,0,0,0,0,0,0,0,0,0,0,0,0,0,0,0,0,0,0,0,0,0,0,0,0,0,0,0,0,0,0,0,0,0,0,0,0,0,0,0,0,0,0,,,0
27-151,hds,"2022-11-14 20:41",1,1,0,0,1,1,0,2,16,2,,30,1,,,,,,0,0,0,0,0,1,0,1,0,0,0,0,0,0,0,0,0,0,0,,,,30,,,,,30,,,,,,,2,,,,1,0,0,0,0,0,0,0,0,0,0,0,0,0,,,,,,,,1,,,,,,,,,,,,,,1,0,0,0,0,0,0,0,0,0,0,0,0,0,,0,0,0,0,,2,,,,,,0,0,0,0,0,0,0,0,0,0,0,0,0,0,,,0,0,,,,,0,,,1,0,,176,36,109,90,50,20,98,10.1,15,0,0,1,1,,3,0,0,1,2,0,"Network problem ",0,,0,0,0,0,0,0,0,0,0,0,0,0,0,0,0,0,0,0,0,0,0,0,0,0,0,0,0,0,0,0,0,0,0,0,0,0,0,0,0,0,0,0,0,0,0,0,0,0,0,0,0,0,0,0,0,0,,,0,0,0,0,0,0,0,0,0,0,0,0,0,0,2,2,,,2,2,3,2,3,2,2,2,3,2,2,2,2,2,0,,,,,,2,2,,3,1,0,0,0,0,0,0,0,0,0,0,0,0,0,0,0,0,0,0,0,0,0,1,1,0,0,1,0,0,0,0,1,1,0,0,0,0,0,0,0,,,,5,,,,,3,5,,0,0,1,0,0,0,0,0,0,0,0,2,1,,AHAL0609NOF,,ADKW0713H0F,,1,1,1,0,1,0,0,0,0,0,0,0,0,0,0,0,,1,,ADKW0714HOF,,1,0,0,0,0,0,0,0,0,0,,0,,,,,0,,,,0,,,,0,,,0,,,2,2,1,1668517126173.jpg,7988/22,0,,0,0,0,0,0,0,0,0,0,0,0,0,0,0,0,0,0,0,,,2,,,,,,,,,,,,,,,,,,,,,,,,,,,,0,7988_22,2022-11-15,,,2,,,,0,https://cloud.butterflynetwork.com/-/shared/Gt6qAK7PToaZ-AT8BaDzJw?region=US,0,0,0,0,0,0,0,0,0,0,0,,2,,,,,,,,,,,,,,,,,,,,,,,,,,,,,,,,,,,,,,,,,,,,,,,,,,0,,,0,0,0,0,0,0,0,0,0,0,0,0,0,0,0,0,0,,,,,,,,,,,,,,,,,,,,0,,,,,0,,,,,,,,,,,0,,,,,,,,,,,,,,,,,,,,,,,,,,,,,0,,,0,0,0,0,0,0,0,0,0,0,0,0,0,0,0,0,0,0,0,0,0,0,,,,,,,,,,,,,,,,,,,,,,,0,0,0,0,0,0,0,0,0,0,0,0,,,0,0,0,0,0,0,0,0,0,0,,,,,0,,0,0,0,0,0,0,0,0,0,0,0,0,0,0,0,0,0,0,0,0,0,0,0,0,0,0,0,0,0,0,0,0,0,0,0,0,0,0,0,0,0,0,0,0,0,0,0,0,0,0,0,0,0,0,0,0,0,0,0,0,0,0,0,0,0,0,0,0,0,0,0,0,0,0,0,0,0,0,0,0,0,0,0,0,0,0,0,0,0,0,0,0,0,0,0,0,0,0,,,0
27-152,hds,"2022-11-16 13:20",1,1,0,0,1,1,,2,16,2,,21,1,,,,,,0,0,1,0,0,1,0,0,1,0,0,0,0,0,0,0,0,0,0,,,,90,1,,,,,21,,,,,,2,,,,1,0,0,0,0,0,0,0,0,0,0,0,0,0,,,,,,,,2,,,,2017,2014,0,,0,,4,,3,5,1,0,0,0,0,0,0,0,0,0,0,0,0,0,,0,0,0,0,,2,533,2022-11-18,149000,2022-11-18,,0,0,0,0,0,0,0,0,0,0,0,0,0,0,,,0,0,,,,,0,,,1,2,55,169,37.0,125,97,56,24,98,6.7,15,1,0,1,2,19.257028815518,2,0,0,0,2,0,"Network Problem",0,,0,0,0,0,0,0,0,0,0,0,0,0,0,0,0,0,0,0,0,0,0,0,0,0,0,0,0,0,0,0,0,0,0,0,0,0,0,0,0,0,0,0,0,0,0,0,0,0,0,0,0,0,0,0,0,0,,,0,0,0,0,0,0,0,0,0,0,0,0,0,0,2,1,0,,,,,,,,,,,,,,,,0,,,,,,2,2,,3,0,0,0,0,0,0,0,0,0,0,0,0,0,0,0,0,0,0,0,0,0,0,1,1,1,0,0,0,0,0,0,0,0,0,0,0,0,0,0,0,,5,,,,,,,,,,0,1,1,0,0,0,0,0,0,0,0,2,1,,AHAL0253NOF,,"ADJY7360HOF/ AGZE3194NOF",,1,1,1,0,1,1,0,0,0,0,0,0,0,0,0,0,,1,,"AHAL0254NOF/ AGZE3191NOF/ AHAL1600NOF",,1,1,1,0,0,0,0,0,0,0,,0,,,,,0,,,,0,,,,0,,,0,,,0,2,1,1669122603665.jpg,8064/22,0,,0,0,0,0,0,0,0,0,0,0,0,0,0,0,0,0,0,0,,,2,,,,,,,,,,,,,,,,,,,,,,,,,,,,0,8064_22,2022-11-17,,,2,,,,0,https://cloud.butterflynetwork.com/-/shared/oVF7iOCaRI63SyzUc0PHDQ?region=US,0,0,0,0,0,0,0,0,0,0,0,,2,,,,,,,,,,,,,,,,,,,,,,,,,,,,,,,,,,,,,,,,,,,,,,,,,,0,,,0,0,0,0,0,0,0,0,0,0,0,0,0,0,0,0,0,,,,,,,,,,,,,,,,,,,,0,,,,,0,,,,,,,,,,,0,,,,,,,,,,,,,,,,,,,,,,,,,,,,,0,,,0,0,0,0,0,0,0,0,0,0,0,0,0,0,0,0,0,0,0,0,0,0,,,,,,,,,,,,,,,,,,,,,,,0,0,0,0,0,0,0,0,0,0,0,0,,,0,0,0,0,0,0,0,0,0,0,,,,,0,,0,0,0,0,0,0,0,0,0,0,0,0,0,0,0,0,0,0,0,0,0,0,0,0,0,0,0,0,0,0,0,0,0,0,0,0,0,0,0,0,0,0,0,0,0,0,0,0,0,0,0,0,0,0,0,0,0,0,0,0,0,0,0,0,0,0,0,0,0,0,0,0,0,0,0,0,0,0,0,0,0,0,0,0,0,0,0,0,0,0,0,0,0,0,0,0,0,0,,,0
27-153,hds,"2022-11-17 11:48",1,1,0,0,1,1,0,2,16,2,,1,1,,,,,,0,0,0,0,0,0,0,0,0,0,0,0,0,0,0,0,0,0,0,,,,,,,,,,,,,,,,2,,,,1,0,0,0,0,0,0,0,0,0,0,0,0,0,,,,,,,,1,,,,,,,,,,,,,,1,0,0,0,0,0,0,0,0,0,0,0,0,0,,0,0,0,0,,1,53,2022-11-17,,,2,0,0,0,0,0,0,0,0,0,0,0,0,0,0,,,0,1,2,2,2020,12,0,,,0,0,79,160,36.3,113,95,57,24,83,9,15,1,0,1,2,30.859375,1,0,0,0,2,0,Network,0,,0,0,0,0,0,0,0,0,0,0,0,0,0,0,0,0,0,0,0,0,0,0,0,0,0,0,0,0,0,0,0,0,0,0,0,0,0,0,0,0,0,0,0,0,0,0,0,0,0,0,0,0,0,0,0,0,,,0,0,0,0,0,0,0,0,0,0,0,0,0,0,2,2,0,,,,,,,,,,,,,,,,0,,,,,,2,2,,6,0,0,0,0,0,0,0,0,0,0,0,0,0,0,0,1,0,0,0,0,0,0,0,1,0,0,0,0,0,0,0,1,1,0,0,0,0,0,0,0,,,,,,,,,3,5,,0,0,1,0,0,0,0,0,0,0,0,2,1,,AHAL0632NOF,,,,1,1,1,0,1,0,0,0,0,0,0,0,0,0,0,0,,1,,AHAL0634NOF,,1,0,0,0,0,0,0,0,0,0,,0,,,,,1,,NICD,,0,,,,0,,,0,,,0,2,1,1669122522624.jpg,8078/22,1,0,0,0,0,0,0,0,0,0,0,0,0,0,0,0,0,0,0,0,,,2,,,,,,,,,,,,,,,,,,,,,,,,,,,,0,8078_22,2022-11-17,,,2,,,,0,https://cloud.butterflynetwork.com/-/shared/ML9yU03sSHOM_SpqCpXgNg?region=US,0,0,0,0,0,0,0,0,0,0,0,,2,,,,,,,,,,,,,,,,,,,,,,,,,,,,,,,,,,,,,,,,,,,,,,,,,,0,,,0,0,0,0,0,0,0,0,0,0,0,0,0,0,0,0,0,,,,,,,,,,,,,,,,,,,,0,,,,,0,,,,,,,,,,,0,,,,,,,,,,,,,,,,,,,,,,,,,,,,,0,,,0,0,0,0,0,0,0,0,0,0,0,0,0,0,0,0,0,0,0,0,0,0,,,,,,,,,,,,,,,,,,,,,,,0,0,0,0,0,0,0,0,0,0,0,0,,,0,0,0,0,0,0,0,0,0,0,,,,,0,,0,0,0,0,0,0,0,0,0,0,0,0,0,0,0,0,0,0,0,0,0,0,0,0,0,0,0,0,0,0,0,0,0,0,0,0,0,0,0,0,0,0,0,0,0,0,0,0,0,0,0,0,0,0,0,0,0,0,0,0,0,0,0,0,0,0,0,0,0,0,0,0,0,0,0,0,0,0,0,0,0,0,0,0,0,0,0,0,0,0,0,0,0,0,0,0,0,0,,,0
27-154,hds,"2022-11-30 08:58",1,1,0,0,1,1,0,2,16,3,,,,5,,,,,0,1,0,0,0,0,0,0,1,0,0,0,0,0,0,0,0,0,0,,30,1,,,,,,,30,,,,,,2,,,,1,0,0,0,0,0,0,0,0,0,0,0,0,0,,,,,,,,1,,,,,,,,,,,,,,4,0,0,0,0,0,0,0,0,0,0,0,0,0,,0,0,0,0,,0,,,,,,0,0,0,0,0,0,0,0,0,0,0,0,0,0,,,0,1,2,2,2022,8,0,,,0,0,60,171,36.1,107,125,84,20,97,6.8,15,0,0,0,0,20.519134092541,2,0,0,1,2,0,"Network problem ",0,,0,0,0,0,0,0,0,0,0,0,0,0,0,0,0,0,0,0,0,0,0,0,0,0,0,0,0,0,0,0,0,0,0,0,0,0,0,0,0,0,0,0,0,0,0,0,0,0,0,0,0,0,0,0,0,0,,,0,0,0,0,0,0,0,0,0,0,0,0,0,0,2,2,0,,,,,,,,,,,,,,,,0,,,,,,2,1,,6,0,0,0,0,0,0,0,0,0,0,0,0,0,0,0,0,0,0,0,0,0,0,0,1,0,0,1,0,0,0,0,0,0,0,0,0,0,0,0,0,,,,5,,,,,,,,0,0,1,0,0,0,0,0,0,0,0,2,1,,AHAL0025NOF,,,,1,1,1,0,0,0,0,0,0,0,0,0,0,0,0,0,,1,,AHAL1856NOF,,1,0,0,0,0,0,0,0,0,0,,1,,,,,1,,AHAL1689NOF,,0,,,,0,,,0,,,2,2,1,1670243314100.jpg,8461/22,0,,0,0,0,0,0,0,0,0,0,0,0,0,0,0,0,0,0,0,,,2,,,,,,,,,,,,,,,,,,,,,,,,,,,,0,8461_22,2022-11-30,,,2,,,,0,https://cloud.butterflynetwork.com/-/shared/1js0kRHaSISMV8HaGusWNQ?region=US,0,0,0,0,0,0,0,0,0,0,0,,2,,,,,,,,,,,,,,,,,,,,,,,,,,,,,,,,,,,,,,,,,,,,,,,,,,0,,,0,0,0,0,0,0,0,0,0,0,0,0,0,0,0,0,0,,,,,,,,,,,,,,,,,,,,0,,,,,0,,,,,,,,,,,0,,,,,,,,,,,,,,,,,,,,,,,,,,,,,0,,,0,0,0,0,0,0,0,0,0,0,0,0,0,0,0,0,0,0,0,0,0,0,,,,,,,,,,,,,,,,,,,,,,,0,0,0,0,0,0,0,0,0,0,0,0,,,0,0,0,0,0,0,0,0,0,0,,,,,0,,0,0,0,0,0,0,0,0,0,0,0,0,0,0,0,0,0,0,0,0,0,0,0,0,0,0,0,0,0,0,0,0,0,0,0,0,0,0,0,0,0,0,0,0,0,0,0,0,0,0,0,0,0,0,0,0,0,0,0,0,0,0,0,0,0,0,0,0,0,0,0,0,0,0,0,0,0,0,0,0,0,0,0,0,0,0,0,0,0,0,0,0,0,0,0,0,0,0,,,0
27-155,hds,"2022-12-01 11:55",1,1,0,0,1,1,0,2,16,2,,10,1,,,,,,0,0,0,1,0,0,0,0,0,0,0,0,0,0,0,0,0,0,0,,,,,,10,,,,,,,,,,2,,,,1,0,0,0,0,0,0,0,0,0,0,0,0,0,,,,,,,,1,,,,,,,,,,,,,,1,0,0,0,0,0,0,0,0,0,0,0,0,0,,0,1,0,0,,0,,,,,,0,0,0,0,0,0,0,0,0,0,0,0,0,0,,,0,0,,,,,0,,,0,0,66,170,36.1,116,118,71,20,90,5.1,15,0,0,0,0,22.837370242215,1,0,0,0,2,1,,0,,0,0,0,0,0,0,0,0,0,0,0,0,0,0,0,0,0,0,0,0,0,0,0,0,0,0,0,0,0,0,0,0,0,0,0,0,0,0,0,0,0,0,0,0,0,0,0,0,0,0,0,0,0,0,0,0,,,0,0,0,0,0,0,0,0,0,0,0,0,0,0,2,2,0,,,,,,,,,,,,,,,,1,1,,2,,,2,2,,3,0,0,0,0,0,0,0,0,0,0,0,0,0,0,0,0,0,0,0,0,0,0,1,1,0,0,1,0,0,1,0,0,0,0,0,0,0,0,0,0,,,,5,,,5,,,,,0,0,1,0,0,0,0,0,0,0,0,2,1,,AGZE2749NOF,,,,1,0,1,0,0,0,0,0,0,0,0,0,0,0,0,0,,1,,AHAL0668NOF,,1,0,0,0,0,0,0,0,0,0,,0,,,,,0,,,,0,,,,0,,,0,,,2,2,1,1669973834363.jpg,8429/22,0,,0,0,0,0,0,0,0,0,0,0,0,0,0,0,0,0,0,0,,,2,,,,,,,,,,,,,,,,,,,,,,,,,,,,0,8429_22,2022-11-29,,,2,,,,0,https://cloud.butterflynetwork.com/-/shared/NTdnEAALQyGfZrSUUtpeUw?region=US,0,0,0,0,0,0,0,0,0,0,0,,2,,,,,,,,,,,,,,,,,,,,,,,,,,,,,,,,,,,,,,,,,,,,,,,,,,0,,,0,0,0,0,0,0,0,0,0,0,0,0,0,0,0,0,0,,,,,,,,,,,,,,,,,,,,0,,,,,0,,,,,,,,,,,0,,,,,,,,,,,,,,,,,,,,,,,,,,,,,0,,,0,0,0,0,0,0,0,0,0,0,0,0,0,0,0,0,0,0,0,0,0,0,,,,,,,,,,,,,,,,,,,,,,,0,0,0,0,0,0,0,0,0,0,0,0,,,0,0,0,0,0,0,0,0,0,0,,,,,0,,0,0,0,0,0,0,0,0,0,0,0,0,0,0,0,0,0,0,0,0,0,0,0,0,0,0,0,0,0,0,0,0,0,0,0,0,0,0,0,0,0,0,0,0,0,0,0,0,0,0,0,0,0,0,0,0,0,0,0,0,0,0,0,0,0,0,0,0,0,0,0,0,0,0,0,0,0,0,0,0,0,0,0,0,0,0,0,0,0,0,0,0,0,0,0,0,0,0,,,0
27-156,hds,"2022-11-30 11:26",1,1,0,0,1,1,0,2,16,2,,60,1,,,,,,0,0,0,0,0,1,1,0,0,0,0,0,0,0,0,0,0,0,0,,,,30,,,,30,,,,,,,,2,,,,1,0,0,0,0,0,0,0,0,0,0,0,0,0,,,,,,,,2,,,,,,0,,0,,3,5,,,1,0,0,0,0,0,0,0,0,0,0,0,0,0,,0,0,0,0,,1,,,,,2,0,0,0,0,0,0,0,0,0,0,0,0,0,0,,,0,1,1,1,2020,12,0,,,0,0,70,175,36.1,175,134,60,18,96,6.9,15,0,0,0,0,22.857142857143,1,0,0,0,2,0,"Patient refused ",0,,0,0,0,0,0,0,0,0,0,0,0,0,0,0,0,0,0,0,0,0,0,0,0,0,0,0,0,0,0,0,0,0,0,0,0,0,0,0,0,0,0,0,0,0,0,0,0,0,0,0,0,0,0,0,0,0,,,0,0,0,0,0,0,0,0,0,0,0,0,0,0,2,2,0,,,,,,,,,,,,,,,,0,,,,,,2,1,,6,0,0,0,0,0,0,0,0,0,0,0,0,0,0,0,0,0,0,0,0,0,0,0,1,0,0,1,0,0,0,0,1,0,0,0,0,0,0,0,0,,,,5,,,,,3,,,0,0,1,0,0,0,0,0,0,0,0,2,1,,AHAH3352NOF,,,,1,1,1,0,0,0,0,0,0,0,0,0,0,0,0,0,,1,,AHAL1853NOF,,0,1,0,0,0,0,0,0,0,0,,0,,,,,1,,AHAL1688NOF,,0,,,,0,,,0,,,0,2,0,,,,,0,0,0,0,0,0,0,0,0,0,0,0,0,0,0,0,0,1,7211/22,,2,,,,,,,,,,,,,,,,,,,,,,,,,,,,0,,,7211_22,,2,,,,0,https://cloud.butterflynetwork.com/-/shared/t-rhTQ08QS-NZT80evG8oQ?region=US,0,0,0,0,0,0,0,0,0,0,0,,2,,,,,,,,,,,,,,,,,,,,,,,,,,,,,,,,,,,,,,,,,,,,,,,,,,0,,,0,0,0,0,0,0,0,0,0,0,0,0,0,0,0,0,0,,,,,,,,,,,,,,,,,,,,0,,,,,0,,,,,,,,,,,0,,,,,,,,,,,,,,,,,,,,,,,,,,,,,0,,,0,0,0,0,0,0,0,0,0,0,0,0,0,0,0,0,0,0,0,0,0,0,,,,,,,,,,,,,,,,,,,,,,,0,0,0,0,0,0,0,0,0,0,0,0,,,0,0,0,0,0,0,0,0,0,0,,,,,0,,0,0,0,0,0,0,0,0,0,0,0,0,0,0,0,0,0,0,0,0,0,0,0,0,0,0,0,0,0,0,0,0,0,0,0,0,0,0,0,0,0,0,0,0,0,0,0,0,0,0,0,0,0,0,0,0,0,0,0,0,0,0,0,0,0,0,0,0,0,0,0,0,0,0,0,0,0,0,0,0,0,0,0,0,0,0,0,0,0,0,0,0,0,0,0,0,0,0,,,0
27-157,hds,"2022-12-04 09:01",1,1,0,0,1,1,0,2,16,2,,10,1,,,,,,0,0,0,0,0,0,0,1,1,0,0,0,0,0,0,0,0,0,0,,,,,,,,,20,10,,,,,,2,,,,1,0,0,0,0,0,0,0,0,0,0,0,0,0,,,,,,,,2,,,,2016,,0,,0,,3,5,,,1,0,0,0,0,0,0,0,0,0,0,0,0,0,,1,0,0,0,,1,,,,,2,0,0,0,0,0,0,0,0,0,0,0,0,0,0,,,0,0,,,,,0,,,0,0,55,165,36.1,102,86,48,24,89,19.2,15,1,0,1,2,20.20202020202,2,0,0,1,2,0,"No network ",0,,0,0,0,0,0,0,0,0,0,0,0,0,0,0,0,0,0,0,0,0,0,0,0,0,0,0,0,0,0,0,0,0,0,0,0,0,0,0,0,0,0,0,0,0,0,0,0,0,0,0,0,0,0,0,0,0,,,0,0,0,0,0,0,0,0,0,0,0,0,0,0,2,2,,,,,,,,,,,,,,,,,0,,,,,,2,2,,3,0,0,0,0,0,0,0,0,0,0,0,0,0,0,0,0,0,0,0,0,0,0,0,1,0,0,0,0,0,0,0,0,1,0,0,0,0,0,0,0,,,,,,,,,,5,,0,0,1,0,0,0,0,0,0,0,0,2,1,,AHAL0958NOF,,,,1,1,1,0,0,0,0,0,0,0,0,0,0,0,0,0,,1,,AGZE2275NOF,,1,0,0,0,0,0,0,0,0,0,,0,,,,,1,,NICD,,0,,,,0,,,0,,,2,2,1,1670506417808.jpg,8629/22,0,,0,0,0,0,0,0,0,0,0,0,0,0,0,0,0,0,0,0,,,2,,,,,,,,,,,,,,,,,,,,,,,,,,,,0,8629_22,2022-12-06,,,2,,,,0,https://cloud.butterflynetwork.com/-/shared/yxdvvxi8QViluh_Cebzahw?region=US,0,0,0,0,0,0,0,0,0,0,0,,2,,,,,,,,,,,,,,,,,,,,,,,,,,,,,,,,,,,,,,,,,,,,,,,,,,0,,,0,0,0,0,0,0,0,0,0,0,0,0,0,0,0,0,0,,,,,,,,,,,,,,,,,,,,0,,,,,0,,,,,,,,,,,0,,,,,,,,,,,,,,,,,,,,,,,,,,,,,0,,,0,0,0,0,0,0,0,0,0,0,0,0,0,0,0,0,0,0,0,0,0,0,,,,,,,,,,,,,,,,,,,,,,,0,0,0,0,0,0,0,0,0,0,0,0,,,0,0,0,0,0,0,0,0,0,0,,,,,0,,0,0,0,0,0,0,0,0,0,0,0,0,0,0,0,0,0,0,0,0,0,0,0,0,0,0,0,0,0,0,0,0,0,0,0,0,0,0,0,0,0,0,0,0,0,0,0,0,0,0,0,0,0,0,0,0,0,0,0,0,0,0,0,0,0,0,0,0,0,0,0,0,0,0,0,0,0,0,0,0,0,0,0,0,0,0,0,0,0,0,0,0,0,0,0,0,0,0,,,0
27-158,hds,"2022-12-05 15:09",1,1,0,0,1,1,0,2,16,2,,15,1,,,,,,0,0,0,0,0,0,1,0,0,0,0,0,0,0,0,0,0,0,0,,,,,,,,10,,,,,,,,2,,,,1,0,0,0,0,0,0,0,0,0,0,0,0,0,,,,,,,,1,,,,,,,,,,,,,,1,0,0,0,0,0,0,0,0,0,0,0,0,0,,0,0,0,0,,0,,,,,,0,0,0,0,0,0,0,0,0,0,0,0,0,0,,,0,0,,,,,0,,,0,0,43,167,36.1,96,97,55,18,96,5.6,15,0,0,1,1,15.418265265875,2,0,0,1,2,1,,0,,0,0,0,0,0,0,0,0,0,0,0,0,0,0,0,0,0,0,0,0,0,0,0,0,0,0,0,0,0,0,0,0,0,0,0,0,0,0,0,0,0,0,0,0,0,0,0,0,0,0,0,0,0,0,0,0,,,0,0,0,0,0,0,0,0,0,0,0,0,0,0,2,2,0,,,,,,,,,,,,,,,,0,,,,,,2,2,,3,0,0,0,0,0,0,0,0,0,0,0,0,0,0,0,0,0,0,0,0,0,0,1,1,0,0,1,1,0,0,0,0,0,0,0,0,0,0,0,0,,,,5,5,,,,,,,0,0,0,0,0,0,0,0,0,0,0,2,1,,AGOE7620NOF,,ADJY7365HOF,1670418374305.jpg,1,1,1,0,1,1,0,1,0,0,0,0,0,0,0,0,,1,,"ALFRF0153P and AGOE7622NOF",1670418061136.jpg,1,1,0,0,0,0,0,0,0,0,,0,,,,,1,,NICD,,0,,,,0,,,0,,,2,2,1,1670506261649.jpg,8617/22,0,,0,0,0,0,0,0,0,0,0,0,0,0,0,0,0,0,0,0,,,2,,,,,,,,,,,,,,,,,,,,,,,,,,,,0,8617_22,2022-12-06,,,2,27-158_Lu_HDS_ca_E,27-158_Lu_HDS_ca_E.zip,1,2,,0,1,0,0,0,0,0,0,0,0,0,,0,,,,,,,,,,,,,,,,,,,,,,,,,,,,,,,,,,,,,,,,,,,,,,,,,,0,,,0,0,0,0,0,0,0,0,0,0,0,0,0,0,0,0,0,,,,,,,,,,,,,,,,,,,,0,,,,,0,,,,,,,,,,,0,,,,,,,,,,,,,,,,,,,,,,,,,,,,,0,,,0,0,0,0,0,0,0,0,0,0,0,0,0,0,0,0,0,0,0,0,0,0,,,,,,,,,,,,,,,,,,,,,,,0,0,0,0,0,0,0,0,0,0,0,0,,,0,0,0,0,0,0,0,0,0,0,,,,,0,,0,0,0,0,0,0,0,0,0,0,0,0,0,0,0,0,0,0,0,0,0,0,0,0,0,0,0,0,0,0,0,0,0,0,0,0,0,0,0,0,0,0,0,0,0,0,0,0,0,0,0,0,0,0,0,0,0,0,0,0,0,0,0,0,0,0,0,0,0,0,0,0,0,0,0,0,0,0,0,0,0,0,0,0,0,0,0,0,0,0,0,0,0,0,0,0,0,0,,,0
27-159,hds,"2022-12-05 13:11",1,1,0,0,2,1,0,2,16,2,,190,1,,,,,,0,0,0,0,0,1,1,1,0,0,0,0,0,0,0,0,0,0,0,,,,30,,,,30,10,,,,,,,2,,,,1,0,0,0,0,0,0,0,0,0,0,0,0,0,,,,,,,,1,,,,,,,,,,,,,,1,0,0,0,0,0,0,0,0,0,0,0,0,0,,0,0,0,0,,1,,,,,2,0,0,0,0,0,0,0,0,0,0,0,0,0,0,,,0,0,,,,,0,,,0,0,52,160,,61,120,60,18,98,7.5,15,0,0,0,0,20.3125,2,0,0,1,2,0,"Patient  refused ",0,,0,0,0,0,0,0,0,0,0,0,0,0,0,0,0,0,0,0,0,0,0,0,0,0,0,0,0,0,0,0,0,0,0,0,0,0,0,0,0,0,0,0,0,0,0,0,0,0,0,0,0,0,0,0,0,0,,,0,0,0,0,0,0,0,0,0,0,0,0,0,0,2,2,0,,,,,,,,,,,,,,,,0,,,,,,2,2,,1,0,0,0,0,0,0,0,0,0,0,0,0,0,0,0,0,0,0,0,0,0,0,1,1,0,0,1,1,0,0,0,0,0,0,0,0,0,0,0,0,,,,5,5,,,,,,,0,0,1,0,0,0,0,0,0,0,0,2,1,,AGOE7620NOF,,,,1,0,1,0,0,0,0,0,0,0,0,0,0,0,0,0,,1,,AGOE7622NOF,,1,0,0,0,0,0,0,0,0,0,,0,,,,,1,,NICD,,0,,,,0,,,0,,,2,2,1,1670505981408.jpg,8601/22,0,,0,0,0,0,0,0,0,0,0,0,0,0,0,0,0,0,0,0,,,2,,,,,,,,,,,,,,,,,,,,,,,,,,,,0,8601_22,2022-12-05,,,2,,,,0,https://cloud.butterflynetwork.com/-/shared/efjMFI2cRLOdZ5ReZDbgaA?region=US,0,0,0,0,0,0,0,0,0,0,0,,2,,,,,,,,,,,,,,,,,,,,,,,,,,,,,,,,,,,,,,,,,,,,,,,,,,0,,,0,0,0,0,0,0,0,0,0,0,0,0,0,0,0,0,0,,,,,,,,,,,,,,,,,,,,0,,,,,0,,,,,,,,,,,0,,,,,,,,,,,,,,,,,,,,,,,,,,,,,0,,,0,0,0,0,0,0,0,0,0,0,0,0,0,0,0,0,0,0,0,0,0,0,,,,,,,,,,,,,,,,,,,,,,,0,0,0,0,0,0,0,0,0,0,0,0,,,0,0,0,0,0,0,0,0,0,0,,,,,0,,0,0,0,0,0,0,0,0,0,0,0,0,0,0,0,0,0,0,0,0,0,0,0,0,0,0,0,0,0,0,0,0,0,0,0,0,0,0,0,0,0,0,0,0,0,0,0,0,0,0,0,0,0,0,0,0,0,0,0,0,0,0,0,0,0,0,0,0,0,0,0,0,0,0,0,0,0,0,0,0,0,0,0,0,0,0,0,0,0,0,0,0,0,0,0,0,0,0,,,0
27-160,hds,"2022-12-08 15:34",1,1,0,0,1,0,0,2,16,2,,20,1,,,,,,0,0,1,0,0,0,0,1,0,0,0,0,0,0,0,0,0,0,0,,,,,3,,,,7,,,,,,,2,,,,1,0,0,0,0,0,0,0,0,0,0,0,0,0,,,,,,,,2,,,,2008,,0,,0,,3,5,,,1,0,0,0,0,0,0,0,0,0,0,0,0,0,,0,0,0,0,,1,187,2022-12-08,,,2,0,0,0,0,0,0,0,0,0,0,0,0,0,0,,,0,1,1,1,2021,10,0,,,0,0,56,157,36.1,140,91,52,20,97,5.1,15,0,0,1,1,22.718974400584,3,0,0,1,2,0,"No network ",0,,0,0,0,0,0,0,0,0,0,0,0,0,0,0,0,0,0,0,0,0,0,0,0,0,0,0,0,0,0,0,0,0,0,0,0,0,0,0,0,0,0,0,0,0,0,0,0,0,0,0,0,0,0,0,0,0,,,0,0,0,0,0,0,0,0,0,0,0,0,0,0,2,2,0,,,,,,,,,,,,,,,,0,,,,,,2,2,,3,0,0,0,0,0,0,0,0,0,0,0,0,0,0,0,0,0,0,0,0,0,0,0,1,0,0,1,0,0,0,0,0,1,0,0,0,0,0,0,0,,,,5,,,,,,5,,0,0,1,0,0,0,0,0,0,0,0,2,1,,AHAL0865NOF,,,,1,1,1,0,0,1,1,0,0,0,0,0,0,0,0,0,,1,,AHAL1979NOF,,1,0,0,0,0,0,0,0,0,0,,1,0,,,,0,,,,0,,,,0,,,0,,,0,2,1,1670506700824.jpg,8610/22,0,,0,0,0,0,0,0,0,0,0,0,0,0,0,0,0,0,0,0,,,2,,,,,,,,,,,,,,,,,,,,,,,,,,,,0,8610_22,2022-12-06,,,2,,,,0,,1,1,0,0,0,0,0,0,0,0,0,,0,,,,,,,,,,,,,,,,,,,,,,,,,,,,,,,,,,,,,,,,,,,,,,,,,,0,,,0,0,0,0,0,0,0,0,0,0,0,0,0,0,0,0,0,,,,,,,,,,,,,,,,,,,,0,,,,,0,,,,,,,,,,,0,,,,,,,,,,,,,,,,,,,,,,,,,,,,,0,,,0,0,0,0,0,0,0,0,0,0,0,0,0,0,0,0,0,0,0,0,0,0,,,,,,,,,,,,,,,,,,,,,,,0,0,0,0,0,0,0,0,0,0,0,0,,,0,0,0,0,0,0,0,0,0,0,,,,,0,,0,0,0,0,0,0,0,0,0,0,0,0,0,0,0,0,0,0,0,0,0,0,0,0,0,0,0,0,0,0,0,0,0,0,0,0,0,0,0,0,0,0,0,0,0,0,0,0,0,0,0,0,0,0,0,0,0,0,0,0,0,0,0,0,0,0,0,0,0,0,0,0,0,0,0,0,0,0,0,0,0,0,0,0,0,0,0,0,0,0,0,0,0,0,0,0,0,0,,,0
27-161,hds,"2022-12-09 06:49",1,1,0,0,1,1,0,2,16,2,,122,1,,,,,,0,0,1,1,0,0,0,0,0,0,0,0,0,0,0,0,0,0,0,,,,,3,3,,,,,,,,,,2,,,,1,0,0,0,0,0,0,0,0,0,0,0,0,0,,,,,,,,1,,,,,,,,,,,,,,1,0,0,0,0,0,0,0,0,0,0,0,0,0,,1,1,0,0,,0,,,,,,0,0,0,0,0,0,0,0,0,0,0,0,0,0,,,0,1,1,1,2020,6,0,,,0,0,85,155,34.3,62,177,112,20,86,10.1,15,0,0,0,0,35.379812695109,2,0,0,0,2,0,"Network ",0,,0,0,0,0,0,0,0,0,0,0,0,0,0,0,0,0,0,0,0,0,0,0,0,0,0,0,0,0,0,0,0,0,0,0,0,0,0,0,0,0,0,0,0,0,0,0,0,0,0,0,0,0,0,0,0,0,,,0,0,0,0,0,0,0,0,0,0,0,0,0,0,2,2,,,,,,,,,,,,,,,,,1,3,1,1,1,1,2,2,,3,0,0,0,1,0,0,0,0,0,0,0,0,0,0,0,0,0,0,0,0,0,0,0,1,0,0,1,0,1,0,0,0,0,0,0,0,0,0,0,0,,,,5,,5,,,,,,0,1,1,0,0,0,0,0,0,0,0,2,1,,AHAL1148NOF,,,,1,1,1,0,0,0,0,0,0,0,0,0,0,0,0,0,,1,,AGE3607NOF,,1,0,0,0,0,0,0,0,0,0,,0,,,,,1,,NICD,,0,,,,0,,,0,,,2,2,1,1670583488814.jpg,8721/22,0,,0,0,0,0,0,0,0,0,0,0,0,0,0,0,0,0,0,0,,,2,,,,,,,,,,,,,,,,,,,,,,,,,,,,0,8721_22,2022-12-09,,,2,,,,0,https://cloud.butterflynetwork.com/-/shared/osoWnxfPT0GSsEbZcp1ofw?region=US,0,0,0,0,0,0,0,0,0,0,0,,2,,,,,,,,,,,,,,,,,,,,,,,,,,,,,,,,,,,,,,,,,,,,,,,,,,0,,,0,0,0,0,0,0,0,0,0,0,0,0,0,0,0,0,0,,,,,,,,,,,,,,,,,,,,0,,,,,0,,,,,,,,,,,0,,,,,,,,,,,,,,,,,,,,,,,,,,,,,0,,,0,0,0,0,0,0,0,0,0,0,0,0,0,0,0,0,0,0,0,0,0,0,,,,,,,,,,,,,,,,,,,,,,,0,0,0,0,0,0,0,0,0,0,0,0,,,0,0,0,0,0,0,0,0,0,0,,,,,0,,0,0,0,0,0,0,0,0,0,0,0,0,0,0,0,0,0,0,0,0,0,0,0,0,0,0,0,0,0,0,0,0,0,0,0,0,0,0,0,0,0,0,0,0,0,0,0,0,0,0,0,0,0,0,0,0,0,0,0,0,0,0,0,0,0,0,0,0,0,0,0,0,0,0,0,0,0,0,0,0,0,0,0,0,0,0,0,0,0,0,0,0,0,0,0,0,0,0,,,0
27-162,hds,"2022-12-11 21:43",1,1,0,0,1,1,,2,16,5,,,,,,1,,,0,1,0,1,0,0,0,1,0,0,0,0,0,0,0,0,0,0,0,,1,1,,,1,,,1,,,,,,,2,,,,1,0,0,0,0,0,0,0,0,0,0,0,0,0,,,,,,,,2,,,,2020,,0,,0,,3,4,,,3,0,0,0,0,0,0,0,0,0,0,0,0,0,,0,0,0,0,,1,,,,,2,0,0,0,0,0,0,0,0,0,0,0,0,0,0,,,,1,1,1,2021,12,0,,,0,2,60,179,36.2,91,147,92,18,95,,15,0,0,0,0,18.726007303143,1,0,0,0,2,1,,0,,0,0,0,0,0,0,0,0,0,0,0,0,0,0,0,0,0,0,0,0,0,0,0,0,0,0,0,0,0,0,0,0,0,0,0,0,0,0,0,0,0,0,0,0,0,0,0,0,0,0,0,0,0,0,0,0,,,0,0,0,0,0,0,0,0,0,0,0,0,0,0,2,1,0,,,,,,,,,,,,,,,,0,,,,,,2,2,,3,0,0,0,0,0,0,0,0,0,0,0,0,0,0,0,0,0,0,0,0,0,0,1,1,0,0,1,0,0,0,0,0,0,0,0,0,0,0,0,0,,,,5,,,,,,,,0,0,1,0,0,0,0,0,0,0,0,2,1,,AHAM9474NOF,,,,1,1,1,0,0,0,0,0,0,0,0,0,0,0,0,0,,1,AHAL1383NOF,,,1,0,0,0,0,0,0,0,0,0,,0,,,,,1,,NICD,,0,,,,0,,,0,,,2,2,1,1670840144310.jpg,8756/22,0,,0,0,0,0,0,0,0,0,0,0,0,0,0,0,0,0,0,0,,,2,,,,,,,,,,,,,,,,,,,,,,,,,,,,0,8756_22,2022-12-12,,,2,27-162_Lu_HDS_ca_E,27-162_Lu_HDS_ca_E.zip,1,2,https://cloud.butterflynetwork.com/-/shared/aZn6JqsISWC7rtKPeL1vuA?region=US,0,0,0,0,0,0,0,0,0,0,0,,2,,,,,,,,,,,,,,,,,,,,,,,,,,,,,,,,,,,,,,,,,,,,,,,,,,0,,,0,0,0,0,0,0,0,0,0,0,0,0,0,0,0,0,0,,,,,,,,,,,,,,,,,,,,0,,,,,0,,,,,,,,,,,0,,,,,,,,,,,,,,,,,,,,,,,,,,,,,0,,,0,0,0,0,0,0,0,0,0,0,0,0,0,0,0,0,0,0,0,0,0,0,,,,,,,,,,,,,,,,,,,,,,,0,0,0,0,0,0,0,0,0,0,0,0,,,0,0,0,0,0,0,0,0,0,0,,,,,0,,0,0,0,0,0,0,0,0,0,0,0,0,0,0,0,0,0,0,0,0,0,0,0,0,0,0,0,0,0,0,0,0,0,0,0,0,0,0,0,0,0,0,0,0,0,0,0,0,0,0,0,0,0,0,0,0,0,0,0,0,0,0,0,0,0,0,0,0,0,0,0,0,0,0,0,0,0,0,0,0,0,0,0,0,0,0,0,0,0,0,0,0,0,0,0,0,0,0,,,0
27-163,hds,"2022-12-11 23:09",1,1,0,0,1,1,,2,16,3,,,,1,,,,,0,1,0,0,0,1,1,0,1,0,0,0,0,0,0,0,0,0,0,,14,1,60,,,,14,,14,,,,,,2,,,,1,0,0,0,0,0,0,0,0,0,0,0,0,0,,,,,,,,2,,,,2015,1997,0,,0,,3,5,,,3,0,0,0,0,0,0,0,0,0,0,0,0,0,,0,0,0,0,,1,,,,,2,0,0,0,0,0,0,0,0,0,0,0,0,0,0,,,0,1,1,1,2020,12,0,,,0,2,62,168,36.2,82,97,52,24,90,,15,1,0,1,2,21.967120181406,2,0,0,0,2,1,,0,,0,0,0,0,0,0,0,0,0,0,0,0,0,0,0,0,0,0,0,0,0,0,0,0,0,0,0,0,0,0,0,0,0,0,0,0,0,0,0,0,0,0,0,0,0,0,0,0,0,0,0,0,0,0,0,0,,,0,0,0,0,0,0,0,0,0,0,0,0,0,0,2,1,0,,4,4,4,4,1,1,1,1,4,2,1,2,4,1,0,,,,,,2,2,,3,0,0,0,0,0,0,0,0,0,0,0,0,0,0,1,0,0,0,0,0,0,0,0,1,0,0,1,0,0,0,0,1,0,0,0,0,0,0,0,0,,,,5,,,,,3,,,0,1,0,0,1,0,0,0,0,0,0,2,1,,AHAM9470NOF,,,,1,1,1,0,0,0,0,0,0,0,0,0,0,0,0,0,,1,AHAL1390NOF,,,1,0,0,0,0,0,0,0,0,0,,0,,,,,1,AHAL1141NOF,,,0,,,,0,,,0,,,2,2,1,1670937262700.jpg,8767/22,0,,0,0,0,0,0,0,0,0,0,0,0,0,0,0,0,0,0,0,,,2,,,,,,,,,,,,,,,,,,,,,,,,,,,,0,8767_22,2022-12-12,,,2,27-163_Lu_HDS_ca_E,27-163_Lu_HDS_ca_E.zip,1,2,https://cloud.butterflynetwork.com/-/shared/a0MRzqg8SPGPsVmaapP6BQ?region=US,0,0,0,0,0,0,0,0,0,0,0,,2,,,,,,,,,,,,,,,,,,,,,,,,,,,,,,,,,,,,,,,,,,,,,,,,,,0,,,0,0,0,0,0,0,0,0,0,0,0,0,0,0,0,0,0,,,,,,,,,,,,,,,,,,,,0,,,,,0,,,,,,,,,,,0,,,,,,,,,,,,,,,,,,,,,,,,,,,,,0,,,0,0,0,0,0,0,0,0,0,0,0,0,0,0,0,0,0,0,0,0,0,0,,,,,,,,,,,,,,,,,,,,,,,0,0,0,0,0,0,0,0,0,0,0,0,,,0,0,0,0,0,0,0,0,0,0,,,,,0,,0,0,0,0,0,0,0,0,0,0,0,0,0,0,0,0,0,0,0,0,0,0,0,0,0,0,0,0,0,0,0,0,0,0,0,0,0,0,0,0,0,0,0,0,0,0,0,0,0,0,0,0,0,0,0,0,0,0,0,0,0,0,0,0,0,0,0,0,0,0,0,0,0,0,0,0,0,0,0,0,0,0,0,0,0,0,0,0,0,0,0,0,0,0,0,0,0,0,,,0
27-164,hds,"2022-12-13 20:25",1,1,0,0,1,1,,2,16,3,,,,1,,,,,0,1,0,1,0,0,1,1,0,0,0,0,0,0,0,0,0,0,0,,14,1,,,5,,14,1,,,,,,,2,,,,1,0,0,0,0,0,0,0,0,0,0,0,0,0,,,,,,,,1,,,,,,,,,,,,,,1,0,0,0,0,0,0,0,0,0,0,0,0,0,,0,0,0,0,,1,,,,,2,0,0,0,0,0,0,0,0,0,0,0,0,0,0,,,0,0,,,,,0,,,0,2,49,166,36.1,56,84,51,22,84,4.8,15,1,0,1,2,17.781971258528,2,0,0,1,2,1,,0,,0,0,0,0,0,0,0,0,0,0,0,0,0,0,0,0,0,0,0,0,0,0,0,0,0,0,0,0,0,0,0,0,0,0,0,0,0,0,0,0,0,0,0,0,0,0,0,0,0,0,0,0,0,0,0,0,,,0,0,0,0,0,0,0,0,0,0,0,0,0,0,2,1,0,,4,4,4,1,4,4,4,1,4,4,1,1,4,4,0,,,,,,2,2,,6,0,0,1,0,0,0,0,0,0,0,0,0,0,0,0,0,0,0,0,0,0,0,0,1,0,0,0,0,1,0,0,0,1,0,0,0,0,0,0,0,,,,,,5,,,,5,,0,1,0,0,1,0,0,0,0,0,0,2,1,AHAM9446NOF,,,,,1,1,1,0,0,1,0,0,0,0,0,0,0,0,0,0,,1,AHAM9447NOF,NICD,,1,0,0,0,0,0,0,0,0,0,,0,,,,,1,,NICD,,0,,,,0,,,0,,,2,2,1,1671099149561.jpg,8852/22,0,,0,0,0,0,0,0,0,0,0,0,0,0,0,0,0,0,0,0,,,2,,,,,,,,,,,,,,,,,,,,,,,,,,,,0,8852_22,2022-12-15,,,2,,,,0,https://cloud.butterflynetwork.com/-/shared/ZFn70PJwScmu_TvG0iEvqg?region=US,0,0,0,0,0,0,0,0,0,0,0,,2,,,,,,,,,,,,,,,,,,,,,,,,,,,,,,,,,,,,,,,,,,,,,,,,,,0,,,0,0,0,0,0,0,0,0,0,0,0,0,0,0,0,0,0,,,,,,,,,,,,,,,,,,,,0,,,,,0,,,,,,,,,,,0,,,,,,,,,,,,,,,,,,,,,,,,,,,,,0,,,0,0,0,0,0,0,0,0,0,0,0,0,0,0,0,0,0,0,0,0,0,0,,,,,,,,,,,,,,,,,,,,,,,0,0,0,0,0,0,0,0,0,0,0,0,,,0,0,0,0,0,0,0,0,0,0,,,,,0,,0,0,0,0,0,0,0,0,0,0,0,0,0,0,0,0,0,0,0,0,0,0,0,0,0,0,0,0,0,0,0,0,0,0,0,0,0,0,0,0,0,0,0,0,0,0,0,0,0,0,0,0,0,0,0,0,0,0,0,0,0,0,0,0,0,0,0,0,0,0,0,0,0,0,0,0,0,0,0,0,0,0,0,0,0,0,0,0,0,0,0,0,0,0,0,0,0,0,,,0
27-165,hds,"2022-12-17 02:23",1,1,0,0,1,1,,2,16,2,,14,1,,,,,,0,0,1,1,0,0,1,0,1,0,0,0,0,0,0,0,0,0,0,,,,,1,14,,14,,14,,,,,,2,,,,1,0,0,0,0,0,0,0,0,0,0,0,0,0,,,,,,,,1,,,,,,,,,,,,,,1,0,0,0,0,0,0,0,0,0,0,0,0,0,,0,0,0,0,,2,,,,,,0,0,0,0,0,0,0,0,0,0,0,0,0,0,,,0,1,1,1,2021,10,0,,,0,0,90,162,37.8,129,114,70,22,95,6.8,15,1,0,0,1,34.293552812071,2,0,0,0,2,1,,0,,0,0,0,0,0,0,0,0,0,0,0,0,0,0,0,0,0,0,0,0,0,0,0,0,0,0,0,0,0,0,0,0,0,0,0,0,0,0,0,0,0,0,0,0,0,0,0,0,0,0,0,0,0,0,0,0,,,0,0,0,0,0,0,0,0,0,0,0,0,0,0,2,1,0,,7,5,5,4,7,7,7,4,5,7,4,7,7,7,1,3,2,2,2,2,2,2,,3,0,0,0,0,0,0,0,0,0,0,0,0,0,0,0,0,0,0,0,0,0,0,0,1,0,0,1,0,0,0,0,0,0,0,0,0,0,0,0,0,,,,5,,,,,,,,0,0,1,0,0,0,0,0,0,0,0,2,1,,ADJY6961HOF,,AGZE3615NOF,,1,1,1,0,1,0,0,1,0,0,0,0,0,0,0,0,,1,AGZE2792NOF,,,1,0,0,0,0,0,0,0,0,0,,0,,,,,1,AGZE3611NOF,,,1,,AGZE3614NOF,,0,,,0,,,2,2,1,1671531925472.jpg,8896/22,0,,0,0,0,0,0,0,0,0,0,0,0,0,0,0,0,0,0,0,,,2,,,,,,,,,,,,,,,,,,,,,,,,,,,,0,8896_22,2022-12-19,,,2,,,,0,https://cloud.butterflynetwork.com/-/shared/N9PGMjX4Q0uEw3bHxX5Z6g?region=US,0,0,0,0,0,0,0,0,0,0,0,,2,,,,,,,,,,,,,,,,,,,,,,,,,,,,,,,,,,,,,,,,,,,,,,,,,,0,,,0,0,0,0,0,0,0,0,0,0,0,0,0,0,0,0,0,,,,,,,,,,,,,,,,,,,,0,,,,,0,,,,,,,,,,,0,,,,,,,,,,,,,,,,,,,,,,,,,,,,,0,,,0,0,0,0,0,0,0,0,0,0,0,0,0,0,0,0,0,0,0,0,0,0,,,,,,,,,,,,,,,,,,,,,,,0,0,0,0,0,0,0,0,0,0,0,0,,,0,0,0,0,0,0,0,0,0,0,,,,,0,,0,0,0,0,0,0,0,0,0,0,0,0,0,0,0,0,0,0,0,0,0,0,0,0,0,0,0,0,0,0,0,0,0,0,0,0,0,0,0,0,0,0,0,0,0,0,0,0,0,0,0,0,0,0,0,0,0,0,0,0,0,0,0,0,0,0,0,0,0,0,0,0,0,0,0,0,0,0,0,0,0,0,0,0,0,0,0,0,0,0,0,0,0,0,0,0,0,0,,,0
27-166,hds,"2022-12-21 10:41",1,1,0,0,1,1,,2,16,2,,14,1,,,,,,0,0,0,1,0,1,0,0,0,0,0,0,0,0,0,0,0,0,0,,,,30,,14,,,,,,,,,,2,,,,1,0,0,0,0,0,0,0,0,0,0,0,0,0,,,,,,,,1,,,,,,,,,,,,,,1,0,0,0,0,0,0,0,0,0,0,0,0,0,,0,0,0,0,,2,,,,,,0,0,0,0,0,0,0,0,0,0,0,0,0,0,,,0,1,1,1,2021,6,0,,,0,2,59,176,35.3,96,141,73,20,98,5.5,15,0,0,0,0,19.047004132231,2,0,0,1,2,1,,0,,0,0,0,0,0,0,0,0,0,0,0,0,0,0,0,0,0,0,0,0,0,0,0,0,0,0,0,0,0,0,0,0,0,0,0,0,0,0,0,0,0,0,0,0,0,0,0,0,0,0,0,0,0,0,0,0,,,0,0,0,0,0,0,0,0,0,0,0,0,0,0,2,1,0,,1,4,4,1,1,1,4,1,1,4,1,1,1,4,0,,,,,,2,1,,3,0,0,0,0,0,0,0,0,0,0,0,0,0,0,0,0,0,0,0,0,0,0,1,1,0,0,1,0,0,0,0,1,0,0,0,0,0,0,0,0,,,,5,,,,,5,,,0,0,1,0,0,0,0,0,0,0,0,2,0,,,,,,0,0,0,0,0,0,0,0,0,0,0,0,0,0,0,0,,1,,AHAM8405NOF,,1,0,0,0,0,0,0,0,0,0,,0,,,,,1,AHAM8019NOF,,,0,,,,0,,,0,,,1,2,1,1671626945454.jpg,8981/22,0,,0,0,0,0,0,0,0,0,0,0,0,0,0,0,0,0,0,0,,,2,,,,,,,,,,,,,,,,,,,,,,,,,,,,0,8981_22,2022-12-21,,,2,,,,0,https://cloud.butterflynetwork.com/-/shared/Av0fXT_RSyCM7zogJMBZRQ?region=US,0,0,0,0,0,0,0,0,0,0,0,,2,,,,,,,,,,,,,,,,,,,,,,,,,,,,,,,,,,,,,,,,,,,,,,,,,,0,,,0,0,0,0,0,0,0,0,0,0,0,0,0,0,0,0,0,,,,,,,,,,,,,,,,,,,,0,,,,,0,,,,,,,,,,,0,,,,,,,,,,,,,,,,,,,,,,,,,,,,,0,,,0,0,0,0,0,0,0,0,0,0,0,0,0,0,0,0,0,0,0,0,0,0,,,,,,,,,,,,,,,,,,,,,,,0,0,0,0,0,0,0,0,0,0,0,0,,,0,0,0,0,0,0,0,0,0,0,,,,,0,,0,0,0,0,0,0,0,0,0,0,0,0,0,0,0,0,0,0,0,0,0,0,0,0,0,0,0,0,0,0,0,0,0,0,0,0,0,0,0,0,0,0,0,0,0,0,0,0,0,0,0,0,0,0,0,0,0,0,0,0,0,0,0,0,0,0,0,0,0,0,0,0,0,0,0,0,0,0,0,0,0,0,0,0,0,0,0,0,0,0,0,0,0,0,0,0,0,0,,,0
27-167,hds,"2023-01-05 10:54",1,1,0,0,1,1,0,2,16,2,,14,1,,,,,,0,0,0,1,0,0,0,1,1,0,0,0,0,0,0,0,0,0,0,,,,,,12,,,12,12,,,,,,2,,,,1,0,0,0,0,0,0,0,0,0,0,0,0,0,,,,,,,,2,,,,2015,,0,,0,,3,5,,,1,0,0,0,0,0,0,0,0,0,0,0,0,0,,1,1,0,0,,0,,,,,,0,0,0,0,0,0,0,0,0,0,0,0,0,0,,,0,0,,,,,0,,,1,0,62,149,36,124,199,104,20,97,15.7,15,0,0,0,0,27.926669969821,2,1,0,0,2,1,,0,,0,0,0,0,0,0,0,0,0,0,0,0,0,0,0,0,0,0,0,0,0,0,0,0,0,0,0,0,0,0,0,0,0,0,0,0,0,0,0,0,0,0,0,0,0,0,0,0,0,0,0,0,0,0,0,0,,,0,0,0,0,0,0,0,0,0,0,0,0,0,0,2,2,0,,1,1,1,1,1,1,1,1,1,1,1,1,1,1,0,,,,,,2,1,,6,0,0,0,0,0,0,0,0,0,0,0,0,0,0,0,0,0,0,0,0,0,0,0,1,0,0,0,0,1,1,0,0,0,0,0,0,0,0,0,0,,,,,,1,1,,,,,0,0,1,0,0,0,0,0,0,0,0,2,1,,AGXV4730NOF,,,,1,1,1,0,0,0,0,0,0,0,0,0,0,0,0,0,,1,,AGXV4731NOF,,1,1,0,0,0,0,0,0,0,0,,0,,,,,1,,AGXV4732,,0,,,,0,,,0,,,2,2,1,1673268165599.jpg,122/23,1,1,0,0,0,0,0,0,0,0,0,0,0,0,0,0,0,0,0,0,,,2,,,,,,,,,,,,,,,,,,,,,,,,,,,,0,122_23,2023-01-05,,,2,,,,0,https://cloud.butterflynetwork.com/-/shared/3osHbPSCSveM1H54oo-xmg?region=US,0,0,0,0,0,0,0,0,0,0,0,,2,,,,,,,,,,,,,,,,,,,,,,,,,,,,,,,,,,,,,,,,,,,,,,,,,,0,,,0,0,0,0,0,0,0,0,0,0,0,0,0,0,0,0,0,,,,,,,,,,,,,,,,,,,,0,,,,,0,,,,,,,,,,,0,,,,,,,,,,,,,,,,,,,,,,,,,,,,,0,,,0,0,0,0,0,0,0,0,0,0,0,0,0,0,0,0,0,0,0,0,0,0,,,,,,,,,,,,,,,,,,,,,,,0,0,0,0,0,0,0,0,0,0,0,0,,,0,0,0,0,0,0,0,0,0,0,,,,,0,,0,0,0,0,0,0,0,0,0,0,0,0,0,0,0,0,0,0,0,0,0,0,0,0,0,0,0,0,0,0,0,0,0,0,0,0,0,0,0,0,0,0,0,0,0,0,0,0,0,0,0,0,0,0,0,0,0,0,0,0,0,0,0,0,0,0,0,0,0,0,0,0,0,0,0,0,0,0,0,0,0,0,0,0,0,0,0,0,0,0,0,0,0,0,0,0,0,0,,,0
27-168,hds,"2023-01-15 09:20",1,1,0,0,1,1,,2,16,2,,3,0,,,,,,0,0,0,0,0,0,1,1,1,0,0,0,0,0,0,0,0,0,0,,,,,,,,8,3,21,,,,,,2,,,,1,0,0,0,0,0,0,0,0,0,0,0,0,0,,,,,,,,1,,,,,,,,,,,,,,1,0,0,0,0,0,0,0,0,0,0,0,0,0,,0,0,0,0,,2,13,2023-01-18,,,,0,0,0,0,0,0,0,0,0,0,0,0,0,0,,,0,0,,,,,0,,,0,2,58,166,36.2,121,111,62,18,96,8.5,15,0,0,0,0,21.048047612135,1,0,0,0,2,0,"Network problem",0,,0,0,0,0,0,0,0,0,0,0,0,0,0,0,0,0,0,0,0,0,0,0,0,0,0,0,0,0,0,0,0,0,0,0,0,0,0,0,0,0,0,0,0,0,0,0,0,0,0,0,0,0,0,0,0,0,,,0,0,0,0,0,0,0,0,0,0,0,0,0,0,2,1,0,,,,,,,,,,,,,,,,0,,,,,,2,2,,1,0,0,0,0,0,0,0,0,0,0,0,0,0,0,0,0,0,0,0,0,0,0,1,1,0,0,0,0,0,0,0,0,1,0,0,0,0,0,0,0,,,,,,,,,,5,,0,0,1,0,0,0,0,0,0,0,0,2,1,,ADJZ4521HOF,,AGZE3236NOF,,1,1,0,0,1,1,1,0,0,0,0,0,0,0,0,0,,1,,AGZE3045NOF,,1,0,0,0,0,0,0,0,0,0,,0,,,,,0,,,,0,,,,0,,,0,,,1,2,1,1675858025530.jpg,481/23,0,,0,0,0,0,0,0,0,0,0,0,0,0,0,0,0,0,0,1,"7307/22 (oct22), 7959/22(nov22) and NEW 708/23 (1week after Rx)",,2,,,,,,,,,,,,,,,,,,,,,,,,,,,,0,481_23,2023-01-17,"7959_22 (old)",,2,,,,0,https://cloud.butterflynetwork.com/-/shared/aYV871FjT-qvkdKA_LiSIg?region=US,0,0,0,0,0,0,0,0,0,0,0,,2,,,,,,,,,,,,,,,,,,,,,,,,,,,,,,,,,,,,,,,,,,,,,,,,,,0,,,0,0,0,0,0,0,0,0,0,0,0,0,0,0,0,0,0,,,,,,,,,,,,,,,,,,,,0,,,,,0,,,,,,,,,,,0,,,,,,,,,,,,,,,,,,,,,,,,,,,,,0,,,0,0,0,0,0,0,0,0,0,0,0,0,0,0,0,0,0,0,0,0,0,0,,,,,,,,,,,,,,,,,,,,,,,0,0,0,0,0,0,0,0,0,0,0,0,,,0,0,0,0,0,0,0,0,0,0,,,,,0,,0,0,0,0,0,0,0,0,0,0,0,0,0,0,0,0,0,0,0,0,0,0,0,0,0,0,0,0,0,0,0,0,0,0,0,0,0,0,0,0,0,0,0,0,0,0,0,0,0,0,0,0,0,0,0,0,0,0,0,0,0,0,0,0,0,0,0,0,0,0,0,0,0,0,0,0,0,0,0,0,0,0,0,0,0,0,0,0,0,0,0,0,0,0,0,0,0,0,,,0
27-169,hds,"2023-01-18 17:00",1,1,0,0,1,1,,2,16,2,,14,0,,,,,,0,0,0,0,0,1,1,0,1,0,0,0,0,0,0,0,0,0,0,,,,90,,,,5,,30,,,,,,2,,,,1,0,0,0,0,0,0,0,0,0,0,0,0,0,,,,,,,,1,,,,,,,,,,,,,,1,0,0,0,0,0,0,0,0,0,0,0,0,0,,0,0,0,0,,1,,,,,2,0,0,0,0,0,0,0,0,0,0,0,0,0,0,,,0,0,,,,,0,,,0,0,33,151,38.5,143,103,59,22,90,7.5,,1,0,0,1,14.473049427657,4,1,0,1,2,1,,1,1,1,1,1,1,1,1,1,1,0,0,0,0,0,0,0,0,0,0,0,0,0,0,0,0,0,0,0,0,0,0,0,0,0,0,0,0,0,0,0,0,0,0,0,0,0,0,0,0,0,0,0,0,0,0,0,0,0,,0,0,0,0,0,0,0,0,0,0,0,0,0,0,2,2,0,,4,4,4,1,1,4,5,4,4,4,4,5,5,5,0,,,,,,2,2,,3,0,0,0,0,0,0,0,0,0,0,0,0,0,0,0,0,0,0,0,0,0,0,1,1,0,0,1,1,0,0,0,0,1,0,0,0,0,0,0,0,,,,5,5,,,,,5,,0,1,0,0,1,0,0,0,0,0,0,2,1,,AHGN1023NOF,,,,1,1,1,0,0,0,0,0,0,0,0,0,0,0,0,0,,1,AGZE3238NOF,,,1,0,0,0,0,0,0,0,0,0,,0,,,,,1,AGZE3239NOF,,,0,,,,0,,,0,,,1,2,1,1674135173863.jpg,556/23,0,,0,0,0,0,0,0,0,0,0,0,0,0,0,0,0,0,0,0,,,2,,,,,,,,,,,,,,,,,,,,,,,,,,,,0,"556_23 (AP)",2023-01-19,,,2,,,,0,https://cloud.butterflynetwork.com/-/shared/qDPjpHV0RfCybYtE9maA5g?region=US,0,0,0,0,0,0,0,0,0,0,0,,2,,,,,,,,,,,,,,,,,,,,,,,,,,,,,,,,,,,,,,,,,,,,,,,,,,0,,,0,0,0,0,0,0,0,0,0,0,0,0,0,0,0,0,0,,,,,,,,,,,,,,,,,,,,0,,,,,0,,,,,,,,,,,0,,,,,,,,,,,,,,,,,,,,,,,,,,,,,0,,,0,0,0,0,0,0,0,0,0,0,0,0,0,0,0,0,0,0,0,0,0,0,,,,,,,,,,,,,,,,,,,,,,,0,0,0,0,0,0,0,0,0,0,0,0,,,0,0,0,0,0,0,0,0,0,0,,,,,0,,0,0,0,0,0,0,0,0,0,0,0,0,0,0,0,0,0,0,0,0,0,0,0,0,0,0,0,0,0,0,0,0,0,0,0,0,0,0,0,0,0,0,0,0,0,0,0,0,0,0,0,0,0,0,0,0,0,0,0,0,0,0,0,0,0,0,0,0,0,0,0,0,0,0,0,0,0,0,0,0,0,0,0,0,0,0,0,0,0,0,0,0,0,0,0,0,0,0,,,0
27-170,hds,"2023-01-25 14:45",1,1,0,0,1,1,0,2,16,2,,60,1,,,,,,1,0,0,0,0,0,1,0,0,0,0,0,0,0,0,0,0,0,0,8,,,,,,,8,,,,,,,,2,,,,1,0,0,0,0,0,0,0,0,0,0,0,0,0,,,,,,,,1,,,,,,,,,,,,,,1,0,0,0,0,0,0,0,0,0,0,0,0,0,,0,0,0,0,,1,,,,,2,0,0,0,0,0,0,0,0,0,0,0,0,0,0,,,0,0,,,,,0,,,0,0,42,169,36,124,226,104,20,97,13.7,15,0,0,0,0,14.705367459123,3,0,0,1,2,1,,0,,0,0,0,0,0,0,0,0,0,0,0,0,0,0,0,0,0,0,0,0,0,0,0,0,0,0,0,0,0,0,0,0,0,0,0,0,0,0,0,0,0,0,0,0,0,0,0,0,0,0,0,0,0,0,0,0,,,0,0,0,0,0,0,0,0,0,0,0,0,0,0,2,2,0,,,,,,,,,,,,,,,,1,2,2,,2,,2,2,,3,0,0,0,0,0,0,0,0,0,0,0,0,0,0,0,0,0,0,0,0,0,0,0,1,0,0,1,0,1,0,0,0,0,0,0,0,0,0,0,0,,,,5,,5,,,,,,0,1,1,0,0,0,0,0,0,0,0,2,1,,AHGNO151NOF,,,,0,1,1,0,0,0,0,0,0,0,0,0,0,0,0,0,,1,,AHGN0121NOF,,1,0,0,0,0,0,0,0,0,0,,0,,,,,0,,,,0,,,,0,,,0,,,1,2,1,1675857775552.jpg,710/23,1,0,0,0,0,0,0,0,0,0,0,0,0,0,0,0,0,0,0,0,,,2,,,,,,,,,,,,,,,,,,,,,,,,,,,,0,710_23,2023-01-25,,,2,,,,0,https://cloud.butterflynetwork.com/-/shared/l5KolFXwSjiiJDTV8z1_ug?region=US,0,0,0,0,0,0,0,0,0,0,0,,2,,,,,,,,,,,,,,,,,,,,,,,,,,,,,,,,,,,,,,,,,,,,,,,,,,0,,,0,0,0,0,0,0,0,0,0,0,0,0,0,0,0,0,0,,,,,,,,,,,,,,,,,,,,0,,,,,0,,,,,,,,,,,0,,,,,,,,,,,,,,,,,,,,,,,,,,,,,0,,,0,0,0,0,0,0,0,0,0,0,0,0,0,0,0,0,0,0,0,0,0,0,,,,,,,,,,,,,,,,,,,,,,,0,0,0,0,0,0,0,0,0,0,0,0,,,0,0,0,0,0,0,0,0,0,0,,,,,0,,0,0,0,0,0,0,0,0,0,0,0,0,0,0,0,0,0,0,0,0,0,0,0,0,0,0,0,0,0,0,0,0,0,0,0,0,0,0,0,0,0,0,0,0,0,0,0,0,0,0,0,0,0,0,0,0,0,0,0,0,0,0,0,0,0,0,0,0,0,0,0,0,0,0,0,0,0,0,0,0,0,0,0,0,0,0,0,0,0,0,0,0,0,0,0,0,0,0,,,0
27-171,hds,"2023-01-24 16:06",1,1,0,0,1,1,,2,16,3,,,,1,,,,,0,1,0,1,0,0,0,0,0,0,0,0,0,0,0,0,0,0,0,,21,1,,,21,,,,,,,,,,2,,,,1,0,0,0,0,0,0,0,0,0,0,0,0,0,,,,,,,,1,,,,,,,,,,,,,,1,0,0,0,0,0,0,0,0,0,0,0,0,0,,0,0,0,0,,0,,,,,,0,0,0,0,0,0,0,0,0,0,0,0,0,0,,,0,1,2,3,2022,5,0,,,0,2,55,172,37.1,111,100,56,22,89,,,1,0,1,2,18.591130340725,2,0,0,0,2,1,,0,,0,0,0,0,0,0,0,0,0,0,0,0,0,0,0,0,0,0,0,0,0,0,0,0,0,0,0,0,0,0,0,0,0,0,0,0,0,0,0,0,0,0,0,0,0,0,0,0,0,0,0,0,0,0,0,0,,,0,0,0,0,0,0,0,0,0,0,0,0,0,0,2,1,0,,,,,,,,,,,,,,,,0,,,,,,2,2,,3,0,0,0,0,0,0,0,0,0,0,0,0,0,0,0,0,0,0,0,0,0,0,1,1,0,0,1,0,0,0,0,1,0,0,0,0,0,0,0,0,,,,5,,,,,5,,,0,1,1,0,0,0,0,0,0,0,0,2,1,,AHGN1817NOF,,,,1,1,1,0,0,0,0,0,0,0,0,0,0,0,0,0,,1,,AHGN0053NOF,,1,0,0,0,0,0,0,0,0,0,,0,,,,,1,," NICD ",,0,,,,0,,,0,,,2,2,1,1677243304148.jpg,684/23,0,,0,0,0,0,0,0,0,0,0,0,0,0,0,0,0,0,0,0,,,2,,,,,,,,,,,,,,,,,,,,,,,,,,,,0,684_23,2023-01-24,,,2,,,,0,https://cloud.butterflynetwork.com/-/shared/9xyPIbLvSISoRqLLoEjE_g?region=US,0,0,0,0,0,0,0,0,0,0,0,,2,,,,,,,,,,,,,,,,,,,,,,,,,,,,,,,,,,,,,,,,,,,,,,,,,,0,,,0,0,0,0,0,0,0,0,0,0,0,0,0,0,0,0,0,,,,,,,,,,,,,,,,,,,,0,,,,,0,,,,,,,,,,,0,,,,,,,,,,,,,,,,,,,,,,,,,,,,,0,,,0,0,0,0,0,0,0,0,0,0,0,0,0,0,0,0,0,0,0,0,0,0,,,,,,,,,,,,,,,,,,,,,,,0,0,0,0,0,0,0,0,0,0,0,0,,,0,0,0,0,0,0,0,0,0,0,,,,,0,,0,0,0,0,0,0,0,0,0,0,0,0,0,0,0,0,0,0,0,0,0,0,0,0,0,0,0,0,0,0,0,0,0,0,0,0,0,0,0,0,0,0,0,0,0,0,0,0,0,0,0,0,0,0,0,0,0,0,0,0,0,0,0,0,0,0,0,0,0,0,0,0,0,0,0,0,0,0,0,0,0,0,0,0,0,0,0,0,0,0,0,0,0,0,0,0,0,0,,,0
27-172,hds,"2023-01-30 11:39",1,1,0,0,1,1,,2,16,2,,7,1,,,,,,1,0,0,1,0,0,1,1,0,0,0,0,0,0,0,0,0,0,0,7,,,,,7,,5,3,,,,,,,2,,,,1,0,0,0,0,0,0,0,0,0,0,0,0,0,,,,,,,,1,,,,,,,,,,,,,,1,0,0,0,0,0,0,0,0,0,0,0,0,0,,0,0,0,0,,1,,,,,2,0,0,0,0,0,0,0,0,0,0,0,0,0,0,,,0,0,,,,,0,,,0,2,45,163,36.4,114,112,66,22,95,4.6,15,1,0,0,1,16.937031879258,2,0,0,0,2,1,,0,,0,0,0,0,0,0,0,0,0,0,0,0,0,0,0,0,0,0,0,0,0,0,0,0,0,0,0,0,0,0,0,0,0,0,0,0,0,0,0,0,0,0,0,0,0,0,0,0,0,0,0,0,0,0,0,0,,,0,0,0,0,0,0,0,0,0,0,0,0,0,0,2,1,0,,,,,,,,,,,,,,,,0,,,,,,2,2,,3,0,0,0,0,0,1,0,0,0,0,0,0,0,0,0,0,0,0,0,0,0,0,0,1,0,0,0,0,1,0,0,0,0,0,0,0,0,0,0,0,,,,,,5,,,,,,1,0,1,0,0,0,0,0,0,0,0,2,1,,AHGN1080NOF,,,,1,1,1,0,1,1,0,0,0,0,0,0,0,0,0,0,,1,ALUE1029P,,,1,0,0,0,0,0,0,0,0,0,,0,,,,,1,,NICD,,0,,,,0,,,0,,,0,2,1,1675858251015.jpg,832/23,0,,0,0,0,0,0,0,0,0,0,0,0,0,0,0,0,0,0,0,,,2,,,,,,,,,,,,,,,,,,,,,,,,,,,,0,832_23,2023-01-30,,,2,,,,0,https://cloud.butterflynetwork.com/-/shared/z3HfykbwQZmk02RjCRL_jw?region=US,0,0,0,0,0,0,0,0,0,0,0,,2,,,,,,,,,,,,,,,,,,,,,,,,,,,,,,,,,,,,,,,,,,,,,,,,,,0,,,0,0,0,0,0,0,0,0,0,0,0,0,0,0,0,0,0,,,,,,,,,,,,,,,,,,,,0,,,,,0,,,,,,,,,,,0,,,,,,,,,,,,,,,,,,,,,,,,,,,,,0,,,0,0,0,0,0,0,0,0,0,0,0,0,0,0,0,0,0,0,0,0,0,0,,,,,,,,,,,,,,,,,,,,,,,0,0,0,0,0,0,0,0,0,0,0,0,,,0,0,0,0,0,0,0,0,0,0,,,,,0,,0,0,0,0,0,0,0,0,0,0,0,0,0,0,0,0,0,0,0,0,0,0,0,0,0,0,0,0,0,0,0,0,0,0,0,0,0,0,0,0,0,0,0,0,0,0,0,0,0,0,0,0,0,0,0,0,0,0,0,0,0,0,0,0,0,0,0,0,0,0,0,0,0,0,0,0,0,0,0,0,0,0,0,0,0,0,0,0,0,0,0,0,0,0,0,0,0,0,,,0
27-173,hds,"2023-02-06 01:49",1,1,0,0,1,1,,2,16,2,,21,0,,,,,,0,0,0,1,0,0,0,1,1,0,0,0,0,0,0,0,0,0,0,,,,,,21,,,21,30,,,,,,2,,,,1,0,0,0,0,0,0,0,0,0,0,0,0,0,,,,,,,,1,,,,,,,,,,,,,,1,0,0,0,0,0,0,0,0,0,0,0,0,0,,0,0,0,0,,2,3,2023-02-07,,,,0,0,0,0,0,0,0,0,0,0,0,0,0,0,,,0,0,,,,,0,,,0,2,36,162,36.1,76,101,61,18,96,5.8,14,0,1,0,1,13.717421124829,4,0,0,1,2,1,,0,,0,0,0,0,0,0,0,0,0,0,0,0,0,0,0,0,0,0,0,0,0,0,0,0,0,0,0,0,0,0,0,0,0,0,0,0,0,0,0,0,0,0,0,0,0,0,0,0,0,0,0,0,0,0,0,0,,,0,0,0,0,0,0,0,0,0,0,0,0,0,0,2,1,0,,1,1,1,4,4,1,1,1,1,1,,5,5,7,0,,,,,,2,2,,6,0,0,1,0,0,0,0,0,0,0,0,0,0,0,0,0,0,0,0,0,0,0,0,1,0,0,1,0,0,0,0,1,0,0,0,0,0,0,0,0,,,,5,,,,,3,,,0,0,1,0,0,0,0,0,0,0,0,2,1,,AHGN0832NOF,,,,0,1,1,0,1,0,1,0,0,0,0,0,0,0,0,0,,1,,"AHGN0704NOF/ AHGN0748NOF",,1,0,0,0,0,0,0,0,0,0,,0,,,,,1,,NICD,,1,,AHGN0708NOF,,0,,,0,,,0,2,1,1675858326935.jpg,1056/23,0,,0,0,0,0,0,0,0,0,0,0,0,0,0,0,0,0,0,0,,,2,,,,,,,,,,,,,,,,,,,,,,,,,,,,0,"1056_23 (AP)",2023-02-07,,,2,,,,0,https://cloud.butterflynetwork.com/-/shared/DmxkF6uyQoGBhb1LsCMJpQ?region=US,0,0,0,0,0,0,0,0,0,0,0,,2,,,,,,,,,,,,,,,,,,,,,,,,,,,,,,,,,,,,,,,,,,,,,,,,,,0,,,0,0,0,0,0,0,0,0,0,0,0,0,0,0,0,0,0,,,,,,,,,,,,,,,,,,,,0,,,,,0,,,,,,,,,,,0,,,,,,,,,,,,,,,,,,,,,,,,,,,,,0,,,0,0,0,0,0,0,0,0,0,0,0,0,0,0,0,0,0,0,0,0,0,0,,,,,,,,,,,,,,,,,,,,,,,0,0,0,0,0,0,0,0,0,0,0,0,,,0,0,0,0,0,0,0,0,0,0,,,,,0,,0,0,0,0,0,0,0,0,0,0,0,0,0,0,0,0,0,0,0,0,0,0,0,0,0,0,0,0,0,0,0,0,0,0,0,0,0,0,0,0,0,0,0,0,0,0,0,0,0,0,0,0,0,0,0,0,0,0,0,0,0,0,0,0,0,0,0,0,0,0,0,0,0,0,0,0,0,0,0,0,0,0,0,0,0,0,0,0,0,0,0,0,0,0,0,0,0,0,,,0
27-174,hds,"2023-02-01 12:04",1,1,0,0,1,1,0,2,16,3,,,,3,,,,,0,1,0,0,0,0,0,0,0,0,0,0,0,0,0,0,0,0,0,,10,1,,,,,,,,,,,,,2,,,,1,0,0,0,0,0,0,0,0,0,0,0,0,0,,,,,,,,1,,,,,,,,,,,,,,1,0,0,0,0,0,0,0,0,0,0,0,0,0,,0,1,0,0,,0,,,,,,0,0,0,0,0,0,0,0,0,0,0,0,0,0,,,0,0,,,,,0,,,0,0,62,163,35.9,80,166,81,24,95,6.7,,1,0,0,1,23.335466144755,1,0,0,0,2,1,,0,,0,0,0,0,0,0,0,0,0,0,0,0,0,0,0,0,0,0,0,0,0,0,0,0,0,0,0,0,0,0,0,0,0,0,0,0,0,0,0,0,0,0,0,0,0,0,0,0,0,0,0,0,0,0,0,0,,,0,0,0,0,0,0,0,0,0,0,0,0,0,0,2,2,0,,1,1,1,1,1,1,1,1,1,1,1,1,1,1,0,,,,,,2,2,,3,0,0,0,0,0,0,0,0,0,0,0,0,0,0,0,0,0,0,0,0,0,0,0,1,0,0,1,0,0,0,0,0,0,0,0,0,0,0,0,0,,,,5,,,,,,,,0,0,1,0,0,0,0,0,0,0,0,2,1,,AHNO397NOF,,,,1,1,1,0,0,0,0,0,0,0,0,0,0,0,0,0,,1,,AHGN0003NOF,,1,0,0,0,0,0,0,0,0,0,,0,,,,,1,,NICD,,0,,,,0,,,0,,,2,2,1,1675857921610.jpg,919/23,0,,0,0,0,0,0,0,0,0,0,0,0,0,0,0,0,0,0,0,,,2,,,,,,,,,,,,,,,,,,,,,,,,,,,,0,919_23,2023-02-03,,,2,,,,0,https://cloud.butterflynetwork.com/-/shared/vGte_0_PS320BMRHbNoylA?region=US,0,0,0,0,0,0,0,0,0,0,0,,2,,,,,,,,,,,,,,,,,,,,,,,,,,,,,,,,,,,,,,,,,,,,,,,,,,0,,,0,0,0,0,0,0,0,0,0,0,0,0,0,0,0,0,0,,,,,,,,,,,,,,,,,,,,0,,,,,0,,,,,,,,,,,0,,,,,,,,,,,,,,,,,,,,,,,,,,,,,0,,,0,0,0,0,0,0,0,0,0,0,0,0,0,0,0,0,0,0,0,0,0,0,,,,,,,,,,,,,,,,,,,,,,,0,0,0,0,0,0,0,0,0,0,0,0,,,0,0,0,0,0,0,0,0,0,0,,,,,0,,0,0,0,0,0,0,0,0,0,0,0,0,0,0,0,0,0,0,0,0,0,0,0,0,0,0,0,0,0,0,0,0,0,0,0,0,0,0,0,0,0,0,0,0,0,0,0,0,0,0,0,0,0,0,0,0,0,0,0,0,0,0,0,0,0,0,0,0,0,0,0,0,0,0,0,0,0,0,0,0,0,0,0,0,0,0,0,0,0,0,0,0,0,0,0,0,0,0,,,0
27-175,hds,"2023-02-08 15:23",1,1,0,0,1,1,0,2,16,2,,5,1,,,,,,1,0,0,0,0,0,0,1,0,0,0,0,0,0,0,0,0,0,0,4,,,,,,,,5,,,,,,,2,,,,1,0,0,0,0,0,0,0,0,0,0,0,0,0,,,,,,,,1,,,,,,,,,,,,,,1,0,0,0,0,0,0,0,0,0,0,0,0,0,,1,1,0,0,,3,,,,,,0,0,0,0,0,0,0,0,0,0,0,0,0,0,,,0,0,,,,,0,,,0,0,,,36.6,85,140,80,18,97,17.2,15,0,0,0,0,,2,0,0,0,2,1,,0,,0,0,0,0,0,0,0,0,0,0,0,0,0,0,0,0,0,0,0,0,0,0,0,0,0,0,0,0,0,0,0,0,0,0,0,0,0,0,0,0,0,0,0,0,0,0,0,0,0,0,0,0,0,0,0,0,,,0,0,0,0,0,0,0,0,0,0,0,0,0,0,2,2,0,,,,,,,,,,,,,,,,0,,,,,,2,1,,3,0,0,0,0,0,0,0,0,0,0,0,0,0,0,0,0,0,0,0,0,0,0,0,1,0,0,1,0,0,0,0,1,1,0,0,0,0,0,0,0,,,,5,,,,,3,5,,0,0,1,0,0,0,0,0,0,0,0,2,1,,AHGN0786NOF,,AHGN0742NOF,,1,1,1,0,0,0,0,0,0,0,0,0,0,0,0,0,,1,,AHGP0602NOF,,1,0,0,0,0,0,0,0,0,0,,0,,,,,1,,NICD,,0,,,,0,,,0,,,0,2,1,1676381175137.jpg,1174/23,0,,0,0,0,0,0,0,0,0,0,0,0,0,0,0,0,0,0,0,,,2,,,,,,,,,,,,,,,,,,,,,,,,,,,,0,1174_23,2023-02-10,,,2,,,,0,https://cloud.butterflynetwork.com/-/shared/wD2UruscSQu3LMxp2BILFw?region=US,0,0,0,0,0,0,0,0,0,0,0,,2,,,,,,,,,,,,,,,,,,,,,,,,,,,,,,,,,,,,,,,,,,,,,,,,,,0,,,0,0,0,0,0,0,0,0,0,0,0,0,0,0,0,0,0,,,,,,,,,,,,,,,,,,,,0,,,,,0,,,,,,,,,,,0,,,,,,,,,,,,,,,,,,,,,,,,,,,,,0,,,0,0,0,0,0,0,0,0,0,0,0,0,0,0,0,0,0,0,0,0,0,0,,,,,,,,,,,,,,,,,,,,,,,0,0,0,0,0,0,0,0,0,0,0,0,,,0,0,0,0,0,0,0,0,0,0,,,,,0,,0,0,0,0,0,0,0,0,0,0,0,0,0,0,0,0,0,0,0,0,0,0,0,0,0,0,0,0,0,0,0,0,0,0,0,0,0,0,0,0,0,0,0,0,0,0,0,0,0,0,0,0,0,0,0,0,0,0,0,0,0,0,0,0,0,0,0,0,0,0,0,0,0,0,0,0,0,0,0,0,0,0,0,0,0,0,0,0,0,0,0,0,0,0,0,0,0,0,,,0
27-176,hds,"2023-02-15 15:39",1,1,0,0,1,1,,2,16,2,,14,1,,,,,,0,0,1,1,0,0,1,0,0,0,0,0,0,0,0,0,0,0,0,,,,,2,14,,14,,,,,,,,2,,,,1,0,0,0,0,0,0,0,0,0,0,0,0,0,,,,,,,,1,,,,,,,,,,,,,,1,0,0,0,0,0,0,0,0,0,0,0,0,0,,0,1,0,0,,0,,,,,,0,0,0,0,0,0,0,0,0,0,0,0,0,0,,,0,0,,,,,0,,,0,2,87,,36.3,100,184,98,22,95,,15,1,0,0,1,,1,0,0,0,2,0,"Patient refused ",0,,0,0,0,0,0,0,0,0,0,0,0,0,0,0,0,0,0,0,0,0,0,0,0,0,0,0,0,0,0,0,0,0,0,0,0,0,0,0,0,0,0,0,0,0,0,0,0,0,0,0,0,0,0,0,0,0,,,0,0,0,0,0,0,0,0,0,0,0,0,0,0,2,1,0,,1,1,2,1,,1,1,1,1,1,1,1,1,1,0,,,,,,2,1,,6,0,0,1,0,0,0,0,0,0,0,0,0,0,0,0,0,0,0,0,0,0,0,0,1,0,0,1,0,0,0,0,1,0,0,0,0,0,0,0,0,,,,5,,,,,3,,,0,1,1,0,0,0,0,0,0,0,0,2,1,,AHGP1323NOF,,,,1,1,1,0,0,0,1,0,0,0,0,0,0,0,0,0,,1,,AHGP1324NOF,,1,1,0,0,0,0,0,0,0,0,,0,,,,,1,AHGP1328NOF,,,0,,,,0,,,0,,,2,2,1,1677136228166.jpg,1295/23,0,,0,0,0,0,0,0,0,0,0,0,0,0,0,0,0,0,0,0,,,2,,,,,,,,,,,,,,,,,,,,,,,,,,,,0,1295_23,2023-02-15,,,2,,,,0,https://cloud.butterflynetwork.com/-/shared/BRk5KVmjT6eAAsIl1SSYzg?region=US,0,0,0,0,0,0,0,0,0,0,0,,2,,,,,,,,,,,,,,,,,,,,,,,,,,,,,,,,,,,,,,,,,,,,,,,,,,0,,,0,0,0,0,0,0,0,0,0,0,0,0,0,0,0,0,0,,,,,,,,,,,,,,,,,,,,0,,,,,0,,,,,,,,,,,0,,,,,,,,,,,,,,,,,,,,,,,,,,,,,0,,,0,0,0,0,0,0,0,0,0,0,0,0,0,0,0,0,0,0,0,0,0,0,,,,,,,,,,,,,,,,,,,,,,,0,0,0,0,0,0,0,0,0,0,0,0,,,0,0,0,0,0,0,0,0,0,0,,,,,0,,0,0,0,0,0,0,0,0,0,0,0,0,0,0,0,0,0,0,0,0,0,0,0,0,0,0,0,0,0,0,0,0,0,0,0,0,0,0,0,0,0,0,0,0,0,0,0,0,0,0,0,0,0,0,0,0,0,0,0,0,0,0,0,0,0,0,0,0,0,0,0,0,0,0,0,0,0,0,0,0,0,0,0,0,0,0,0,0,0,0,0,0,0,0,0,0,0,0,,,0
27-177,hds,"2023-02-17 04:10",1,1,0,0,1,1,,2,16,3,,,,1,,,,,0,1,0,0,0,0,0,0,0,0,1,0,0,0,0,0,0,0,0,,14,1,,,,,,,,,1,,,,2,,,,1,0,0,0,0,0,0,0,0,0,0,0,0,0,,,,,,,,1,,,,,,,,,,,,,,1,0,0,0,0,0,0,0,0,0,0,0,0,0,,0,1,0,0,,0,,,,,,0,0,0,0,0,0,0,0,0,0,0,0,0,0,,,0,1,2,3,2022,10,0,,,0,0,55,156,36.1,66,142,71,24,90,7.1,15,1,0,0,1,22.600262984878,2,0,0,0,2,1,,0,,0,0,0,0,0,0,0,0,0,0,0,0,0,0,0,0,0,0,0,0,0,0,0,0,0,0,0,0,0,0,0,0,0,0,0,0,0,0,0,0,0,0,0,0,0,0,0,0,0,0,0,0,0,0,0,0,,,0,0,0,0,0,0,0,0,0,0,0,0,0,0,2,1,0,,,,,,,,,,,,,,,,0,,,,,,2,2,,6,0,0,0,0,0,0,0,0,0,0,0,0,0,0,0,0,0,0,0,0,0,0,0,1,0,0,1,0,0,0,0,0,0,0,0,0,0,0,0,0,,,,7,,,,,,,,0,1,1,0,0,0,0,0,0,0,0,2,1,,AHGP0579NOF,,,,1,1,1,0,0,0,1,0,0,0,0,0,0,0,0,0,,1,AHGP0649NOF,,,1,0,0,0,0,0,0,0,0,0,,0,,,,,1,AHGP0626NOF,,,0,,,,0,,,0,,,2,2,0,,,,,0,0,0,0,0,0,0,0,0,0,0,0,0,0,0,0,0,0,,,2,,,,,,,,,,,,,,,,,,,,,,,,,,,,0,,,,,2,,,,0,https://cloud.butterflynetwork.com/-/shared/BIrkinOURtGjlSfwHoifcw?region=US,0,0,0,0,0,0,0,0,0,0,0,,2,,,,,,,,,,,,,,,,,,,,,,,,,,,,,,,,,,,,,,,,,,,,,,,,,,0,,,0,0,0,0,0,0,0,0,0,0,0,0,0,0,0,0,0,,,,,,,,,,,,,,,,,,,,0,,,,,0,,,,,,,,,,,0,,,,,,,,,,,,,,,,,,,,,,,,,,,,,0,,,0,0,0,0,0,0,0,0,0,0,0,0,0,0,0,0,0,0,0,0,0,0,,,,,,,,,,,,,,,,,,,,,,,0,0,0,0,0,0,0,0,0,0,0,0,,,0,0,0,0,0,0,0,0,0,0,,,,,0,,0,0,0,0,0,0,0,0,0,0,0,0,0,0,0,0,0,0,0,0,0,0,0,0,0,0,0,0,0,0,0,0,0,0,0,0,0,0,0,0,0,0,0,0,0,0,0,0,0,0,0,0,0,0,0,0,0,0,0,0,0,0,0,0,0,0,0,0,0,0,0,0,0,0,0,0,0,0,0,0,0,0,0,0,0,0,0,0,0,0,0,0,0,0,0,0,0,0,,,0
27-178,hds,"2023-02-20 10:09",1,1,0,0,1,1,,2,16,3,,,,2,,,,,0,1,0,0,0,1,1,0,0,0,0,0,0,0,0,0,0,0,0,,5,0,60,,,,14,,,,,,,,2,,,,1,0,0,0,0,0,0,0,0,0,0,0,0,0,,,,,,,,2,,,,1997,,0,,0,,3,5,,,1,0,0,0,0,0,0,0,0,0,0,0,0,0,,0,0,0,0,,0,,,,,,0,0,0,0,0,0,0,0,0,0,0,0,0,0,,,0,0,,,,,0,,,0,2,57,169,36.1,99,126,70,20,97,7.6,15,0,0,0,0,19.957284408809,2,0,0,0,2,0,"Network problem",0,,0,0,0,0,0,0,0,0,0,0,0,0,0,0,0,0,0,0,0,0,0,0,0,0,0,0,0,0,0,0,0,0,0,0,0,0,0,0,0,0,0,0,0,0,0,0,0,0,0,0,0,0,0,0,0,0,,,0,0,0,0,0,0,0,0,0,0,0,0,0,0,2,1,0,,,,,,,,,,,,,,,,0,,,,,,2,2,,6,0,0,0,0,0,0,0,0,0,0,0,0,0,0,0,0,0,0,0,0,0,0,0,1,0,0,1,0,0,0,0,1,0,0,0,0,0,0,0,0,,,,5,,,,,3,,,0,0,1,0,0,0,0,0,0,0,0,2,1,,AHGP0146NOF,,,,1,1,1,0,0,0,0,0,0,0,0,0,0,0,0,0,,1,,AHGP0496NOF,,1,0,0,0,0,0,0,0,0,0,,0,,,,,1,,AHGP0477NOF,,0,,,,0,,,0,,,2,2,1,1677136307103.jpg,1354/22,0,,0,0,0,0,0,0,0,0,0,0,0,0,0,0,0,0,0,0,,,2,,,,,,,,,,,,,,,,,,,,,,,,,,,,0,"1354_23 (PA)",2023-02-20,,,2,,,,0,https://cloud.butterflynetwork.com/-/shared/jOOv1YnXQXK9jvqQ2DRWoQ?region=US,0,0,0,0,0,0,0,0,0,0,0,,2,,,,,,,,,,,,,,,,,,,,,,,,,,,,,,,,,,,,,,,,,,,,,,,,,,0,,,0,0,0,0,0,0,0,0,0,0,0,0,0,0,0,0,0,,,,,,,,,,,,,,,,,,,,0,,,,,0,,,,,,,,,,,0,,,,,,,,,,,,,,,,,,,,,,,,,,,,,0,,,0,0,0,0,0,0,0,0,0,0,0,0,0,0,0,0,0,0,0,0,0,0,,,,,,,,,,,,,,,,,,,,,,,0,0,0,0,0,0,0,0,0,0,0,0,,,0,0,0,0,0,0,0,0,0,0,,,,,0,,0,0,0,0,0,0,0,0,0,0,0,0,0,0,0,0,0,0,0,0,0,0,0,0,0,0,0,0,0,0,0,0,0,0,0,0,0,0,0,0,0,0,0,0,0,0,0,0,0,0,0,0,0,0,0,0,0,0,0,0,0,0,0,0,0,0,0,0,0,0,0,0,0,0,0,0,0,0,0,0,0,0,0,0,0,0,0,0,0,0,0,0,0,0,0,0,0,0,,,0
27-179,hds,"2023-02-20 13:31",1,1,0,0,1,1,0,2,16,4,,,,,5,,,,0,1,0,0,0,0,0,0,0,0,0,0,0,0,0,0,0,0,0,,14,1,,,,,,,,,,,,,2,,,,1,0,0,0,0,0,0,0,0,0,0,0,0,0,,,,,,,,1,,,,,,,,,,,,,,1,0,0,0,0,0,0,0,0,0,0,0,0,0,,1,1,0,0,,0,,,,,,0,0,0,0,0,0,0,0,0,0,0,0,0,0,,,0,0,,,,,0,,,0,0,74,170,36,112,120,74,14,95,8.1,,0,0,0,0,25.60553633218,2,0,0,0,2,0,"Network problem ",0,,0,0,0,0,0,0,0,0,0,0,0,0,0,0,0,0,0,0,0,0,0,0,0,0,0,0,0,0,0,0,0,0,0,0,0,0,0,0,0,0,0,0,0,0,0,0,0,0,0,0,0,0,0,0,0,0,,,0,0,0,0,0,0,0,0,0,0,0,0,0,0,2,2,0,,,,,,,,,,,,,,,,0,,,,,,2,1,,3,0,0,0,0,0,0,0,0,0,0,0,0,0,0,0,0,0,0,0,0,0,0,0,1,0,0,1,0,0,0,0,0,1,0,0,0,0,0,0,0,,,,7,,,,,,5,,0,0,1,0,0,0,0,0,0,0,0,2,1,,AHGP0009NOF,,,,1,1,1,0,0,0,0,0,0,0,0,0,0,0,0,0,,1,,AHGP0010NOF,,1,0,0,0,0,0,0,0,0,0,,0,,,,,0,,,,0,,,,0,,,0,,,2,2,1,1677135855190.jpg,1358/23,0,,0,0,0,0,0,0,0,0,0,0,0,0,0,0,0,0,0,0,,,2,,,,,,,,,,,,,,,,,,,,,,,,,,,,0,"1358_23 (PA)",2023-02-20,,,2,,,,0,https://cloud.butterflynetwork.com/-/shared/RuB3fsPlQj2nOTC4xgAsqA?region=US,0,0,0,0,0,0,0,0,0,0,0,,2,,,,,,,,,,,,,,,,,,,,,,,,,,,,,,,,,,,,,,,,,,,,,,,,,,0,,,0,0,0,0,0,0,0,0,0,0,0,0,0,0,0,0,0,,,,,,,,,,,,,,,,,,,,0,,,,,0,,,,,,,,,,,0,,,,,,,,,,,,,,,,,,,,,,,,,,,,,0,,,0,0,0,0,0,0,0,0,0,0,0,0,0,0,0,0,0,0,0,0,0,0,,,,,,,,,,,,,,,,,,,,,,,0,0,0,0,0,0,0,0,0,0,0,0,,,0,0,0,0,0,0,0,0,0,0,,,,,0,,0,0,0,0,0,0,0,0,0,0,0,0,0,0,0,0,0,0,0,0,0,0,0,0,0,0,0,0,0,0,0,0,0,0,0,0,0,0,0,0,0,0,0,0,0,0,0,0,0,0,0,0,0,0,0,0,0,0,0,0,0,0,0,0,0,0,0,0,0,0,0,0,0,0,0,0,0,0,0,0,0,0,0,0,0,0,0,0,0,0,0,0,0,0,0,0,0,0,,,0
27-180,hds,"2023-02-23 11:20",1,1,0,0,1,1,,2,16,2,,14,1,,,,,,0,0,1,1,0,0,0,0,1,0,1,0,0,0,0,0,0,0,0,,,,,1,14,,,,7,,,,,,2,,,,1,0,0,0,0,0,0,0,0,0,0,0,0,0,,,,,,,,2,,,,2019,,0,,0,,4,,2,4,1,0,0,0,0,0,0,0,0,0,0,0,0,0,,0,0,0,0,,1,,,,,2,0,0,0,0,0,0,0,0,0,0,0,0,0,0,,,0,1,1,2,2022,11,0,,,1,2,37,152,36.9,116,74,40,20,94,5.8,15,0,0,1,1,16.014542936288,2,0,0,0,2,0,"Network problem",0,,0,0,0,0,0,0,0,0,0,0,0,0,0,0,0,0,0,0,0,0,0,0,0,0,0,0,0,0,0,0,0,0,0,0,0,0,0,0,0,0,0,0,0,0,0,0,0,0,0,0,0,0,0,0,0,0,,,0,0,0,0,0,0,0,0,0,0,0,0,0,0,2,2,0,,,,,,,,,,,,,,,,0,,,,,,2,2,,6,0,0,0,0,0,0,0,0,0,0,0,0,0,0,0,0,0,0,0,0,0,0,0,1,1,0,0,0,0,0,0,0,0,0,0,0,0,0,0,0,,5,,,,,,,,,,0,0,1,0,0,0,0,0,0,0,0,2,1,,AHGP1396NOF,,,,1,1,1,0,1,0,1,0,0,0,0,0,0,0,0,0,,1,,AHGP1397NOF,,1,1,0,0,0,0,0,0,0,0,,0,,,,,1,,AHGP1949NOF,,0,,,,0,,,0,,,2,2,1,1677243371870.jpg,1484/23,0,,0,0,0,0,0,0,0,0,0,0,0,0,0,0,0,0,0,0,,,2,,,,,,,,,,,,,,,,,,,,,,,,,,,,0,"1484_23 (AP)",2023-02-23,,,2,,,,0,https://cloud.butterflynetwork.com/-/shared/lNFa3nnFRHaBruyuW0ZvWg?region=US,0,0,0,0,0,0,0,0,0,0,0,,2,,,,,,,,,,,,,,,,,,,,,,,,,,,,,,,,,,,,,,,,,,,,,,,,,,0,,,0,0,0,0,0,0,0,0,0,0,0,0,0,0,0,0,0,,,,,,,,,,,,,,,,,,,,0,,,,,0,,,,,,,,,,,0,,,,,,,,,,,,,,,,,,,,,,,,,,,,,0,,,0,0,0,0,0,0,0,0,0,0,0,0,0,0,0,0,0,0,0,0,0,0,,,,,,,,,,,,,,,,,,,,,,,0,0,0,0,0,0,0,0,0,0,0,0,,,0,0,0,0,0,0,0,0,0,0,,,,,0,,0,0,0,0,0,0,0,0,0,0,0,0,0,0,0,0,0,0,0,0,0,0,0,0,0,0,0,0,0,0,0,0,0,0,0,0,0,0,0,0,0,0,0,0,0,0,0,0,0,0,0,0,0,0,0,0,0,0,0,0,0,0,0,0,0,0,0,0,0,0,0,0,0,0,0,0,0,0,0,0,0,0,0,0,0,0,0,0,0,0,0,0,0,0,0,0,0,0,,,0
27-181,hds,"2023-02-21 15:18",1,1,0,0,1,1,0,2,16,2,,90,1,,,,,,0,0,0,0,0,1,0,0,0,0,0,0,0,0,0,0,0,0,0,,,,60,,,,,,,,,,,,2,,,,1,0,0,0,0,0,0,0,0,0,0,0,0,0,,,,,,,,1,,,,,,,,,,,,,,1,0,0,0,0,0,0,0,0,0,0,0,0,0,,0,0,0,0,,1,,,,,2,0,0,0,0,0,0,0,0,0,0,0,0,0,0,,,0,0,,,,,0,,,0,0,,173,36,140,73,47,18,96,1.2,15,0,0,1,1,,3,0,0,1,2,0,"Network problem ",0,,0,0,0,0,0,0,0,0,0,0,0,0,0,0,0,0,0,0,0,0,0,0,0,0,0,0,0,0,0,0,0,0,0,0,0,0,0,0,0,0,0,0,0,0,0,0,0,0,0,0,0,0,0,0,0,0,,,0,0,0,0,0,0,0,0,0,0,0,0,0,0,2,3,1,"Patient was so skinny ",,,,,,,,,,,,,,,0,,,,,,2,2,,3,0,0,0,0,0,0,0,0,0,0,0,0,0,0,0,0,0,0,0,0,0,0,0,1,0,0,1,0,0,0,0,1,0,0,0,0,0,0,0,0,,,,7,,,,,3,,,0,0,1,0,0,0,0,0,0,0,0,2,1,,AHGP0048NOF,,,,1,1,1,0,1,1,0,0,0,0,0,0,0,0,0,0,,1,,AHGP1357NOF,,1,1,0,0,0,0,0,0,0,0,,0,,,,,0,,,,0,,,,0,,,0,,,1,2,1,1677135786880.jpg,1445/23,0,,0,0,0,0,0,0,0,0,0,0,0,0,0,0,0,0,0,0,,,2,,,,,,,,,,,,,,,,,,,,,,,,,,,,0,"1445_23 (AP)",2023-02-22,,,2,,,,0,https://cloud.butterflynetwork.com/-/shared/88mMC_mBTwah9hhw89N3KA?region=US,0,0,0,0,0,0,0,0,0,0,0,,2,,,,,,,,,,,,,,,,,,,,,,,,,,,,,,,,,,,,,,,,,,,,,,,,,,0,,,0,0,0,0,0,0,0,0,0,0,0,0,0,0,0,0,0,,,,,,,,,,,,,,,,,,,,0,,,,,0,,,,,,,,,,,0,,,,,,,,,,,,,,,,,,,,,,,,,,,,,0,,,0,0,0,0,0,0,0,0,0,0,0,0,0,0,0,0,0,0,0,0,0,0,,,,,,,,,,,,,,,,,,,,,,,0,0,0,0,0,0,0,0,0,0,0,0,,,0,0,0,0,0,0,0,0,0,0,,,,,0,,0,0,0,0,0,0,0,0,0,0,0,0,0,0,0,0,0,0,0,0,0,0,0,0,0,0,0,0,0,0,0,0,0,0,0,0,0,0,0,0,0,0,0,0,0,0,0,0,0,0,0,0,0,0,0,0,0,0,0,0,0,0,0,0,0,0,0,0,0,0,0,0,0,0,0,0,0,0,0,0,0,0,0,0,0,0,0,0,0,0,0,0,0,0,0,0,0,0,,,0
27-182,hds,"2023-02-26 13:29",1,1,0,0,1,1,0,2,16,3,,,,4,,,,,0,1,0,0,0,0,1,0,0,0,0,0,0,0,0,0,0,0,0,,90,1,,,,,60,,,,,,,,2,,,,1,0,0,0,0,0,0,0,0,0,0,0,0,0,,,,,,,,1,,,,,,,,,,,,,,1,0,0,0,0,0,0,0,0,0,0,0,0,0,,0,0,0,0,,1,,,,,2,0,0,0,0,0,0,0,0,0,0,0,0,0,0,,,0,0,,,,,0,,,0,0,55,159,35.4,136,135,93,18,95,10.6,15,0,0,0,0,21.755468533681,1,0,0,1,2,1,,0,,0,0,0,0,0,0,0,0,0,0,0,0,0,0,0,0,0,0,0,0,0,0,0,0,0,0,0,0,0,0,0,0,0,0,0,0,0,0,0,0,0,0,0,0,0,0,0,0,0,0,0,0,0,0,0,0,,,0,0,0,0,0,0,0,0,0,0,0,0,0,0,2,2,0,,3,3,2,3,2,3,4,3,3,3,3,3,3,3,0,,,,,,2,2,,3,0,0,0,0,0,0,0,0,0,0,0,0,0,0,0,0,0,0,0,0,0,0,0,1,0,0,1,0,0,0,0,0,1,0,0,0,0,0,0,0,,,,7,,,,,,5,,0,1,1,0,0,0,0,0,0,0,0,2,1,,AHDC5717NOF,,,,1,1,1,0,1,1,0,0,0,0,0,0,0,0,0,0,,1,,AHDC5651NOF,,1,1,0,0,0,0,0,0,0,0,,0,,,,,1,,NICD,,0,,,,0,,,0,,,1,2,1,1677587398581.jpg,1551/23,0,,0,0,0,0,0,0,0,0,0,0,0,0,0,0,0,0,0,0,,,2,,,,,,,,,,,,,,,,,,,,,,,,,,,,0,1551_23,2023-02-27,,,2,,,,0,https://cloud.butterflynetwork.com/-/shared/5qTUnZBsRqGIYkDoyEMZYw?region=US,0,0,0,0,0,0,0,0,0,0,0,,2,,,,,,,,,,,,,,,,,,,,,,,,,,,,,,,,,,,,,,,,,,,,,,,,,,0,,,0,0,0,0,0,0,0,0,0,0,0,0,0,0,0,0,0,,,,,,,,,,,,,,,,,,,,0,,,,,0,,,,,,,,,,,0,,,,,,,,,,,,,,,,,,,,,,,,,,,,,0,,,0,0,0,0,0,0,0,0,0,0,0,0,0,0,0,0,0,0,0,0,0,0,,,,,,,,,,,,,,,,,,,,,,,0,0,0,0,0,0,0,0,0,0,0,0,,,0,0,0,0,0,0,0,0,0,0,,,,,0,,0,0,0,0,0,0,0,0,0,0,0,0,0,0,0,0,0,0,0,0,0,0,0,0,0,0,0,0,0,0,0,0,0,0,0,0,0,0,0,0,0,0,0,0,0,0,0,0,0,0,0,0,0,0,0,0,0,0,0,0,0,0,0,0,0,0,0,0,0,0,0,0,0,0,0,0,0,0,0,0,0,0,0,0,0,0,0,0,0,0,0,0,0,0,0,0,0,0,,,0
27-183,hds,"2023-03-02 14:12",1,1,0,0,1,1,0,2,16,3,,,,5,,,,,0,1,0,0,0,0,0,0,0,0,0,0,0,0,0,0,0,0,0,,15,1,,,,,,,,,,,,,2,,,,2,0,1,1,0,0,0,0,0,0,0,0,0,0,,,5,3,,,,1,,,,,,,,,,,,,,1,0,0,0,0,0,0,0,0,0,0,0,0,0,,0,0,0,0,,2,21,2023-03-02,,,,0,0,0,0,0,0,0,0,0,0,0,0,0,0,,,0,0,,,,,0,,,0,0,40,162,35.5,59,126,82,24,85,6.7,15,1,0,0,1,15.241579027587,2,0,0,1,2,0," No signal",0,,0,0,0,0,0,0,0,0,0,0,0,0,0,0,0,0,0,0,0,0,0,0,0,0,0,0,0,0,0,0,0,0,0,0,0,0,0,0,0,0,0,0,0,0,0,0,0,0,0,0,0,0,0,0,0,0,,,0,0,0,0,0,0,0,0,0,0,0,0,0,0,2,3,0,,2,3,2,3,2,3,3,3,3,2,2,3,,3,0,,,,,,2,2,,3,0,0,0,0,0,0,0,0,0,0,0,0,0,0,0,0,0,0,0,0,0,0,0,1,0,0,1,0,0,0,0,0,1,0,0,0,0,0,0,0,,,,5,,,,,,5,,1,1,1,0,0,0,0,0,0,0,0,2,1,,AHDC4260NOF,,,,1,1,1,0,1,0,0,0,0,0,0,0,0,0,0,0,,1,,AHDC5668NOF,,1,0,0,0,0,0,0,0,0,0,,0,,,,,1,,NICD,,0,,,,0,,,0,,,,2,1,1679554267144.jpg,1757/23,0,,0,0,0,0,0,0,0,0,0,0,0,0,0,0,0,0,0,0,,,2,,,,,,,,,,,,,,,,,,,,,,,,,,,,0,"1757_23 (AP)",2023-03-09,,,2,,,,0,https://cloud.butterflynetwork.com/-/shared/9ImUtxcYTBCtMa1TwKcvFg?region=US,0,0,0,0,0,0,0,0,0,0,0,,2,,,,,,,,,,,,,,,,,,,,,,,,,,,,,,,,,,,,,,,,,,,,,,,,,,0,,,0,0,0,0,0,0,0,0,0,0,0,0,0,0,0,0,0,,,,,,,,,,,,,,,,,,,,0,,,,,0,,,,,,,,,,,0,,,,,,,,,,,,,,,,,,,,,,,,,,,,,0,,,0,0,0,0,0,0,0,0,0,0,0,0,0,0,0,0,0,0,0,0,0,0,,,,,,,,,,,,,,,,,,,,,,,0,0,0,0,0,0,0,0,0,0,0,0,,,0,0,0,0,0,0,0,0,0,0,,,,,0,,0,0,0,0,0,0,0,0,0,0,0,0,0,0,0,0,0,0,0,0,0,0,0,0,0,0,0,0,0,0,0,0,0,0,0,0,0,0,0,0,0,0,0,0,0,0,0,0,0,0,0,0,0,0,0,0,0,0,0,0,0,0,0,0,0,0,0,0,0,0,0,0,0,0,0,0,0,0,0,0,0,0,0,0,0,0,0,0,0,0,0,0,0,0,0,0,0,0,,,0
27-184,hds,"2023-03-02 12:10",1,1,0,0,1,1,,2,16,2,,14,1,,,,,,0,0,1,1,0,0,0,0,0,0,0,0,0,0,0,0,0,0,0,,,,,2,14,,,,,,,,,,2,,,,1,0,0,0,0,0,0,0,0,0,0,0,0,0,,,,,,,,1,,,,,,,,,,,,,,1,0,0,0,0,0,0,0,0,0,0,0,0,0,,1,0,0,0,,0,,,,,,0,0,0,0,0,0,0,0,0,0,0,0,0,0,,,0,0,,,,,0,,,0,2,62,163,36.1,115,156,90,20,97,19.8,15,0,0,0,0,23.335466144755,2,0,0,0,2,0,"Network problem",0,,0,0,0,0,0,0,0,0,0,0,0,0,0,0,0,0,0,0,0,0,0,0,0,0,0,0,0,0,0,0,0,0,0,0,0,0,0,0,0,0,0,0,0,0,0,0,0,0,0,0,0,0,0,0,0,0,,,0,0,0,0,0,0,0,0,0,0,0,0,0,0,2,1,0,,,,,,,,,,,,,,,,0,,,,,,2,2,,6,0,0,1,0,0,0,0,0,0,0,0,0,0,0,0,0,0,0,0,0,0,0,0,1,0,0,1,0,0,0,0,0,0,0,0,0,0,0,0,0,,,,7,,,,,,,,0,0,1,0,0,0,0,0,0,0,0,2,1,,AHNH6116NOF,,,,0,1,1,0,0,0,1,0,0,0,0,0,0,0,0,0,,1,,"AHNH6117NOF/ AHGP1610NOF",,1,1,0,0,0,0,0,0,0,0,,0,,,,,1,,NICD,,0,,,,0,,,0,,,2,2,1,1679554445820.jpg,1653/23,0,,0,0,0,0,0,0,0,0,0,0,0,0,0,0,0,0,0,0,,,2,,,,,,,,,,,,,,,,,,,,,,,,,,,,0,"1653_23 (PA)",2023-03-02,,,2,,,,0,https://cloud.butterflynetwork.com/-/shared/kOSeP3M3TN2XEtEVIYx9EA?region=US,0,0,0,0,0,0,0,0,0,0,0,,2,,,,,,,,,,,,,,,,,,,,,,,,,,,,,,,,,,,,,,,,,,,,,,,,,,0,,,0,0,0,0,0,0,0,0,0,0,0,0,0,0,0,0,0,,,,,,,,,,,,,,,,,,,,0,,,,,0,,,,,,,,,,,0,,,,,,,,,,,,,,,,,,,,,,,,,,,,,0,,,0,0,0,0,0,0,0,0,0,0,0,0,0,0,0,0,0,0,0,0,0,0,,,,,,,,,,,,,,,,,,,,,,,0,0,0,0,0,0,0,0,0,0,0,0,,,0,0,0,0,0,0,0,0,0,0,,,,,0,,0,0,0,0,0,0,0,0,0,0,0,0,0,0,0,0,0,0,0,0,0,0,0,0,0,0,0,0,0,0,0,0,0,0,0,0,0,0,0,0,0,0,0,0,0,0,0,0,0,0,0,0,0,0,0,0,0,0,0,0,0,0,0,0,0,0,0,0,0,0,0,0,0,0,0,0,0,0,0,0,0,0,0,0,0,0,0,0,0,0,0,0,0,0,0,0,0,0,,,0
27-185,hds,"2023-03-05 13:18",1,1,0,0,1,1,0,2,16,2,,15,1,,,,,,0,0,1,0,0,0,0,0,0,0,0,0,0,0,0,0,0,0,0,,,,,7,,,,,,,,,,,2,,,,1,0,0,0,0,0,0,0,0,0,0,0,0,0,,,,,,,,1,,,,,,,,,,,,,,3,0,0,0,0,0,0,0,0,0,0,0,0,0,,0,0,0,0,,2,,,,,,0,0,0,0,0,0,0,0,0,0,0,0,0,0,,,0,0,,,,,0,,,1,0,48,171,36.5,151,121,74,28,77,7.3,15,1,0,0,1,16.415307274033,2,0,0,1,2,1,,0,,0,0,0,0,0,0,0,0,0,0,0,0,0,0,0,0,0,0,0,0,0,0,0,0,0,0,0,0,0,0,0,0,0,0,0,0,0,0,0,0,0,0,0,0,0,0,0,0,0,0,0,0,0,0,0,0,,,0,0,0,0,0,0,0,0,0,0,0,0,0,0,2,2,0,,2,2,2,3,2,3,2,3,2,2,2,2,2,2,0,,,,,,2,2,,3,0,0,0,0,0,0,0,0,0,0,0,0,0,0,0,0,0,0,0,0,0,0,0,1,0,0,1,0,0,0,0,0,0,0,0,0,0,0,0,0,,,,5,,,,,,,,0,0,1,0,0,0,0,0,0,0,0,2,1,,AHDC4283NOF,,,,1,1,1,0,0,0,0,0,0,0,0,0,0,0,0,0,,1,,AHGP1928NOF,,1,0,0,0,0,0,0,0,0,0,,0,,,,,1,,NICD,,0,,,,0,,,0,,,2,2,1,1679554109973.jpg,1739/23,0,,0,0,0,0,0,0,0,0,0,0,0,0,0,0,0,0,0,0,,,2,,,,,,,,,,,,,,,,,,,,,,,,,,,,0,"1739_23 (PA)",2023-03-07,,,2,,,,0,https://cloud.butterflynetwork.com/-/shared/3NCwJ8AwTOu9bupUchtpTQ?region=US,0,0,0,0,0,0,0,0,0,0,0,,2,,,,,,,,,,,,,,,,,,,,,,,,,,,,,,,,,,,,,,,,,,,,,,,,,,0,,,0,0,0,0,0,0,0,0,0,0,0,0,0,0,0,0,0,,,,,,,,,,,,,,,,,,,,0,,,,,0,,,,,,,,,,,0,,,,,,,,,,,,,,,,,,,,,,,,,,,,,0,,,0,0,0,0,0,0,0,0,0,0,0,0,0,0,0,0,0,0,0,0,0,0,,,,,,,,,,,,,,,,,,,,,,,0,0,0,0,0,0,0,0,0,0,0,0,,,0,0,0,0,0,0,0,0,0,0,,,,,0,,0,0,0,0,0,0,0,0,0,0,0,0,0,0,0,0,0,0,0,0,0,0,0,0,0,0,0,0,0,0,0,0,0,0,0,0,0,0,0,0,0,0,0,0,0,0,0,0,0,0,0,0,0,0,0,0,0,0,0,0,0,0,0,0,0,0,0,0,0,0,0,0,0,0,0,0,0,0,0,0,0,0,0,0,0,0,0,0,0,0,0,0,0,0,0,0,0,0,,,0
27-186,hds,"2023-03-04 17:31",1,1,0,0,1,1,,2,16,2,,14,1,,,,,,0,0,1,1,0,0,0,1,0,0,0,0,0,0,0,0,0,0,0,,,,,,14,,,5,,,,,,,2,,,,1,0,0,0,0,0,0,0,0,0,0,0,0,0,,,,,,,,1,,,,,,,,,,,,,,3,0,0,0,0,0,0,0,0,0,0,0,0,0,,0,0,0,0,,0,,,,,,0,0,0,0,0,0,0,0,0,0,0,0,0,0,,,0,1,2,3,2021,10,0,,,0,2,85,168,36.1,107,124,64,22,90,5.8,15,1,0,0,1,30.116213151927,2,0,0,0,2,0,"Network problem",0,,0,0,0,0,0,0,0,0,0,0,0,0,0,0,0,0,0,0,0,0,0,0,0,0,0,0,0,0,0,0,0,0,0,0,0,0,0,0,0,0,0,0,0,0,0,0,0,0,0,0,0,0,0,0,0,0,,,0,0,0,0,0,0,0,0,0,0,0,0,0,0,2,1,0,,,,,,,,,,,,,,,,0,,,,,,2,2,,6,0,0,0,0,0,0,0,0,0,0,0,0,0,0,0,0,0,0,0,0,0,0,0,1,0,0,1,0,0,0,0,0,0,0,0,0,0,0,0,0,,,,7,,,,,,,,0,0,1,0,0,0,0,0,0,0,0,2,1,,AHNH6993NOF,,,,1,1,1,0,0,0,1,0,0,0,0,0,0,0,0,0,,1,,AHNH6994NOF,,0,1,0,0,0,0,0,0,0,0,,0,,,,,,,,,0,,,,0,,,0,,,2,2,0,,,,,0,0,0,0,0,0,0,0,0,0,0,0,0,0,0,0,0,0,,,2,,,,,,,,,,,,,,,,,,,,,,,,,,,,0,,,,,2,,,,0,https://cloud.butterflynetwork.com/-/shared/Mxrbg1J1TbG4U8w9kyqIiw?region=US,0,0,0,0,0,0,0,0,0,0,0,,2,,,,,,,,,,,,,,,,,,,,,,,,,,,,,,,,,,,,,,,,,,,,,,,,,,0,,,0,0,0,0,0,0,0,0,0,0,0,0,0,0,0,0,0,,,,,,,,,,,,,,,,,,,,0,,,,,0,,,,,,,,,,,0,,,,,,,,,,,,,,,,,,,,,,,,,,,,,0,,,0,0,0,0,0,0,0,0,0,0,0,0,0,0,0,0,0,0,0,0,0,0,,,,,,,,,,,,,,,,,,,,,,,0,0,0,0,0,0,0,0,0,0,0,0,,,0,0,0,0,0,0,0,0,0,0,,,,,0,,0,0,0,0,0,0,0,0,0,0,0,0,0,0,0,0,0,0,0,0,0,0,0,0,0,0,0,0,0,0,0,0,0,0,0,0,0,0,0,0,0,0,0,0,0,0,0,0,0,0,0,0,0,0,0,0,0,0,0,0,0,0,0,0,0,0,0,0,0,0,0,0,0,0,0,0,0,0,0,0,0,0,0,0,0,0,0,0,0,0,0,0,0,0,0,0,0,0,,,0
27-187,hds,"2023-03-14 22:14",1,1,0,0,1,1,,2,16,2,,21,0,,,,,,0,0,1,1,0,0,0,0,0,0,0,0,0,0,0,0,0,0,0,,,,,2,21,,,,,,,,,,2,,,,1,0,0,0,0,0,0,0,0,0,0,0,0,0,,,,,,,,1,,,,,,,,,,,,,,1,0,0,0,0,0,0,0,0,0,0,0,0,0,,0,0,0,0,,1,,,,,2,0,0,0,0,0,0,0,0,0,0,0,0,0,0,,,0,0,,,,,0,,,0,2,68,161,35.7,100,129,73,20,98,5.7,15,0,0,0,0,26.233555804174,1,0,0,0,2,0,"Network problem",0,,0,0,0,0,0,0,0,0,0,0,0,0,0,0,0,0,0,0,0,0,0,0,0,0,0,0,0,0,0,0,0,0,0,0,0,0,0,0,0,0,0,0,0,0,0,0,0,0,0,0,0,0,0,0,0,0,,,0,0,0,0,0,0,0,0,0,0,0,0,0,0,2,1,0,,,,,,,,,,,,,,,,0,,,,,,2,2,,6,0,0,0,0,0,0,0,0,0,0,0,0,0,0,0,0,0,0,0,0,0,0,0,1,0,0,1,0,0,1,0,0,0,0,0,0,0,0,0,0,,,,5,,,7,,,,,0,0,1,0,0,0,0,0,0,0,0,2,1,AHGP1949NOF,AHDC5533NOF,,,,1,1,1,0,0,0,0,0,0,0,0,0,0,0,0,0,,1,,AHGP1948NOF,,1,0,0,0,0,0,0,0,0,0,,0,,,,,1,AHGP1949NOF,,,0,,,,0,,,0,,,0,2,1,1679554526310.jpg,1834/23,0,,0,0,0,0,0,0,0,0,0,0,0,0,0,0,0,0,0,0,,,2,,,,,,,,,,,,,,,,,,,,,,,,,,,,0,1834_23,2023-03-15,,,2,,,,0,https://cloud.butterflynetwork.com/-/shared/8jUX64cKQ5eb-43aPwtwRA?region=US,0,0,0,0,0,0,0,0,0,0,0,,2,,,,,,,,,,,,,,,,,,,,,,,,,,,,,,,,,,,,,,,,,,,,,,,,,,0,,,0,0,0,0,0,0,0,0,0,0,0,0,0,0,0,0,0,,,,,,,,,,,,,,,,,,,,0,,,,,0,,,,,,,,,,,0,,,,,,,,,,,,,,,,,,,,,,,,,,,,,0,,,0,0,0,0,0,0,0,0,0,0,0,0,0,0,0,0,0,0,0,0,0,0,,,,,,,,,,,,,,,,,,,,,,,0,0,0,0,0,0,0,0,0,0,0,0,,,0,0,0,0,0,0,0,0,0,0,,,,,0,,0,0,0,0,0,0,0,0,0,0,0,0,0,0,0,0,0,0,0,0,0,0,0,0,0,0,0,0,0,0,0,0,0,0,0,0,0,0,0,0,0,0,0,0,0,0,0,0,0,0,0,0,0,0,0,0,0,0,0,0,0,0,0,0,0,0,0,0,0,0,0,0,0,0,0,0,0,0,0,0,0,0,0,0,0,0,0,0,0,0,0,0,0,0,0,0,0,0,,,0
27-188,hds,"2023-03-14 17:36",1,1,0,0,1,1,0,2,14,2,,30,1,,,,,,0,0,0,0,0,0,0,1,0,0,0,0,0,0,0,0,0,0,0,,,,,,,,,25,,,,,,,2,,,,1,0,0,0,0,0,0,0,0,0,0,0,0,0,,,,,,,,1,,,,,,,,,,,,,,1,0,0,0,0,0,0,0,0,0,0,0,0,0,,0,0,0,0,,2,,,,,,0,0,0,0,0,0,0,0,0,0,0,0,0,0,,,0,1,2,3,2021,10,0,,,0,0,55,167,36.6,145,132,68,20,99,5.3,15,0,0,0,0,19.72103696798,3,0,0,1,2,0,"Network problem ",0,,0,0,0,0,0,0,0,0,0,0,0,0,0,0,0,0,0,0,0,0,0,0,0,0,0,0,0,0,0,0,0,0,0,0,0,0,0,0,0,0,0,0,0,0,0,0,0,0,0,0,0,0,0,0,0,0,,,0,0,0,0,0,0,0,0,0,0,0,0,0,0,2,2,0,,2,,2,1,2,1,,,,,,,,,0,,,,,,2,2,,3,0,0,0,0,0,0,0,0,0,0,0,0,0,0,0,0,0,0,0,0,0,0,0,1,0,0,1,0,1,0,0,1,0,0,0,0,0,0,0,0,,,,5,,5,,,3,,,0,0,1,0,0,0,0,0,0,0,0,2,1,,AHDC5530NOF,,,,1,1,1,1,1,0,0,0,0,0,0,0,0,0,0,0,,1,,AHGP0844NOF,,1,0,0,0,0,0,0,0,0,0,,0,,,,,1,,AHNH7203NOF,,0,,,,0,,,0,,,2,2,0,,,,,0,0,0,0,0,0,0,0,0,0,0,0,0,0,0,0,0,1,1178/23,1679553995745.jpg,2,,,,,,,,,,,,,,,,,,,,,,,,,,,,0,,,"1178_23 (PA) (old)",,2,,,,0,https://cloud.butterflynetwork.com/-/shared/MwZAonV3QnyPWL4tavy0nA?region=US,0,0,0,0,0,0,0,0,0,0,0,,2,,,,,,,,,,,,,,,,,,,,,,,,,,,,,,,,,,,,,,,,,,,,,,,,,,0,,,0,0,0,0,0,0,0,0,0,0,0,0,0,0,0,0,0,,,,,,,,,,,,,,,,,,,,0,,,,,0,,,,,,,,,,,0,,,,,,,,,,,,,,,,,,,,,,,,,,,,,0,,,0,0,0,0,0,0,0,0,0,0,0,0,0,0,0,0,0,0,0,0,0,0,,,,,,,,,,,,,,,,,,,,,,,0,0,0,0,0,0,0,0,0,0,0,0,,,0,0,0,0,0,0,0,0,0,0,,,,,0,,0,0,0,0,0,0,0,0,0,0,0,0,0,0,0,0,0,0,0,0,0,0,0,0,0,0,0,0,0,0,0,0,0,0,0,0,0,0,0,0,0,0,0,0,0,0,0,0,0,0,0,0,0,0,0,0,0,0,0,0,0,0,0,0,0,0,0,0,0,0,0,0,0,0,0,0,0,0,0,0,0,0,0,0,0,0,0,0,0,0,0,0,0,0,0,0,0,0,,,0
27-189,hds,"2023-03-16 17:55",1,1,0,0,1,1,,2,16,2,,21,1,,,,,,0,0,0,1,0,0,0,1,0,0,0,0,0,0,0,0,0,0,0,,,,,,14,,,3,,,,,,,2,,,,1,0,0,0,0,0,0,0,0,0,0,0,0,0,,,,,,,,1,,,,,,,,,,,,,,1,0,0,0,0,0,0,0,0,0,0,0,0,0,,0,0,0,0,,1,,,,,2,0,0,0,0,0,0,0,0,0,0,0,0,0,0,,,0,0,,,,,0,,,0,2,35.3,175,36.8,119,108,67,20,95,7.0,15,0,0,0,0,11.526530612245,2,0,0,0,2,1,,0,,0,0,0,0,0,0,0,0,0,0,0,0,0,0,0,0,0,0,0,0,0,0,0,0,0,0,0,0,0,0,0,0,0,0,0,0,0,0,0,0,0,0,0,0,0,0,0,0,0,0,0,0,0,0,0,0,,,0,0,0,0,0,0,0,0,0,0,0,0,0,0,2,1,0,,,,,,,,,,,,,,,,0,,,,,,2,2,,6,0,0,0,0,0,0,0,0,0,0,0,0,0,0,0,0,0,0,0,0,0,0,0,1,0,0,1,0,0,0,0,0,0,0,0,0,0,0,0,0,,,,7,,,,,,,,0,0,1,0,0,0,0,0,0,0,0,2,1,,AHDC5515NOF,,AHNH7217NOF,,1,1,1,0,1,1,0,0,0,0,0,0,0,0,0,0,,1,,"AHNH6752NOF /AHNH6753NOF",,1,1,0,0,0,0,0,0,0,0,,0,,,,,1,,NICD,,0,,,,0,,,0,,,0,2,1,1679554573921.jpg,1924/23,0,,0,0,0,0,0,0,0,0,0,0,0,0,0,0,0,0,0,0,,,2,,,,,,,,,,,,,,,,,,,,,,,,,,,,0,1924_23,2023-03-17,,,2,,,,0,https://cloud.butterflynetwork.com/-/shared/nL0UF1tBS-27bXqnpMZp7Q?region=US,0,0,0,0,0,0,0,0,0,0,0,,2,,,,,,,,,,,,,,,,,,,,,,,,,,,,,,,,,,,,,,,,,,,,,,,,,,0,,,0,0,0,0,0,0,0,0,0,0,0,0,0,0,0,0,0,,,,,,,,,,,,,,,,,,,,0,,,,,0,,,,,,,,,,,0,,,,,,,,,,,,,,,,,,,,,,,,,,,,,0,,,0,0,0,0,0,0,0,0,0,0,0,0,0,0,0,0,0,0,0,0,0,0,,,,,,,,,,,,,,,,,,,,,,,0,0,0,0,0,0,0,0,0,0,0,0,,,0,0,0,0,0,0,0,0,0,0,,,,,0,,0,0,0,0,0,0,0,0,0,0,0,0,0,0,0,0,0,0,0,0,0,0,0,0,0,0,0,0,0,0,0,0,0,0,0,0,0,0,0,0,0,0,0,0,0,0,0,0,0,0,0,0,0,0,0,0,0,0,0,0,0,0,0,0,0,0,0,0,0,0,0,0,0,0,0,0,0,0,0,0,0,0,0,0,0,0,0,0,0,0,0,0,0,0,0,0,0,0,,,0
27-190,hds,"2023-03-24 15:19",1,1,0,0,1,1,0,2,14,2,,21,1,,,,,,0,0,0,0,0,1,0,0,0,0,0,0,0,0,0,0,0,0,0,,,,21,,,,,,,,,,,,2,,,,1,0,0,0,0,0,0,0,0,0,0,0,0,0,,,,,,,,2,,,,2019,,0,,0,,3,4,,,2,0,0,0,0,0,0,0,0,0,0,0,0,0,,0,0,0,0,,1,,,,,,0,0,0,0,0,0,0,0,0,0,0,0,0,0,,,0,1,2,2,2021,10,0,,,1,0,60,171,36,97,14,70,38,96,5,15,1,0,1,2,20.519134092541,5,0,0,1,2,1,,0,,0,0,0,0,0,0,0,0,0,0,0,0,0,0,0,0,0,0,0,0,0,0,0,0,0,0,0,0,0,0,0,0,0,0,0,0,0,0,0,0,0,0,0,0,0,0,0,0,0,0,0,0,0,0,0,0,,,0,0,0,0,0,0,0,0,0,0,0,0,0,0,2,2,,,2,4,2,3,2,3,2,2,2,2,2,2,2,3,0,,,,,,2,2,,3,0,0,0,0,0,0,0,0,0,0,0,0,0,0,0,0,0,0,0,0,0,0,0,1,0,0,1,0,1,0,0,1,0,0,0,0,0,0,0,0,,,,5,,5,,,3,,,0,0,1,0,0,0,0,0,0,0,0,2,1,,AHNH7362NOF,,,,1,1,1,0,0,0,1,0,0,0,0,0,0,0,0,0,,1,,AHNH7363NOF,,1,0,0,0,0,0,0,0,0,0,,1,,,,,1,,AHNH7361NOF,,0,,,,0,,,0,,,2,2,1,,2108/23,1,0,0,0,0,0,1,0,0,0,0,0,0,0,0,0,0,0,0,0,,,2,,,,,,,,,,,,,,,,,,,,,,,,,,,,0,"2108_23 (PA)",2023-03-24,,,2,,,,0,https://cloud.butterflynetwork.com/-/shared/Tt9P7jUrQVKYAyB-cZwSyA?region=US,0,0,0,0,0,0,0,0,0,0,0,,2,,,,,,,,,,,,,,,,,,,,,,,,,,,,,,,,,,,,,,,,,,,,,,,,,,0,,,0,0,0,0,0,0,0,0,0,0,0,0,0,0,0,0,0,,,,,,,,,,,,,,,,,,,,0,,,,,0,,,,,,,,,,,0,,,,,,,,,,,,,,,,,,,,,,,,,,,,,0,,,0,0,0,0,0,0,0,0,0,0,0,0,0,0,0,0,0,0,0,0,0,0,,,,,,,,,,,,,,,,,,,,,,,0,0,0,0,0,0,0,0,0,0,0,0,,,0,0,0,0,0,0,0,0,0,0,,,,,0,,0,0,0,0,0,0,0,0,0,0,0,0,0,0,0,0,0,0,0,0,0,0,0,0,0,0,0,0,0,0,0,0,0,0,0,0,0,0,0,0,0,0,0,0,0,0,0,0,0,0,0,0,0,0,0,0,0,0,0,0,0,0,0,0,0,0,0,0,0,0,0,0,0,0,0,0,0,0,0,0,0,0,0,0,0,0,0,0,0,0,0,0,0,0,0,0,0,0,,,0
27-191,hds,"2023-03-27 14:39",1,1,0,0,1,1,0,2,16,2,,21,1,,,,,,0,0,1,0,0,0,0,0,0,0,0,0,0,0,0,0,0,0,0,,,,,5,,,,,,,,,,,2,,,,1,0,0,0,0,0,0,0,0,0,0,0,0,0,,,,,,,,1,,,,,,,,,,,,,,1,0,0,0,0,0,0,0,0,0,0,0,0,0,,0,0,0,0,,1,,,,,2,0,0,0,0,0,0,0,0,0,0,0,0,0,0,,,0,1,1,1,2022,5,0,,,0,0,45,150,36.2,121,124,55,22,82,6.5,15,1,0,0,1,20,5,0,0,0,2,1,,0,,0,0,0,0,0,0,0,0,0,0,0,0,0,0,0,0,0,0,0,0,0,0,0,0,0,0,0,0,0,0,0,0,0,0,0,0,0,0,0,0,0,0,0,0,0,0,0,0,0,0,0,0,0,0,0,0,,,0,0,0,0,0,0,0,0,0,0,0,0,0,0,2,2,1,"Patient was inpatient about the scan",,,,,,,,,,,,,,,1,3,2,1,1,1,2,2,,3,0,0,0,0,0,0,0,0,0,0,0,0,0,0,0,0,0,0,0,0,0,0,0,1,0,0,0,0,1,0,0,0,0,0,0,0,0,0,0,0,,,,,,5,,,,,,0,0,1,0,0,0,0,0,0,0,0,2,1,,AHNH75335NOF,,,,1,1,1,0,1,0,0,0,0,0,0,0,0,0,0,0,,1,,"AHNH7334NOF         AHNH7338NOF",,1,1,0,0,0,0,0,0,0,0,,0,,,,,1,,Nicd,,0,,,,0,,,0,,,0,2,1,1682075141012.jpg,2178/23,0,,0,0,0,0,0,0,0,0,0,0,0,0,0,0,0,0,0,0,,,2,,,,,,,,,,,,,,,,,,,,,,,,,,,,0,"2178_23 (AP)",2023-03-31,,,2,,,,0,https://cloud.butterflynetwork.com/-/shared/UFCqJSXdRDe5Ts2aYT9McQ?region=US,0,0,0,0,0,0,0,0,0,0,0,,2,,,,,,,,,,,,,,,,,,,,,,,,,,,,,,,,,,,,,,,,,,,,,,,,,,0,,,0,0,0,0,0,0,0,0,0,0,0,0,0,0,0,0,0,,,,,,,,,,,,,,,,,,,,0,,,,,0,,,,,,,,,,,0,,,,,,,,,,,,,,,,,,,,,,,,,,,,,0,,,0,0,0,0,0,0,0,0,0,0,0,0,0,0,0,0,0,0,0,0,0,0,,,,,,,,,,,,,,,,,,,,,,,0,0,0,0,0,0,0,0,0,0,0,0,,,0,0,0,0,0,0,0,0,0,0,,,,,0,,0,0,0,0,0,0,0,0,0,0,0,0,0,0,0,0,0,0,0,0,0,0,0,0,0,0,0,0,0,0,0,0,0,0,0,0,0,0,0,0,0,0,0,0,0,0,0,0,0,0,0,0,0,0,0,0,0,0,0,0,0,0,0,0,0,0,0,0,0,0,0,0,0,0,0,0,0,0,0,0,0,0,0,0,0,0,0,0,0,0,0,0,0,0,0,0,0,0,,,0
27-192,hds,"2023-03-24 12:28",1,1,0,0,1,1,,2,16,3,,,0,2,,,,,0,1,0,0,0,0,0,1,0,0,0,0,0,0,0,0,0,0,0,,14,0,,,,,,14,,,,,,,2,0,,,1,0,0,0,0,0,0,0,0,0,0,0,0,0,,,,,,,,1,,,,,,,,,,,,,,1,0,0,0,0,0,0,0,0,0,0,0,0,0,,0,0,0,0,,1,,,,,2,0,0,0,0,0,0,0,0,0,0,0,0,0,0,,,0,1,2,2,2022,10,0,,,0,2,78,168,36.7,124,127,65,24,88,7.5,15,1,0,0,1,27.636054421769,3,0,0,0,2,0,"Network problem",0,,0,0,0,0,0,0,0,0,0,0,0,0,0,0,0,0,0,0,0,0,0,0,0,0,0,0,0,0,0,0,0,0,0,0,0,0,0,0,0,0,0,0,0,0,0,0,0,0,0,0,0,0,0,0,0,0,,,0,0,0,0,0,0,0,0,0,0,0,0,0,0,2,2,0,,,,,,,,,5,4,5,,,7,5,1,2,1,,1,,2,2,,7,0,0,0,0,0,0,0,0,0,0,0,0,0,0,0,0,0,0,0,0,0,0,0,1,0,0,1,0,0,0,0,0,0,0,0,0,0,0,0,0,,,,7,,,,,,,,0,1,1,0,0,0,0,0,0,0,0,2,1,,AHNH7359NOF,,,,1,1,1,0,0,0,0,0,0,0,0,0,0,0,0,0,,1,,AHNH7360NOF,,1,0,0,0,0,0,0,0,0,0,,,,,,,1,,AHNH7361NOF,,1,,AHGN0429NOF,,0,,,0,,,2,2,1,1683717883005.jpg,2098/23,0,,0,0,0,0,0,0,0,0,0,0,0,0,0,0,0,0,0,0,,,2,,,,,,,,,,,,,,,,,,,,,,,,,,,,0,2098_23,2023-03-24,,,2,,,,0,https://cloud.butterflynetwork.com/-/shared/LhHCjA98TDqyvBsC9tI3zQ?region=US,0,0,0,0,0,0,0,0,0,0,0,,2,,,,,,,,,,,,,,,,,,,,,,,,,,,,,,,,,,,,,,,,,,,,,,,,,,0,,,0,0,0,0,0,0,0,0,0,0,0,0,0,0,0,0,0,,,,,,,,,,,,,,,,,,,,0,,,,,0,,,,,,,,,,,0,,,,,,,,,,,,,,,,,,,,,,,,,,,,,0,,,0,0,0,0,0,0,0,0,0,0,0,0,0,0,0,0,0,0,0,0,0,0,,,,,,,,,,,,,,,,,,,,,,,0,0,0,0,0,0,0,0,0,0,0,0,,,0,0,0,0,0,0,0,0,0,0,,,,,0,,0,0,0,0,0,0,0,0,0,0,0,0,0,0,0,0,0,0,0,0,0,0,0,0,0,0,0,0,0,0,0,0,0,0,0,0,0,0,0,0,0,0,0,0,0,0,0,0,0,0,0,0,0,0,0,0,0,0,0,0,0,0,0,0,0,0,0,0,0,0,0,0,0,0,0,0,0,0,0,0,0,0,0,0,0,0,0,0,0,0,0,0,0,0,0,0,0,0,,,0
27-193,hds,"2023-03-27 14:03",1,1,0,0,1,1,,2,16,2,,14,1,,,,,,0,0,1,0,0,0,0,1,0,0,0,0,0,0,0,0,0,0,0,,,,,1,,,,5,,,,,,,2,,,,1,0,0,0,0,0,0,0,0,0,0,0,0,0,,,,,,,,1,,1,,,,,,,,,,,,3,0,0,0,0,0,0,0,0,0,0,0,0,0,,0,0,,0,,0,,,,,,0,0,0,0,0,0,0,0,0,0,0,0,0,0,,,0,0,,,,,0,,,1,0,75,169,37.5,92,124,81,22,62,6.3,15,1,0,0,1,26.259584748433,3,1,0,0,2,1,,0,,0,0,0,0,0,0,0,0,0,0,0,0,0,0,0,0,0,0,0,0,0,0,0,0,0,0,0,0,0,0,0,0,0,0,0,0,0,0,0,0,0,0,0,0,0,0,0,0,0,0,0,0,0,0,0,0,,,0,0,0,0,0,0,0,0,0,0,0,0,0,0,2,2,0,,,,,,,,,,,,,,,,1,1,,1,,,2,2,,7,0,0,0,0,0,0,0,0,0,0,0,0,0,0,0,0,0,0,0,0,0,0,0,1,0,0,1,0,0,0,0,0,0,0,0,0,0,0,0,0,,,,7,,,,,,,,0,1,1,0,0,0,0,0,0,0,0,2,0,,,,,,0,0,0,0,0,0,0,0,0,0,0,0,0,0,0,0,,1,,AHNH6790NOF,,1,0,0,0,0,0,0,0,0,0,,0,,,,,1,,NICD,,0,,,,0,,,0,,,2,2,1,1683717978990.jpg,2058/23,0,,0,0,0,0,0,0,0,0,0,0,0,0,0,0,0,0,0,0,,,2,,,,,,,,,,,,,,,,,,,,,,,,,,,,0,2058_23,2023-03-27,,,2,,,,0,https://cloud.butterflynetwork.com/-/shared/EET-TEQpS2a7vNUsCNBFxQ?region=US,0,0,0,0,0,0,0,0,0,0,0,,2,,,,,,,,,,,,,,,,,,,,,,,,,,,,,,,,,,,,,,,,,,,,,,,,,,0,,,0,0,0,0,0,0,0,0,0,0,0,0,0,0,0,0,0,,,,,,,,,,,,,,,,,,,,0,,,,,0,,,,,,,,,,,0,,,,,,,,,,,,,,,,,,,,,,,,,,,,,0,,,0,0,0,0,0,0,0,0,0,0,0,0,0,0,0,0,0,0,0,0,0,0,,,,,,,,,,,,,,,,,,,,,,,0,0,0,0,0,0,0,0,0,0,0,0,,,0,0,0,0,0,0,0,0,0,0,,,,,0,,0,0,0,0,0,0,0,0,0,0,0,0,0,0,0,0,0,0,0,0,0,0,0,0,0,0,0,0,0,0,0,0,0,0,0,0,0,0,0,0,0,0,0,0,0,0,0,0,0,0,0,0,0,0,0,0,0,0,0,0,0,0,0,0,0,0,0,0,0,0,0,0,0,0,0,0,0,0,0,0,0,0,0,0,0,0,0,0,0,0,0,0,0,0,0,0,0,0,,,0
27-194,hds,"2023-03-29 12:30",1,1,0,0,1,1,,2,16,2,,14,1,,,,,,0,0,0,0,0,0,1,1,0,0,0,0,0,0,0,0,0,0,0,,,,,,,,14,5,,,,,,,2,,,,1,0,0,0,0,0,0,0,0,0,0,0,0,0,,,,,,,,2,,,,2022,,0,,0,,3,2,,,3,0,0,0,0,0,0,0,0,0,0,0,0,0,,0,0,0,0,,1,,,,,2,0,0,0,0,0,0,0,0,0,0,0,0,0,0,,,0,1,1,2,2022,8,0,,,0,2,47,170,36.0,73,101,65,22,96,8.6,15,1,0,0,1,16.262975778547,2,0,0,0,2,1,,0,,0,0,0,0,0,0,0,0,0,0,0,0,0,0,0,0,0,0,0,0,0,0,0,0,0,0,0,0,0,0,0,0,0,0,0,0,0,0,0,0,0,0,0,0,0,0,0,0,0,0,0,0,0,0,0,0,,,0,0,0,0,0,0,0,0,0,0,0,0,0,0,2,1,0,,,,,,,,,,,,,,,,0,,,,,,2,2,,3,0,0,0,0,0,1,0,0,0,0,0,0,0,0,0,0,0,0,0,0,0,0,1,1,0,0,1,0,0,0,0,0,1,0,0,0,0,0,0,0,,,,7,,,,,,7,,,0,1,0,0,0,0,0,0,0,0,2,1,,AHNH6621NOF,,ADHS9398HOF,,1,1,1,0,1,1,0,0,0,0,0,0,0,0,0,0,,1,,AHNH7928NOF,,1,0,0,0,0,0,0,0,0,0,,0,,,,,1,,NICD,,0,,,,0,,,0,,,1,2,1,,2118/23,0,,0,0,0,0,0,0,0,0,0,0,0,0,0,0,0,0,0,0,,,2,,,,,,,,,,,,,,,,,,,,,,,,,,,,0,"2118_23 (PA)",2023-03-29,,,2,,,,0,https://cloud.butterflynetwork.com/-/shared/lEXeOWuJQt2-kj9xwQ9U1w?region=US,0,0,0,0,0,0,0,0,0,0,0,,2,,,,,,,,,,,,,,,,,,,,,,,,,,,,,,,,,,,,,,,,,,,,,,,,,,0,,,0,0,0,0,0,0,0,0,0,0,0,0,0,0,0,0,0,,,,,,,,,,,,,,,,,,,,0,,,,,0,,,,,,,,,,,0,,,,,,,,,,,,,,,,,,,,,,,,,,,,,0,,,0,0,0,0,0,0,0,0,0,0,0,0,0,0,0,0,0,0,0,0,0,0,,,,,,,,,,,,,,,,,,,,,,,0,0,0,0,0,0,0,0,0,0,0,0,,,0,0,0,0,0,0,0,0,0,0,,,,,0,,0,0,0,0,0,0,0,0,0,0,0,0,0,0,0,0,0,0,0,0,0,0,0,0,0,0,0,0,0,0,0,0,0,0,0,0,0,0,0,0,0,0,0,0,0,0,0,0,0,0,0,0,0,0,0,0,0,0,0,0,0,0,0,0,0,0,0,0,0,0,0,0,0,0,0,0,0,0,0,0,0,0,0,0,0,0,0,0,0,0,0,0,0,0,0,0,0,0,,,0
27-195,hds,"2023-03-22 15:26",1,1,0,0,1,1,0,2,16,2,,21,1,,,,,,0,0,0,0,0,0,1,0,0,0,0,0,0,0,0,0,0,0,0,,,,,,,,19,,,,,,,,2,,,,1,0,0,0,0,0,0,0,0,0,0,0,0,0,,,,,,,,1,,,,,,,,,,,,,,2,0,0,0,0,0,0,0,0,0,0,0,0,0,,0,0,0,0,,1,38,,,,2,0,0,0,0,0,0,0,0,0,0,0,0,0,0,,,0,0,,,,,0,,,0,0,65,167,36,127,127,71,20,97,6.2,15,0,0,0,0,23.306680053068,2,0,0,1,2,1,,0,,0,0,0,0,0,0,0,0,0,0,0,0,0,0,0,0,0,0,0,0,0,0,0,0,0,0,0,0,0,0,0,0,0,0,0,0,0,0,0,0,0,0,0,0,0,0,0,0,0,0,0,0,0,0,0,0,,,0,0,0,0,0,0,0,0,0,0,0,0,0,0,2,2,0,,,,,,,,,,,,,,,,1,3,1,1,1,1,2,2,,3,0,0,0,0,1,0,0,0,0,0,0,0,0,0,0,0,0,0,0,0,0,0,0,1,0,0,1,0,1,0,0,0,0,0,0,0,0,0,0,0,,,,5,,5,,,,,,0,0,1,0,0,0,0,0,0,0,0,2,1,,AHLT5161NOF,,,,1,1,1,0,0,0,0,0,0,0,0,0,0,0,0,0,,1,,ALVH7376P,,1,0,0,0,0,0,0,0,0,0,,0,,,,,1,,NICD,,0,,,,0,,,0,,,2,2,1,1682075207212.jpg,2103/23,0,,0,0,0,0,0,0,0,0,0,0,0,0,0,0,0,0,0,0,,,2,,,,,,,,,,,,,,,,,,,,,,,,,,,,0,2103_23,2023-03-29,,,2,,,,0,https://cloud.butterflynetwork.com/-/shared/ZdPCRqyYSNqIwhs2G-AIeg?region=US,0,0,0,0,0,0,0,0,0,0,0,,2,,,,,,,,,,,,,,,,,,,,,,,,,,,,,,,,,,,,,,,,,,,,,,,,,,0,,,0,0,0,0,0,0,0,0,0,0,0,0,0,0,0,0,0,,,,,,,,,,,,,,,,,,,,0,,,,,0,,,,,,,,,,,0,,,,,,,,,,,,,,,,,,,,,,,,,,,,,0,,,0,0,0,0,0,0,0,0,0,0,0,0,0,0,0,0,0,0,0,0,0,0,,,,,,,,,,,,,,,,,,,,,,,0,0,0,0,0,0,0,0,0,0,0,0,,,0,0,0,0,0,0,0,0,0,0,,,,,0,,0,0,0,0,0,0,0,0,0,0,0,0,0,0,0,0,0,0,0,0,0,0,0,0,0,0,0,0,0,0,0,0,0,0,0,0,0,0,0,0,0,0,0,0,0,0,0,0,0,0,0,0,0,0,0,0,0,0,0,0,0,0,0,0,0,0,0,0,0,0,0,0,0,0,0,0,0,0,0,0,0,0,0,0,0,0,0,0,0,0,0,0,0,0,0,0,0,0,,,0
27-196,hds,"2023-03-31 14:16",1,1,0,0,1,1,0,2,16,3,,,,10,,,,,0,0,0,0,0,0,1,0,0,0,0,0,0,0,0,0,0,0,0,,,,,,,,7,,,,,,,,2,,,,1,0,0,0,0,0,0,0,0,0,0,0,0,0,,,,,,,,1,,,,,,,,,,,,,,2,0,0,0,0,0,0,0,0,0,0,0,0,0,,0,0,,0,,0,,,,,,0,0,0,0,0,0,0,0,0,0,0,0,0,0,,,0,1,1,1,2022,2,0,,,0,0,64,167,36.1,91,118,68,20,96,8.8,15,0,0,0,0,22.948115744559,2,0,0,1,2,0,"Power outage",0,,0,0,0,0,0,0,0,0,0,0,0,0,0,0,0,0,0,0,0,0,0,0,0,0,0,0,0,0,0,0,0,0,0,0,0,0,0,0,0,0,0,0,0,0,0,0,0,0,0,0,0,0,0,0,0,0,,,0,0,0,0,0,0,0,0,0,0,0,0,0,0,2,2,0,,,,,,,,,,,,,,,,1,2,2,,1,,2,2,,3,0,0,0,0,0,0,1,0,0,0,0,0,0,0,0,0,0,0,0,0,0,0,0,1,0,0,1,0,0,0,0,0,0,0,0,0,0,0,0,0,,,,5,,,,,,,,0,0,1,0,0,0,0,0,0,0,0,2,1,,AHNH7737NOF,,,,1,1,1,0,0,0,0,0,0,0,0,0,0,0,0,0,,1,,AHNH6287NOF,,1,0,0,0,0,0,0,0,0,0,,0,,,,,1,,Nicd,,1,,AHNH6287NOF,,0,,,0,,,2,2,1,1682075283677.jpg,2095/23,0,,0,0,0,0,0,0,0,0,0,0,0,0,0,0,0,0,0,0,,,2,,,,,,,,,,,,,,,,,,,,,,,,,,,,0,2095_23,2023-03-28,,,2,,,,0,https://cloud.butterflynetwork.com/-/shared/dYptd-ZMRamSXtxbZ-HnTg?region=US,0,0,0,0,0,0,0,0,0,0,0,,2,,,,,,,,,,,,,,,,,,,,,,,,,,,,,,,,,,,,,,,,,,,,,,,,,,0,,,0,0,0,0,0,0,0,0,0,0,0,0,0,0,0,0,0,,,,,,,,,,,,,,,,,,,,0,,,,,0,,,,,,,,,,,0,,,,,,,,,,,,,,,,,,,,,,,,,,,,,0,,,0,0,0,0,0,0,0,0,0,0,0,0,0,0,0,0,0,0,0,0,0,0,,,,,,,,,,,,,,,,,,,,,,,0,0,0,0,0,0,0,0,0,0,0,0,,,0,0,0,0,0,0,0,0,0,0,,,,,0,,0,0,0,0,0,0,0,0,0,0,0,0,0,0,0,0,0,0,0,0,0,0,0,0,0,0,0,0,0,0,0,0,0,0,0,0,0,0,0,0,0,0,0,0,0,0,0,0,0,0,0,0,0,0,0,0,0,0,0,0,0,0,0,0,0,0,0,0,0,0,0,0,0,0,0,0,0,0,0,0,0,0,0,0,0,0,0,0,0,0,0,0,0,0,0,0,0,0,,,0
27-197,hds,"2023-03-29 16:07",1,1,0,0,1,1,,2,16,2,,2,1,,,,,,0,0,0,0,1,0,0,0,0,0,0,0,0,0,0,0,0,0,0,,,,,,,2,,,,,,,,,2,,,,1,0,0,0,0,0,0,0,0,0,0,0,0,0,,,,,,,,2,,,,2006,,0,,0,,3,5,,,3,0,0,0,0,0,0,0,0,0,0,0,0,0,,0,0,0,0,,1,,,,,2,0,0,0,0,0,0,0,0,0,0,0,0,0,0,,,0,1,1,2,2022,8,0,,,0,2,57,170,36.5,88,141,72,20,98,4.8,15,0,0,0,0,19.723183391003,1,0,0,0,2,0,"Network Problem",0,,0,0,0,0,0,0,0,0,0,0,0,0,0,0,0,0,0,0,0,0,0,0,0,0,0,0,0,0,0,0,0,0,0,0,0,0,0,0,0,0,0,0,0,0,0,0,0,0,0,0,0,0,0,0,0,0,,,0,0,0,0,0,0,0,0,0,0,0,0,0,0,2,1,0,,,,,,,,,,,,,,,,0,,,,,,2,1,,3,0,0,0,0,0,0,0,0,0,0,0,0,0,0,0,0,0,0,0,0,0,0,0,1,0,0,1,0,0,0,0,0,0,0,0,0,0,0,0,0,,,,5,,,,,,,,0,0,1,0,0,0,0,0,0,0,0,2,1,,AHLT5596NOF,,,,1,1,1,0,0,0,0,0,0,0,0,0,0,0,0,0,,1,,AHLT5590NOF,,1,0,0,0,0,0,0,0,0,0,,0,,,,,0,,,,0,,,,0,,,0,,,2,2,1,,2136/23,0,,0,0,0,0,0,0,0,0,0,0,0,0,0,0,0,0,0,0,,,2,,,,,,,,,,,,,,,,,,,,,,,,,,,,0,"2136_23 (PA)",2023-03-29,,,2,,,,0,https://cloud.butterflynetwork.com/-/shared/cbcoVTR5S5mYu4ybM0tRaQ?region=US,0,0,0,0,0,0,0,0,0,0,0,,2,,,,,,,,,,,,,,,,,,,,,,,,,,,,,,,,,,,,,,,,,,,,,,,,,,0,,,0,0,0,0,0,0,0,0,0,0,0,0,0,0,0,0,0,,,,,,,,,,,,,,,,,,,,0,,,,,0,,,,,,,,,,,0,,,,,,,,,,,,,,,,,,,,,,,,,,,,,0,,,0,0,0,0,0,0,0,0,0,0,0,0,0,0,0,0,0,0,0,0,0,0,,,,,,,,,,,,,,,,,,,,,,,0,0,0,0,0,0,0,0,0,0,0,0,,,0,0,0,0,0,0,0,0,0,0,,,,,0,,0,0,0,0,0,0,0,0,0,0,0,0,0,0,0,0,0,0,0,0,0,0,0,0,0,0,0,0,0,0,0,0,0,0,0,0,0,0,0,0,0,0,0,0,0,0,0,0,0,0,0,0,0,0,0,0,0,0,0,0,0,0,0,0,0,0,0,0,0,0,0,0,0,0,0,0,0,0,0,0,0,0,0,0,0,0,0,0,0,0,0,0,0,0,0,0,0,0,,,0
27-198,hds,"2023-04-04 11:30",1,1,0,0,1,1,,2,16,2,,21,0,,,,,,0,0,0,0,0,0,1,0,0,0,0,0,0,0,0,0,0,0,0,,,,,,,,14,,,,,,,,2,,,,1,0,0,0,0,0,0,0,0,0,0,0,0,0,,,,,,,,2,,,,2011,,0,,0,,3,5,,,1,0,0,0,0,0,0,0,0,0,0,0,0,0,,1,1,0,0,,0,,,,,,0,0,0,0,0,0,0,0,0,0,0,0,0,0,,,0,1,2,2,2021,9,0,,,0,0,92,173,35.9,90,184,104,20,99,20.7,15,0,0,0,0,30.739416619332,2,0,0,0,2,1,,0,,0,0,0,0,0,0,0,0,0,0,0,0,0,0,0,0,0,0,0,0,0,0,0,0,0,0,0,0,0,0,0,0,0,0,0,0,0,0,0,0,0,0,0,0,0,0,0,0,0,0,0,0,0,0,0,0,,,0,0,0,0,0,0,0,0,0,0,0,0,0,0,2,2,0,,,,,,,,,,,,,,,,0,,,,,,2,2,,3,0,0,0,0,0,0,0,0,0,0,0,0,0,0,0,0,0,0,0,0,0,0,0,1,0,0,1,0,0,0,0,0,0,0,0,0,0,0,0,0,,,,5,,,,,,,,0,0,1,0,0,0,0,0,0,0,0,2,,,,,,,0,0,0,0,0,0,0,0,0,0,0,0,0,0,0,0,,1,,AHLT5689NOF,,1,0,0,0,0,0,0,0,0,0,,0,,,,,1,,NICD,,0,,,,0,,,0,,,2,2,1,1683717774785.jpg,2242/23,0,,0,0,0,0,0,0,0,0,0,0,0,0,0,0,0,0,0,0,,,2,,,,,,,,,,,,,,,,,,,,,,,,,,,,0,"2242_23 (PA)",2023-04-04,,,2,,,,0,https://cloud.butterflynetwork.com/-/shared/RhuLA0aYQtOEePcJ1Fr4vA?region=US,0,0,0,0,0,0,0,0,0,0,0,,2,,,,,,,,,,,,,,,,,,,,,,,,,,,,,,,,,,,,,,,,,,,,,,,,,,0,,,0,0,0,0,0,0,0,0,0,0,0,0,0,0,0,0,0,,,,,,,,,,,,,,,,,,,,0,,,,,0,,,,,,,,,,,0,,,,,,,,,,,,,,,,,,,,,,,,,,,,,0,,,0,0,0,0,0,0,0,0,0,0,0,0,0,0,0,0,0,0,0,0,0,0,,,,,,,,,,,,,,,,,,,,,,,0,0,0,0,0,0,0,0,0,0,0,0,,,0,0,0,0,0,0,0,0,0,0,,,,,0,,0,0,0,0,0,0,0,0,0,0,0,0,0,0,0,0,0,0,0,0,0,0,0,0,0,0,0,0,0,0,0,0,0,0,0,0,0,0,0,0,0,0,0,0,0,0,0,0,0,0,0,0,0,0,0,0,0,0,0,0,0,0,0,0,0,0,0,0,0,0,0,0,0,0,0,0,0,0,0,0,0,0,0,0,0,0,0,0,0,0,0,0,0,0,0,0,0,0,,,0
27-199,hds,"2023-04-04 12:44",1,1,0,0,1,1,,2,16,2,,30,0,,,,,,0,0,0,0,0,0,0,1,0,0,0,0,0,0,0,0,0,0,0,,,,,,,,,2,,,,,,,2,,,,1,0,0,0,0,0,0,0,0,0,0,0,0,0,,,,,,,,1,,,,,,,,,,,,,,1,0,0,0,0,0,0,0,0,0,0,0,0,0,,0,0,0,0,,0,,,,,,0,0,0,0,0,0,0,0,0,0,0,0,0,0,,,0,1,2,2,2022,7,0,,,0,2,70,168,36.6,101,142,90,20,96,5.8,15,0,0,0,0,24.801587301587,1,1,0,0,2,1,,0,,0,0,0,0,0,0,0,0,0,0,0,0,0,0,0,0,0,0,0,0,0,0,0,0,0,0,0,0,0,0,0,0,0,0,0,0,0,0,0,0,0,0,0,0,0,0,0,0,0,0,0,0,0,0,0,0,,,0,0,0,0,0,0,0,0,0,0,0,0,0,0,2,1,0,,,,,,,,,,,,,,,,1,2,1,,1,,2,2,,6,0,0,0,0,0,0,0,0,0,0,0,0,0,0,0,0,0,0,0,0,0,0,0,1,0,0,0,0,0,0,0,0,0,1,0,0,0,0,0,0,"Pipericillin/ Tazobactam",,,,,,,,,,5,0,0,1,0,0,0,0,0,0,0,0,2,1,,AHNH7284NOF,,,,1,1,1,0,0,0,0,0,0,1,0,0,0,0,0,0,ESR,1,,AHLT4801NOF,,1,0,0,0,0,0,0,0,0,0,,0,,,,,1,,NICD,,0,,,,0,,,0,,,2,2,1,1683718135815.jpg,2262/23,0,,0,0,0,0,0,0,0,0,0,0,0,0,0,0,0,0,0,0,,,2,,,,,,,,,,,,,,,,,,,,,,,,,,,,0,2262_23,2023-04-04,,,2,,,,0,https://cloud.butterflynetwork.com/-/shared/P_gjgv9PTliw9QkgyQv77A?region=US,0,0,0,0,0,0,0,0,0,0,0,,2,,,,,,,,,,,,,,,,,,,,,,,,,,,,,,,,,,,,,,,,,,,,,,,,,,0,,,0,0,0,0,0,0,0,0,0,0,0,0,0,0,0,0,0,,,,,,,,,,,,,,,,,,,,0,,,,,0,,,,,,,,,,,0,,,,,,,,,,,,,,,,,,,,,,,,,,,,,0,,,0,0,0,0,0,0,0,0,0,0,0,0,0,0,0,0,0,0,0,0,0,0,,,,,,,,,,,,,,,,,,,,,,,0,0,0,0,0,0,0,0,0,0,0,0,,,0,0,0,0,0,0,0,0,0,0,,,,,0,,0,0,0,0,0,0,0,0,0,0,0,0,0,0,0,0,0,0,0,0,0,0,0,0,0,0,0,0,0,0,0,0,0,0,0,0,0,0,0,0,0,0,0,0,0,0,0,0,0,0,0,0,0,0,0,0,0,0,0,0,0,0,0,0,0,0,0,0,0,0,0,0,0,0,0,0,0,0,0,0,0,0,0,0,0,0,0,0,0,0,0,0,0,0,0,0,0,0,,,0
27-200,hds,"2023-04-04 13:47",1,1,0,0,1,1,0,2,13,2,,10,1,,,,,,0,0,1,0,0,0,0,0,0,0,0,0,0,0,0,0,0,0,0,,,,,7,,,,,,,,,,,2,,,,1,0,0,0,0,0,0,0,0,0,0,0,0,0,,,,,,,,1,,,,,,,,,,,,,,1,0,0,0,0,0,0,0,0,0,0,0,0,0,,1,1,0,0,,2,,,,,,0,0,0,0,0,0,0,0,0,0,0,0,0,0,,,0,0,,,,,0,,,1,0,56,168,36,86,105,63,20,96,5,15,0,0,0,0,19.84126984127,2,0,0,0,2,1,,0,,0,0,0,0,0,0,0,0,0,0,0,0,0,0,0,0,0,0,0,0,0,0,0,0,0,0,0,0,0,0,0,0,0,0,0,0,0,0,0,0,0,0,0,0,0,0,0,0,0,0,0,0,0,0,0,0,,,0,0,0,0,0,0,0,0,0,0,0,0,0,0,2,2,,,2,2,2,3,2,1,,1,,2,2,2,2,2,0,,,,,,2,2,,3,0,0,0,0,0,0,0,0,0,0,0,0,0,0,0,0,0,0,0,0,0,0,0,1,0,0,0,0,1,0,0,0,0,0,0,0,0,0,0,0,,,,,,5,,,,,,0,0,1,0,0,0,0,0,0,0,0,2,1,,AHNH7239NOF,,,,1,1,1,0,1,0,0,0,0,0,0,0,0,0,0,0,,1,,AHNH7238NOF,,1,0,0,0,0,0,0,0,0,0,,0,,,,,1,,NICD,,0,,,,0,,,0,,,2,2,1,1682075419405.jpg,2265/23,0,,0,0,0,0,0,0,0,0,0,0,0,0,0,0,0,0,0,1,7567/22,1682075488264.jpg,2,,,,,,,,,,,,,,,,,,,,,,,,,,,,0,2265_23,2023-04-04,,,2,,,,0,https://cloud.butterflynetwork.com/-/shared/uxe6-ghURzaXV_PP_6um5g?region=US,0,0,0,0,0,0,0,0,0,0,0,,2,,,,,,,,,,,,,,,,,,,,,,,,,,,,,,,,,,,,,,,,,,,,,,,,,,0,,,0,0,0,0,0,0,0,0,0,0,0,0,0,0,0,0,0,,,,,,,,,,,,,,,,,,,,0,,,,,0,,,,,,,,,,,0,,,,,,,,,,,,,,,,,,,,,,,,,,,,,0,,,0,0,0,0,0,0,0,0,0,0,0,0,0,0,0,0,0,0,0,0,0,0,,,,,,,,,,,,,,,,,,,,,,,0,0,0,0,0,0,0,0,0,0,0,0,,,0,0,0,0,0,0,0,0,0,0,,,,,0,,0,0,0,0,0,0,0,0,0,0,0,0,0,0,0,0,0,0,0,0,0,0,0,0,0,0,0,0,0,0,0,0,0,0,0,0,0,0,0,0,0,0,0,0,0,0,0,0,0,0,0,0,0,0,0,0,0,0,0,0,0,0,0,0,0,0,0,0,0,0,0,0,0,0,0,0,0,0,0,0,0,0,0,0,0,0,0,0,0,0,0,0,0,0,0,0,0,0,,,0
27-201,hds,"2023-04-11 16:07",1,1,0,0,1,1,,2,16,2,,30,1,,,,,,0,0,0,0,0,0,1,1,0,0,0,0,0,0,0,0,0,0,0,,,,,,,,30,7,,,,,,,2,,,,1,0,0,0,0,0,0,0,0,0,0,0,0,0,,,,,,,,1,,,,,,,,,,,,,,1,0,0,0,0,0,0,0,0,0,0,0,0,0,,0,0,0,0,,1,50,2023-04-11,,,2,0,0,0,0,0,0,0,0,0,0,0,0,0,0,,,0,1,2,1,2021,12,0,,,0,2,76,160,38,138,103,59,20,98,5.6,15,0,0,0,0,29.6875,3,0,0,0,2,0,"Network problem",0,,0,0,0,0,0,0,0,0,0,0,0,0,0,0,0,0,0,0,0,0,0,0,0,0,0,0,0,0,0,0,0,0,0,0,0,0,0,0,0,0,0,0,0,0,0,0,0,0,0,0,0,0,0,0,0,0,,,0,0,0,0,0,0,0,0,0,0,0,0,0,0,2,2,0,,,,,,,,,,,,,,,,1,3,1,1,1,1,2,2,,7,0,0,1,0,0,0,0,0,0,0,0,0,0,0,0,0,0,0,0,0,0,0,1,1,0,0,1,0,0,0,0,0,0,1,0,0,0,0,0,0,Co-Trimoxazole,,,7,,,,,,,5,0,0,1,0,0,0,0,0,0,0,0,2,1,,AHLT4157NOF,AHLT5426NOF,,,1,1,1,0,1,1,1,0,0,0,0,0,0,0,0,0,,1,,AHDC5764NOF,,1,0,0,0,0,0,0,0,0,0,,0,,,,,,,,,1,AHLT5445NOF,,,0,,,0,,,1,2,1,1683718228403.jpg,2416/23,0,,0,0,0,0,0,0,0,0,0,0,0,0,0,0,0,0,0,0,,,2,,,,,,,,,,,,,,,,,,,,,,,,,,,,0,2416_23,2023-04-11,,,2,,,,0,https://cloud.butterflynetwork.com/-/shared/Mv7roVZ6T1qxrUQ7djN07A?region=US,0,0,0,0,0,0,0,0,0,0,0,,2,,,,,,,,,,,,,,,,,,,,,,,,,,,,,,,,,,,,,,,,,,,,,,,,,,0,,,0,0,0,0,0,0,0,0,0,0,0,0,0,0,0,0,0,,,,,,,,,,,,,,,,,,,,0,,,,,0,,,,,,,,,,,0,,,,,,,,,,,,,,,,,,,,,,,,,,,,,0,,,0,0,0,0,0,0,0,0,0,0,0,0,0,0,0,0,0,0,0,0,0,0,,,,,,,,,,,,,,,,,,,,,,,0,0,0,0,0,0,0,0,0,0,0,0,,,0,0,0,0,0,0,0,0,0,0,,,,,0,,0,0,0,0,0,0,0,0,0,0,0,0,0,0,0,0,0,0,0,0,0,0,0,0,0,0,0,0,0,0,0,0,0,0,0,0,0,0,0,0,0,0,0,0,0,0,0,0,0,0,0,0,0,0,0,0,0,0,0,0,0,0,0,0,0,0,0,0,0,0,0,0,0,0,0,0,0,0,0,0,0,0,0,0,0,0,0,0,0,0,0,0,0,0,0,0,0,0,,,0
27-202,hds,"2023-04-12 15:03",1,1,0,0,1,1,0,2,16,3,,,,4,,,,,0,1,0,0,0,0,0,0,0,0,0,0,0,0,0,0,0,0,0,,8,1,,,,,,,,,,,,,2,,,,1,0,0,0,0,0,0,0,0,0,0,0,0,0,,,,,,,,1,,,,,,,,,,,,,,1,0,0,0,0,0,0,0,0,0,0,0,0,0,,0,0,0,0,,1,,,,,2,0,0,0,0,0,0,0,0,0,0,0,0,0,0,,,0,1,1,1,2020,11,0,,,0,1,67,171,37,102,112,60,19,95,7.4,15,0,0,0,0,22.913033070004,2,0,0,1,2,0,"Network problem ",0,,0,0,0,0,0,0,0,0,0,0,0,0,0,0,0,0,0,0,0,0,0,0,0,0,0,0,0,0,0,0,0,0,0,0,0,0,0,0,0,0,0,0,0,0,0,0,0,0,0,0,0,0,0,0,0,0,,,0,0,0,0,0,0,0,0,0,0,0,0,0,0,2,2,0,,,,,,,,,,,,,,,,0,,,,,,2,2,,3,0,0,0,0,0,0,0,0,0,0,0,0,0,0,0,0,0,0,0,0,0,0,0,1,0,0,1,0,0,0,0,1,0,0,0,0,0,0,0,0,,,,5,,,,,3,,,0,0,1,0,0,0,0,0,0,0,0,2,1,,AHLT4196NOF,,,,1,1,1,0,1,0,0,0,0,0,0,0,0,0,0,0,,1,,AHLT4195NOF,,1,0,0,0,0,0,0,0,0,0,,0,,,,,1,,NICD,,0,,,,0,,,0,,,0,2,1,1682075602875.jpg,2508/23,0,,0,0,0,0,0,0,0,0,0,0,0,0,0,0,0,0,0,0,,,2,,,,,,,,,,,,,,,,,,,,,,,,,,,,0,2508_23,2023-04-13,,,2,,,,0,,0,1,0,0,0,0,0,0,0,0,0,,0,,,,,,,,,,,,,,,,,,,,,,,,,,,,,,,,,,,,,,,,,,,,,,,,,,0,,,0,0,0,0,0,0,0,0,0,0,0,0,0,0,0,0,0,,,,,,,,,,,,,,,,,,,,0,,,,,0,,,,,,,,,,,0,,,,,,,,,,,,,,,,,,,,,,,,,,,,,0,,,0,0,0,0,0,0,0,0,0,0,0,0,0,0,0,0,0,0,0,0,0,0,,,,,,,,,,,,,,,,,,,,,,,0,0,0,0,0,0,0,0,0,0,0,0,,,0,0,0,0,0,0,0,0,0,0,,,,,0,,0,0,0,0,0,0,0,0,0,0,0,0,0,0,0,0,0,0,0,0,0,0,0,0,0,0,0,0,0,0,0,0,0,0,0,0,0,0,0,0,0,0,0,0,0,0,0,0,0,0,0,0,0,0,0,0,0,0,0,0,0,0,0,0,0,0,0,0,0,0,0,0,0,0,0,0,0,0,0,0,0,0,0,0,0,0,0,0,0,0,0,0,0,0,0,0,0,0,,,0
27-203,hds,"2023-04-17 10:48",1,1,0,0,1,1,,2,16,2,,21,1,,,,,,0,0,0,1,0,1,0,1,1,0,1,0,0,0,0,0,0,0,0,,,,120,,14,,,7,14,,4,,,,2,,,,1,0,0,0,0,0,0,0,0,0,0,0,0,0,,,,,,,,1,,,,,,,,,,,,,,1,0,0,0,0,0,0,0,0,0,0,0,0,0,,0,0,0,0,,2,20,2023-04-18,,,,0,0,0,0,0,0,0,0,0,0,0,0,0,0,,,0,1,1,1,2021,12,0,,,0,0,158,56,38.7,110,122,59,20,94,5.1,15,0,0,0,0,503.82653061224,2,0,0,0,2,0,"Network problem ",0,,0,0,0,0,0,0,0,0,0,0,0,0,0,0,0,0,0,0,0,0,0,0,0,0,0,0,0,0,0,0,0,0,0,0,0,0,0,0,0,0,0,0,0,0,0,0,0,0,0,0,0,0,0,0,0,0,,,0,0,0,0,0,0,0,0,0,0,0,0,0,0,2,2,0,,,,,,,,,,,,,,,,0,,,,,,2,2,,3,0,0,0,0,0,1,0,0,0,0,0,0,0,0,0,0,0,0,0,0,0,0,1,1,0,0,0,0,0,0,0,0,1,1,0,0,0,0,0,0,Co-Trimoxazole,,,,,,,,,7,5,0,1,1,0,0,0,0,0,0,0,0,2,1,,AHDX6244NOF,,,,1,1,1,1,0,0,0,0,0,0,0,0,0,0,0,0,,1,,AHDX6247NOF,,1,0,0,0,0,0,0,0,0,0,,0,,,,,1,,NICD,,0,,,,0,,,0,,,0,2,1,1683718305721.jpg,2619/22,0,,0,0,0,0,0,0,0,0,0,0,0,0,0,0,0,0,0,0,,,2,,,,,,,,,,,,,,,,,,,,,,,,,,,,0,2619_23,2023-04-18,,,2,,,,0,https://cloud.butterflynetwork.com/-/shared/RQiYbb3xS1mvahjRU0SsFw?region=US,0,0,0,0,0,0,0,0,0,0,0,,2,,,,,,,,,,,,,,,,,,,,,,,,,,,,,,,,,,,,,,,,,,,,,,,,,,0,,,0,0,0,0,0,0,0,0,0,0,0,0,0,0,0,0,0,,,,,,,,,,,,,,,,,,,,0,,,,,0,,,,,,,,,,,0,,,,,,,,,,,,,,,,,,,,,,,,,,,,,0,,,0,0,0,0,0,0,0,0,0,0,0,0,0,0,0,0,0,0,0,0,0,0,,,,,,,,,,,,,,,,,,,,,,,0,0,0,0,0,0,0,0,0,0,0,0,,,0,0,0,0,0,0,0,0,0,0,,,,,0,,0,0,0,0,0,0,0,0,0,0,0,0,0,0,0,0,0,0,0,0,0,0,0,0,0,0,0,0,0,0,0,0,0,0,0,0,0,0,0,0,0,0,0,0,0,0,0,0,0,0,0,0,0,0,0,0,0,0,0,0,0,0,0,0,0,0,0,0,0,0,0,0,0,0,0,0,0,0,0,0,0,0,0,0,0,0,0,0,0,0,0,0,0,0,0,0,0,0,,,0
27-204,hds,"2023-04-17 17:16",1,1,0,0,1,1,,2,16,2,,60,0,,,,,,0,0,0,1,0,0,1,1,0,0,1,0,0,0,0,0,0,0,0,,,,,,30,,14,14,,,7,,,,2,,,,1,0,0,0,0,0,0,0,0,0,0,0,0,0,,,,,,,,2,,,,2019,,0,,0,,3,4,,,1,0,0,0,0,0,0,0,0,0,0,0,0,0,,0,0,0,0,,2,103,2023-04-14,,,,0,0,0,0,0,0,0,0,0,0,0,0,0,0,,,0,0,,,,,0,,,0,0,40,163,36.8,106,70,41,20,100,6.2,14,0,1,1,2,15.055139448229,3,0,0,0,2,0,"Network problem ",0,,0,0,0,0,0,0,0,0,0,0,0,0,0,0,0,0,0,0,0,0,0,0,0,0,0,0,0,0,0,0,0,0,0,0,0,0,0,0,0,0,0,0,0,0,0,0,0,0,0,0,0,0,0,0,0,0,,,0,0,0,0,0,0,0,0,0,0,0,0,0,0,2,2,0,,,,,,,,,,,,,,,,0,,,,,,2,2,,3,0,0,0,0,0,0,0,0,0,0,0,0,0,0,0,0,0,0,0,0,0,0,0,1,0,0,0,0,0,0,0,0,1,0,0,0,0,0,0,0,,,,,,,,,,7,,0,0,1,0,0,0,0,0,0,0,0,2,1,,AHLT5898NOF,,AHDX6171NOF,,1,1,1,0,1,0,0,0,0,0,0,0,0,0,0,0,,0,,,,0,0,0,0,0,0,0,0,0,0,,0,,,,,1,,NICD,,0,,,,0,,,0,,,0,2,1,1683718414406.jpg,2717/23,0,,0,0,0,0,0,0,0,0,0,0,0,0,0,0,0,0,0,0,,,2,,,,,,,,,,,,,,,,,,,,,,,,,,,,0,"2717.23 PA",2023-04-20,,,2,,,,0,https://cloud.butterflynetwork.com/-/shared/ewTr0loOSEuwaXQeN8kO0w?region=US,0,0,0,0,0,0,0,0,0,0,0,,2,,,,,,,,,,,,,,,,,,,,,,,,,,,,,,,,,,,,,,,,,,,,,,,,,,0,,,0,0,0,0,0,0,0,0,0,0,0,0,0,0,0,0,0,,,,,,,,,,,,,,,,,,,,0,,,,,0,,,,,,,,,,,0,,,,,,,,,,,,,,,,,,,,,,,,,,,,,0,,,0,0,0,0,0,0,0,0,0,0,0,0,0,0,0,0,0,0,0,0,0,0,,,,,,,,,,,,,,,,,,,,,,,0,0,0,0,0,0,0,0,0,0,0,0,,,0,0,0,0,0,0,0,0,0,0,,,,,0,,0,0,0,0,0,0,0,0,0,0,0,0,0,0,0,0,0,0,0,0,0,0,0,0,0,0,0,0,0,0,0,0,0,0,0,0,0,0,0,0,0,0,0,0,0,0,0,0,0,0,0,0,0,0,0,0,0,0,0,0,0,0,0,0,0,0,0,0,0,0,0,0,0,0,0,0,0,0,0,0,0,0,0,0,0,0,0,0,0,0,0,0,0,0,0,0,0,0,,,0
27-205,hds,"2023-04-11 14:22",1,1,0,0,1,1,0,2,16,2,,,1,,,,,,0,0,0,0,0,0,1,0,0,0,0,0,0,0,0,0,0,0,0,,,,,,,,20,,,,,,,,2,,,,1,0,0,0,0,0,0,0,0,0,0,0,0,0,,,,,,,,1,,,,,,,,,,,,,,2,0,0,0,0,0,0,0,0,0,0,0,0,0,,0,0,0,0,,1,,,,,2,0,0,0,0,0,0,0,0,0,0,0,0,0,0,,,0,0,,,,,0,,,0,0,48,165,37,81,120,76,16,98,10.9,15,0,0,0,0,17.63085399449,2,0,0,1,2,0,"No signal",0,,0,0,0,0,0,0,0,0,0,0,0,0,0,0,0,0,0,0,0,0,0,0,0,0,0,0,0,0,0,0,0,0,0,0,0,0,0,0,0,0,0,0,0,0,0,0,0,0,0,0,0,0,0,0,0,0,,,0,0,0,0,0,0,0,0,0,0,0,0,0,0,2,2,0,,,,,,,,,,,,,,,,1,1,,1,,,2,2,,3,0,0,0,0,0,0,0,0,0,0,0,0,0,0,0,0,0,0,0,0,0,0,0,1,0,0,1,0,1,0,0,0,0,0,0,0,0,0,0,0,,,,5,,5,,,,,,0,0,1,0,0,0,0,0,0,0,0,2,1,,AHLT4106NOF,,,,1,1,1,1,0,0,0,0,0,0,0,0,0,0,0,0,,1,,AHDX6192NOF,,1,0,0,0,0,0,0,0,0,0,,,,,,,1,,AHDX6193NOF,,1,,AHLT4107NOF,,0,,,0,,,0,2,1,,2616/23,0,,0,0,0,0,0,0,0,0,0,0,0,0,0,0,0,0,0,0,,,2,,,,,,,,,,,,,,,,,,,,,,,,,,,,0,"2616.23 PA",2023-04-18,,,2,,,,0,https://cloud.butterflynetwork.com/-/shared/U2j9asDDRv2NMhI-jltdEQ?region=US,0,0,0,0,0,0,0,0,0,0,0,,2,,,,,,,,,,,,,,,,,,,,,,,,,,,,,,,,,,,,,,,,,,,,,,,,,,0,,,0,0,0,0,0,0,0,0,0,0,0,0,0,0,0,0,0,,,,,,,,,,,,,,,,,,,,0,,,,,0,,,,,,,,,,,0,,,,,,,,,,,,,,,,,,,,,,,,,,,,,0,,,0,0,0,0,0,0,0,0,0,0,0,0,0,0,0,0,0,0,0,0,0,0,,,,,,,,,,,,,,,,,,,,,,,0,0,0,0,0,0,0,0,0,0,0,0,,,0,0,0,0,0,0,0,0,0,0,,,,,0,,0,0,0,0,0,0,0,0,0,0,0,0,0,0,0,0,0,0,0,0,0,0,0,0,0,0,0,0,0,0,0,0,0,0,0,0,0,0,0,0,0,0,0,0,0,0,0,0,0,0,0,0,0,0,0,0,0,0,0,0,0,0,0,0,0,0,0,0,0,0,0,0,0,0,0,0,0,0,0,0,0,0,0,0,0,0,0,0,0,0,0,0,0,0,0,0,0,0,,,0
27-206,hds,"2023-04-19 09:23",1,1,0,0,1,1,0,2,16,2,,6,1,,,,,,0,0,0,1,0,0,0,0,0,0,0,0,0,0,0,0,0,0,0,,,,,,7,,,,,,,,,,2,,,,1,0,0,0,0,0,0,0,0,0,0,0,0,0,,,,,,,,2,,,,2022,,0,,0,,3,4,,,1,0,0,0,0,0,0,0,0,0,0,0,0,0,,0,0,0,0,,1,,,,,2,0,0,0,0,0,0,0,0,0,0,0,0,0,0,,,0,0,,,,,0,,,0,0,55,152,36,112,93,63,18,95,6.5,15,0,0,1,1,23.80540166205,2,0,0,1,2,0,Refused,0,,0,0,0,0,0,0,0,0,0,0,0,0,0,0,0,0,0,0,0,0,0,0,0,0,0,0,0,0,0,0,0,0,0,0,0,0,0,0,0,0,0,0,0,0,0,0,0,0,0,0,0,0,0,0,0,0,,,0,0,0,0,0,0,0,0,0,0,0,0,0,0,2,2,0,,,,,,,,,,,,,,,,0,,,,,,2,2,,3,0,0,0,0,0,0,0,0,0,0,0,0,0,0,0,0,0,0,0,0,0,0,0,1,0,0,1,0,0,0,0,0,0,0,0,0,0,0,0,0,,,,5,,,,,,,,0,0,1,0,0,0,0,0,0,0,0,2,1,,AHLT4695NOF,,,,1,1,1,0,0,0,0,0,0,0,0,0,0,0,0,0,,1,,AHGO5707NOF,,1,0,0,0,0,0,0,0,0,0,,0,,,,,1,,NICD,,0,,,,0,,,0,,,0,2,1,,2667/23,0,,0,0,0,0,0,0,0,0,0,0,0,0,0,0,0,0,0,0,,,2,,,,,,,,,,,,,,,,,,,,,,,,,,,,0,"2667.23 PA",2023-04-19,,,2,,,,0,,1,0,0,0,0,0,0,0,0,0,0,,0,,,,,,,,,,,,,,,,,,,,,,,,,,,,,,,,,,,,,,,,,,,,,,,,,,0,,,0,0,0,0,0,0,0,0,0,0,0,0,0,0,0,0,0,,,,,,,,,,,,,,,,,,,,0,,,,,0,,,,,,,,,,,0,,,,,,,,,,,,,,,,,,,,,,,,,,,,,0,,,0,0,0,0,0,0,0,0,0,0,0,0,0,0,0,0,0,0,0,0,0,0,,,,,,,,,,,,,,,,,,,,,,,0,0,0,0,0,0,0,0,0,0,0,0,,,0,0,0,0,0,0,0,0,0,0,,,,,0,,0,0,0,0,0,0,0,0,0,0,0,0,0,0,0,0,0,0,0,0,0,0,0,0,0,0,0,0,0,0,0,0,0,0,0,0,0,0,0,0,0,0,0,0,0,0,0,0,0,0,0,0,0,0,0,0,0,0,0,0,0,0,0,0,0,0,0,0,0,0,0,0,0,0,0,0,0,0,0,0,0,0,0,0,0,0,0,0,0,0,0,0,0,0,0,0,0,0,,,0
27-207,hds,"2023-04-27 15:20",1,1,0,0,1,1,,2,16,2,,21,1,,,,,,0,0,1,0,0,0,0,1,0,0,0,0,0,0,0,0,0,0,0,,,,,2,,,,7,,,,,,,2,,,,1,0,0,0,0,0,0,0,0,0,0,0,0,0,,,,,,,,1,,,,,,,,,,,,,,3,0,0,0,0,0,0,0,0,0,0,0,0,0,,0,0,0,0,,3,,,,,,0,0,0,0,0,0,0,0,0,0,0,0,0,0,,,0,1,1,1,2021,10,0,,,0,2,79,175,36.9,122,92,52,40,86,6.7,14,1,1,1,3,25.795918367347,3,1,0,0,2,0,"Network problem",0,,0,0,0,0,0,0,0,0,0,0,0,0,0,0,0,0,0,0,0,0,0,0,0,0,0,0,0,0,0,0,0,0,0,0,0,0,0,0,0,0,0,0,0,0,0,0,0,0,0,0,0,0,0,0,0,0,,,0,0,0,0,0,0,0,0,0,0,0,0,0,0,2,2,0,,1,4,4,,,2,2,1,4,4,1,,7,2,1,3,2,1,,,2,2,,4,0,0,0,0,0,0,1,0,0,0,0,0,0,0,0,0,0,0,0,0,0,0,0,1,0,0,1,0,0,0,0,0,0,0,0,0,0,0,0,0,,,,7,,,,,,,,0,1,1,0,0,0,0,0,0,0,0,2,1,,AHEA3920NOF,,,,1,1,1,0,1,0,1,0,0,0,0,0,0,0,0,0,,1,,AHNH7088NOF,,1,0,0,0,0,0,0,0,0,0,,0,,,,,1,,"AHNH7089NOF / NICD",,0,,,,0,,,0,,,2,2,1,1683718489286.jpg,2897/23,0,,0,0,0,0,0,0,0,0,0,0,0,0,0,0,0,0,0,0,,,2,,,,,,,,,,,,,,,,,,,,,,,,,,,,0,"2897.23 AP",2023-04-28,,,2,,,,0,https://cloud.butterflynetwork.com/-/shared/I2U4UXtJQDm59EMkUifibA?region=US,0,0,0,0,0,0,0,0,0,0,0,,2,,,,,,,,,,,,,,,,,,,,,,,,,,,,,,,,,,,,,,,,,,,,,,,,,,0,,,0,0,0,0,0,0,0,0,0,0,0,0,0,0,0,0,0,,,,,,,,,,,,,,,,,,,,0,,,,,0,,,,,,,,,,,0,,,,,,,,,,,,,,,,,,,,,,,,,,,,,0,,,0,0,0,0,0,0,0,0,0,0,0,0,0,0,0,0,0,0,0,0,0,0,,,,,,,,,,,,,,,,,,,,,,,0,0,0,0,0,0,0,0,0,0,0,0,,,0,0,0,0,0,0,0,0,0,0,,,,,0,,0,0,0,0,0,0,0,0,0,0,0,0,0,0,0,0,0,0,0,0,0,0,0,0,0,0,0,0,0,0,0,0,0,0,0,0,0,0,0,0,0,0,0,0,0,0,0,0,0,0,0,0,0,0,0,0,0,0,0,0,0,0,0,0,0,0,0,0,0,0,0,0,0,0,0,0,0,0,0,0,0,0,0,0,0,0,0,0,0,0,0,0,0,0,0,0,0,0,,,0
27-208,hds,"2023-04-26 11:10",1,1,0,0,1,1,0,2,16,2,,10,1,,,,,,0,0,0,1,0,0,0,0,0,0,0,0,0,0,0,0,0,0,0,,,,,,5,,,,,,,,,,2,,,,1,0,0,0,0,0,0,0,0,0,0,0,0,0,,,,,,,,1,,,,,,,,,,,,,,1,0,0,0,0,0,0,0,0,0,0,0,0,0,,0,0,0,0,,0,,,,,,0,0,0,0,0,0,0,0,0,0,0,0,0,0,,,0,0,,,,,0,,,0,0,64,167,36,99,132,56,18,99,6.8,15,0,0,0,0,22.948115744559,1,0,0,0,2,0,"Network problem ",0,,0,0,0,0,0,0,0,0,0,0,0,0,0,0,0,0,0,0,0,0,0,0,0,0,0,0,0,0,0,0,0,0,0,0,0,0,0,0,0,0,0,0,0,0,0,0,0,0,0,0,0,0,0,0,0,0,,,0,0,0,0,0,0,0,0,0,0,0,0,0,0,2,2,0,,,,,,,,,,,,,,,,0,,,,,,2,2,,3,0,0,0,0,0,0,0,0,0,0,0,0,0,0,0,0,0,0,0,0,0,0,0,1,0,0,1,0,0,0,0,0,0,0,0,0,0,0,0,0,,,,5,,,,,,,,1,0,1,0,0,0,0,0,0,0,0,2,1,,AHEA3904NOF,,,,1,1,1,0,0,0,0,0,0,0,0,0,0,0,0,0,,1,,AHEA495NOF,,1,0,0,0,0,0,0,0,0,0,,0,,,,,1,,"NICD/ AHNH70087NOF",,0,,,,0,,,0,,,2,2,1,1683718825775.jpg,2902/23,0,,0,0,0,0,0,0,0,0,0,0,0,0,0,0,0,0,0,0,,,2,,,,,,,,,,,,,,,,,,,,,,,,,,,,0,"2902.23 PA",2023-04-28,,,2,,,,0,,0,1,0,0,0,0,0,0,0,0,0,,0,,,,,,,,,,,,,,,,,,,,,,,,,,,,,,,,,,,,,,,,,,,,,,,,,,0,,,0,0,0,0,0,0,0,0,0,0,0,0,0,0,0,0,0,,,,,,,,,,,,,,,,,,,,0,,,,,0,,,,,,,,,,,0,,,,,,,,,,,,,,,,,,,,,,,,,,,,,0,,,0,0,0,0,0,0,0,0,0,0,0,0,0,0,0,0,0,0,0,0,0,0,,,,,,,,,,,,,,,,,,,,,,,0,0,0,0,0,0,0,0,0,0,0,0,,,0,0,0,0,0,0,0,0,0,0,,,,,0,,0,0,0,0,0,0,0,0,0,0,0,0,0,0,0,0,0,0,0,0,0,0,0,0,0,0,0,0,0,0,0,0,0,0,0,0,0,0,0,0,0,0,0,0,0,0,0,0,0,0,0,0,0,0,0,0,0,0,0,0,0,0,0,0,0,0,0,0,0,0,0,0,0,0,0,0,0,0,0,0,0,0,0,0,0,0,0,0,0,0,0,0,0,0,0,0,0,0,,,0
27-209,hds,"2023-05-02 21:17",1,1,0,0,1,1,,2,16,2,,30,0,,,,,,1,0,1,0,0,1,1,0,0,0,0,0,0,0,0,0,0,0,0,14,,,90,1,,,14,,,,,,,,2,,,,1,0,0,0,0,0,0,0,0,0,0,0,0,0,,,,,,,,1,,,,,,,,,,,,,,1,0,0,0,0,0,0,0,0,0,0,0,0,0,,0,0,0,0,,1,,,,,2,0,0,0,0,0,0,0,0,0,0,0,0,0,0,,,0,1,1,1,2021,11,0,,,0,0,49,160,36.3,116,120,71,18,96,7.8,15,0,0,0,0,19.140625,2,0,0,1,2,1,,0,,0,0,0,0,0,0,0,0,0,0,0,0,0,0,0,0,0,0,0,0,0,0,0,0,0,0,0,0,0,0,0,0,0,0,0,0,0,0,0,0,0,0,0,0,0,0,0,0,0,0,0,0,0,0,0,0,,,0,0,0,0,0,0,0,0,0,0,0,0,0,0,2,1,0,,,,,,,,,,,,,,,,0,,,,,,2,2,,6,0,0,1,0,0,0,0,0,0,0,0,0,0,0,0,0,0,0,0,0,0,0,0,1,0,0,0,0,1,1,0,1,0,0,0,0,0,0,0,0,,,,,,7,7,,3,,,0,0,1,0,0,0,0,0,0,0,0,2,1,,AHEA3703NOF,,ADJY6813NOF,,1,1,1,0,1,1,0,0,0,0,0,0,0,0,0,0,,1,AHEA3590NOF,,,1,0,0,0,0,0,0,0,0,0,,0,,,,,1,,NICD,,0,,,,0,,,0,,,1,2,1,1683718592168.jpg,2996/23,0,,0,0,0,0,0,0,0,0,0,0,0,0,0,0,0,0,0,0,,,2,,,,,,,,,,,,,,,,,,,,,,,,,,,,0,"2996.23 PA",2023-05-03,,,2,,,,0,https://cloud.butterflynetwork.com/-/shared/NTaaXzpRSrW7txK66gMrrw?region=US,0,0,0,0,0,0,0,0,0,0,0,,2,,,,,,,,,,,,,,,,,,,,,,,,,,,,,,,,,,,,,,,,,,,,,,,,,,0,,,0,0,0,0,0,0,0,0,0,0,0,0,0,0,0,0,0,,,,,,,,,,,,,,,,,,,,0,,,,,0,,,,,,,,,,,0,,,,,,,,,,,,,,,,,,,,,,,,,,,,,0,,,0,0,0,0,0,0,0,0,0,0,0,0,0,0,0,0,0,0,0,0,0,0,,,,,,,,,,,,,,,,,,,,,,,0,0,0,0,0,0,0,0,0,0,0,0,,,0,0,0,0,0,0,0,0,0,0,,,,,0,,0,0,0,0,0,0,0,0,0,0,0,0,0,0,0,0,0,0,0,0,0,0,0,0,0,0,0,0,0,0,0,0,0,0,0,0,0,0,0,0,0,0,0,0,0,0,0,0,0,0,0,0,0,0,0,0,0,0,0,0,0,0,0,0,0,0,0,0,0,0,0,0,0,0,0,0,0,0,0,0,0,0,0,0,0,0,0,0,0,0,0,0,0,0,0,0,0,0,,,0
27-210,hds,"2023-05-08 19:13",1,1,0,0,1,1,0,2,16,2,,10,1,,,,,,0,0,0,0,0,0,1,0,1,0,0,0,0,0,0,0,0,0,0,,,,,,,,10,,7,,,,,,2,,,,1,0,0,0,0,0,0,0,0,0,0,0,0,0,,,,,,,,1,,,,,,,,,,,,,,1,0,0,0,0,0,0,0,0,0,0,0,0,0,,0,0,0,0,,0,,,,,,0,0,0,0,0,0,0,0,0,0,0,0,0,0,,,0,0,,,,,0,,,0,0,85,171,36,116,109,75,18,98,9.0,15,0,0,0,0,29.068773297767,3,0,0,0,2,1,,0,,0,0,0,0,0,0,0,0,0,0,0,0,0,0,0,0,0,0,0,0,0,0,0,0,0,0,0,0,0,0,0,0,0,0,0,0,0,0,0,0,0,0,0,0,0,0,0,0,0,0,0,0,0,0,0,0,,,0,0,0,0,0,0,0,0,0,0,0,0,0,0,2,2,0,,,,,,,,,,,,,,,,0,,,,,,2,2,,3,0,0,0,0,0,0,0,0,0,0,0,0,0,0,0,0,0,0,0,0,0,0,0,1,0,0,1,0,0,0,0,0,0,0,0,0,0,0,0,0,,,,5,,,,,,,,0,0,1,0,0,0,0,0,0,0,0,2,1,,AHEA3280NOF,,,,1,1,1,0,0,0,0,0,0,0,0,0,0,0,0,0,,1,,AHEA3281NoF,,1,0,0,0,0,0,0,0,0,0,,0,,,,,1,,Nicd,,0,,,,0,,,0,,,2,2,1,,3105/23,0,,0,0,0,0,0,0,0,0,0,0,0,0,0,0,0,0,0,,,,0,,,,,,,,,,,,,,,,,,,,,,,,,,,,0,"3105.23 AP",2023-05-08,,,2,,,,0,https://cloud.butterflynetwork.com/-/shared/kcpJPZuNSsSQMk0yFFfYrw?region=US,0,0,0,0,0,0,0,0,0,0,0,,2,,,,,,,,,,,,,,,,,,,,,,,,,,,,,,,,,,,,,,,,,,,,,,,,,,0,,,0,0,0,0,0,0,0,0,0,0,0,0,0,0,0,0,0,,,,,,,,,,,,,,,,,,,,0,,,,,0,,,,,,,,,,,0,,,,,,,,,,,,,,,,,,,,,,,,,,,,,0,,,0,0,0,0,0,0,0,0,0,0,0,0,0,0,0,0,0,0,0,0,0,0,,,,,,,,,,,,,,,,,,,,,,,0,0,0,0,0,0,0,0,0,0,0,0,,,0,0,0,0,0,0,0,0,0,0,,,,,0,,0,0,0,0,0,0,0,0,0,0,0,0,0,0,0,0,0,0,0,0,0,0,0,0,0,0,0,0,0,0,0,0,0,0,0,0,0,0,0,0,0,0,0,0,0,0,0,0,0,0,0,0,0,0,0,0,0,0,0,0,0,0,0,0,0,0,0,0,0,0,0,0,0,0,0,0,0,0,0,0,0,0,0,0,0,0,0,0,0,0,0,0,0,0,0,0,0,0,,,0
27-211,hds,"2023-05-08 19:13",1,1,0,0,1,1,0,2,16,2,,10,1,,,,,,0,0,0,0,0,0,1,0,1,0,0,0,0,0,0,0,0,0,0,,,,,,,,10,,7,,,,,,2,,,,1,0,0,0,0,0,0,0,0,0,0,0,0,0,,,,,,,,1,,,,,,,,,,,,,,1,0,0,0,0,0,0,0,0,0,0,0,0,0,,0,0,0,0,,0,,,,,,0,0,0,0,0,0,0,0,0,0,0,0,0,0,,,0,0,,,,,0,,,0,0,85,171,36,116,109,75,18,98,9.0,15,0,0,0,0,29.068773297767,3,0,0,0,2,1,,0,,0,0,0,0,0,0,0,0,0,0,0,0,0,0,0,0,0,0,0,0,0,0,0,0,0,0,0,0,0,0,0,0,0,0,0,0,0,0,0,0,0,0,0,0,0,0,0,0,0,0,0,0,0,0,0,0,,,0,0,0,0,0,0,0,0,0,0,0,0,0,0,2,2,0,,,,,,,,,,,,,,,,0,,,,,,2,2,,3,0,0,0,0,0,0,0,0,0,0,0,0,0,0,0,0,0,0,0,0,0,0,0,1,0,0,1,0,0,0,0,0,0,0,0,0,0,0,0,0,,,,5,,,,,,,,0,0,1,0,0,0,0,0,0,0,0,2,1,,AHEA3280NOF,,,,1,1,1,0,0,0,0,0,0,0,0,0,0,0,0,0,,1,,AHEA3281NoF,,1,0,0,0,0,0,0,0,0,0,,0,,,,,1,,Nicd,,0,,,,0,,,0,,,2,2,1,1683718902885.jpg,3105/23,0,,0,0,0,0,0,0,0,0,0,0,0,0,0,0,0,0,0,0,,,2,,,,,,,,,,,,,,,,,,,,,,,,,,,,0,,,,,0,,,,0,https://cloud.butterflynetwork.com/-/shared/kdc2wkOKREWFv-yg5aWerw?region=US,0,0,0,0,0,0,0,0,0,0,0,,2,,,,,,,,,,,,,,,,,,,,,,,,,,,,,,,,,,,,,,,,,,,,,,,,,,0,,,0,0,0,0,0,0,0,0,0,0,0,0,0,0,0,0,0,,,,,,,,,,,,,,,,,,,,0,,,,,0,,,,,,,,,,,0,,,,,,,,,,,,,,,,,,,,,,,,,,,,,0,,,0,0,0,0,0,0,0,0,0,0,0,0,0,0,0,0,0,0,0,0,0,0,,,,,,,,,,,,,,,,,,,,,,,0,0,0,0,0,0,0,0,0,0,0,0,,,0,0,0,0,0,0,0,0,0,0,,,,,0,,0,0,0,0,0,0,0,0,0,0,0,0,0,0,0,0,0,0,0,0,0,0,0,0,0,0,0,0,0,0,0,0,0,0,0,0,0,0,0,0,0,0,0,0,0,0,0,0,0,0,0,0,0,0,0,0,0,0,0,0,0,0,0,0,0,0,0,0,0,0,0,0,0,0,0,0,0,0,0,0,0,0,0,0,0,0,0,0,0,0,0,0,0,0,0,0,0,0,,,0
27-212,hds,"2023-05-10 15:53",1,1,0,0,1,1,,2,16,3,,,,2,,,,,0,1,0,1,0,0,0,1,0,0,0,0,0,0,0,0,0,0,0,,2,1,,,2,,,2,,,,,,,2,,,,1,0,0,0,0,0,0,0,0,0,0,0,0,0,,,,,,,,1,,,,,,,,,,,,,,1,0,0,0,0,0,0,0,0,0,0,0,0,0,,0,1,0,0,,3,,,,,,0,0,0,0,0,0,0,0,0,0,0,0,0,0,,,0,1,2,2,2021,12,0,,,0,0,74,164,37.5,109,107,61,20,96,6.0,15,0,0,0,0,27.513384889946,1,0,0,0,2,1,,0,,0,0,0,0,0,0,0,0,0,0,0,0,0,0,0,0,0,0,0,0,0,0,0,0,0,0,0,0,0,0,0,0,0,0,0,0,0,0,0,0,0,0,0,0,0,0,0,0,0,0,0,0,0,0,0,0,,,0,0,0,0,0,0,0,0,0,0,0,0,0,0,2,1,0,,1,1,1,1,1,1,1,1,1,1,1,1,1,1,0,,,,,,2,2,,6,0,0,0,0,0,0,0,0,0,0,0,0,0,0,0,0,0,0,0,0,0,0,0,1,0,1,0,0,0,0,0,0,0,0,0,0,0,0,0,0,,,5,,,,,,,,,1,0,1,0,0,0,0,0,0,0,0,2,1,,AHEA3335NOF,,,,1,1,1,0,0,0,0,0,0,0,0,0,0,0,0,0,,1,,AHEA2424NOF,,1,0,0,0,0,0,0,0,0,0,,0,,,,,1,,NICD,,0,,,,0,,,0,,,2,2,1,1684922420693.jpg,3201/23,0,,0,0,0,0,0,0,0,0,0,0,0,0,0,0,0,0,0,0,,,2,,,,,,,,,,,,,,,,,,,,,,,,,,,,0,"3201.23 PA",2023-05-11,,,2,,,,0,https://cloud.butterflynetwork.com/-/shared/ywawviaLT3e6QVUcnxVcgQ?region=US,0,0,0,0,0,0,0,0,0,0,0,,2,,,,,,,,,,,,,,,,,,,,,,,,,,,,,,,,,,,,,,,,,,,,,,,,,,0,,,0,0,0,0,0,0,0,0,0,0,0,0,0,0,0,0,0,,,,,,,,,,,,,,,,,,,,0,,,,,0,,,,,,,,,,,0,,,,,,,,,,,,,,,,,,,,,,,,,,,,,0,,,0,0,0,0,0,0,0,0,0,0,0,0,0,0,0,0,0,0,0,0,0,0,,,,,,,,,,,,,,,,,,,,,,,0,0,0,0,0,0,0,0,0,0,0,0,,,0,0,0,0,0,0,0,0,0,0,,,,,0,,0,0,0,0,0,0,0,0,0,0,0,0,0,0,0,0,0,0,0,0,0,0,0,0,0,0,0,0,0,0,0,0,0,0,0,0,0,0,0,0,0,0,0,0,0,0,0,0,0,0,0,0,0,0,0,0,0,0,0,0,0,0,0,0,0,0,0,0,0,0,0,0,0,0,0,0,0,0,0,0,0,0,0,0,0,0,0,0,0,0,0,0,0,0,0,0,0,0,,,0
27-213,hds,"2023-05-14 11:32",1,1,0,0,1,1,,2,16,2,,3,1,,,,,,1,0,0,0,0,0,1,1,1,0,0,0,0,0,0,0,0,0,0,4,,,,,,,30,3,3,,,,,,2,,,,1,0,0,0,0,0,0,0,0,0,0,0,0,0,,,,,,,,2,,,,2022,,0,,0,,3,2,,,1,0,0,0,0,0,0,0,0,0,0,0,0,0,,0,0,0,0,,1,,,,,1,0,0,0,0,0,0,0,0,0,0,0,0,0,0,,,0,0,,,,,0,,,0,2,48,172,36.2,65,115,59,22,72,9.9,15,1,0,0,1,16.224986479178,3,0,0,1,2,0,Refused,0,,0,0,0,0,0,0,0,0,0,0,0,0,0,0,0,0,0,0,0,0,0,0,0,0,0,0,0,0,0,0,0,0,0,0,0,0,0,0,0,0,0,0,0,0,0,0,0,0,0,0,0,0,0,0,0,0,,,0,0,0,0,0,0,0,0,0,0,0,0,0,0,2,2,1,"Not cooperating ",,,,,,,,,,,,,,,0,,,,,,2,2,,6,0,0,1,0,0,0,0,0,0,0,0,0,0,0,0,0,0,0,0,0,0,0,0,1,0,0,1,0,0,0,0,0,1,0,0,0,0,0,0,0,,,,5,,,,,,5,,0,1,1,0,0,0,0,0,0,0,0,2,1,,AHDZ0027NOF,,,,1,1,1,0,1,1,1,0,0,1,0,0,0,0,0,0,ESR,1,,AHDZ0026NOF,,1,0,0,0,0,0,0,0,0,0,,0,,,,,1,,NICD,,0,,,,0,,,0,,,0,2,1,1684922494971.jpg,3361/23,0,,0,0,0,0,0,0,0,0,0,0,0,0,0,0,0,0,0,0,,,2,,,,,,,,,,,,,,,,,,,,,,,,,,,,0,"3361.23 PA",2023-05-18,,,2,,,,0,https://cloud.butterflynetwork.com/-/shared/WntVK8plRZePQFNiyjuQ5Q?region=US,0,0,0,0,0,0,0,0,0,0,0,,2,,,,,,,,,,,,,,,,,,,,,,,,,,,,,,,,,,,,,,,,,,,,,,,,,,0,,,0,0,0,0,0,0,0,0,0,0,0,0,0,0,0,0,0,,,,,,,,,,,,,,,,,,,,0,,,,,0,,,,,,,,,,,0,,,,,,,,,,,,,,,,,,,,,,,,,,,,,0,,,0,0,0,0,0,0,0,0,0,0,0,0,0,0,0,0,0,0,0,0,0,0,,,,,,,,,,,,,,,,,,,,,,,0,0,0,0,0,0,0,0,0,0,0,0,,,0,0,0,0,0,0,0,0,0,0,,,,,0,,0,0,0,0,0,0,0,0,0,0,0,0,0,0,0,0,0,0,0,0,0,0,0,0,0,0,0,0,0,0,0,0,0,0,0,0,0,0,0,0,0,0,0,0,0,0,0,0,0,0,0,0,0,0,0,0,0,0,0,0,0,0,0,0,0,0,0,0,0,0,0,0,0,0,0,0,0,0,0,0,0,0,0,0,0,0,0,0,0,0,0,0,0,0,0,0,0,0,,,0
27-214,hds,"2023-05-11 18:44",1,1,0,0,1,1,0,2,16,2,,7,1,,,,,,0,0,1,0,0,0,0,0,0,0,0,0,0,0,0,0,0,0,0,,,,,3,,,,,,,,,,,2,,,,1,0,0,0,0,0,0,0,0,0,0,0,0,0,,,,,,,,1,,,,,,,,,,,,,,1,0,0,0,0,0,0,0,0,0,0,0,0,0,,0,0,0,0,,1,,,,,2,0,0,0,0,0,0,0,0,0,0,0,0,0,0,,,0,0,,,,,0,,,0,0,60,152,37,102,113,80,20,94,8.3,15,0,0,0,0,25.969529085873,2,0,0,1,2,1,,0,,0,0,0,0,0,0,0,0,0,0,0,0,0,0,0,0,0,0,0,0,0,0,0,0,0,0,0,0,0,0,0,0,0,0,0,0,0,0,0,0,0,0,0,0,0,0,0,0,0,0,0,0,0,0,0,0,,,0,0,0,0,0,0,0,0,0,0,0,0,0,0,2,2,0,,,,,,,,,,,,,,,,0,,,,,,2,2,,3,0,0,0,0,0,0,0,0,0,0,0,0,0,0,0,0,0,0,0,0,0,0,0,1,0,0,1,0,1,0,0,0,0,0,0,0,0,0,0,0,,,,5,,5,,,,,,0,0,1,0,0,0,0,0,0,0,0,2,1,,AHDZ008NOF,,,,1,1,1,0,1,1,0,0,0,0,0,0,0,0,0,0,,1,,AHDZ0088NOF,,1,0,0,0,0,0,0,0,0,0,,0,,,,,1,,NICD,,0,,,,0,,,0,,,0,2,1,1684922291077.jpg,3227/23,0,,0,0,0,0,0,0,0,0,0,0,0,0,0,0,0,0,0,0,,,2,,,,,,,,,,,,,,,,,,,,,,,,,,,,0,"3227.23 PA",2023-05-12,,,2,,,,0,https://cloud.butterflynetwork.com/-/shared/sxSj6T_fTsOKetYOX_OXsQ?region=US,0,0,0,0,0,0,0,0,0,0,0,,2,,,,,,,,,,,,,,,,,,,,,,,,,,,,,,,,,,,,,,,,,,,,,,,,,,0,,,0,0,0,0,0,0,0,0,0,0,0,0,0,0,0,0,0,,,,,,,,,,,,,,,,,,,,0,,,,,0,,,,,,,,,,,0,,,,,,,,,,,,,,,,,,,,,,,,,,,,,0,,,0,0,0,0,0,0,0,0,0,0,0,0,0,0,0,0,0,0,0,0,0,0,,,,,,,,,,,,,,,,,,,,,,,0,0,0,0,0,0,0,0,0,0,0,0,,,0,0,0,0,0,0,0,0,0,0,,,,,0,,0,0,0,0,0,0,0,0,0,0,0,0,0,0,0,0,0,0,0,0,0,0,0,0,0,0,0,0,0,0,0,0,0,0,0,0,0,0,0,0,0,0,0,0,0,0,0,0,0,0,0,0,0,0,0,0,0,0,0,0,0,0,0,0,0,0,0,0,0,0,0,0,0,0,0,0,0,0,0,0,0,0,0,0,0,0,0,0,0,0,0,0,0,0,0,0,0,0,,,0
27-215,hds,"2023-05-22 13:38",1,1,0,0,1,1,,2,16,2,,14,1,,,,,,0,0,0,1,0,1,0,1,0,0,0,0,0,0,0,0,0,0,0,,,,30,,14,,,14,,,,,,,2,,,,1,0,0,0,0,0,0,0,0,0,0,0,0,0,,,,,,,,1,,,,,,,,,,,,,,2,0,0,0,0,0,0,0,0,0,0,0,0,0,,0,0,0,0,,1,,,,,2,0,0,0,0,0,0,0,0,0,0,0,0,0,0,,,0,1,2,2,2021,,0,,,0,2,57,168,36.5,78,120,71,20,95,3.9,15,0,0,0,0,20.195578231293,2,0,0,0,2,0,"Network problem",0,,0,0,0,0,0,0,0,0,0,0,0,0,0,0,0,0,0,0,0,0,0,0,0,0,0,0,0,0,0,0,0,0,0,0,0,0,0,0,0,0,0,0,0,0,0,0,0,0,0,0,0,0,0,0,0,0,,,0,0,0,0,0,0,0,0,0,0,0,0,0,0,2,1,1,"Unable to get a spleen",,,,,,,,,,,,,,,0,,,,,,2,1,,3,0,0,0,0,0,0,0,0,0,0,0,0,0,0,0,0,0,0,0,0,0,0,0,1,1,0,0,0,0,1,0,0,0,0,0,0,0,0,0,0,,30,,,,,30,,,,,0,0,1,0,0,0,0,0,0,0,0,2,1,,AHEA8996NOF,,,,1,1,1,0,0,0,0,0,0,0,0,0,0,0,0,0,,1,,"AHEA8997NOF/ AHEA8995NOF",,1,1,0,0,0,0,0,0,0,0,,0,,,,,1,AHDZ1401NOF,,,0,,,,0,,,0,,,2,2,1,1685696564137.jpg,3598/23,0,,0,0,0,0,0,0,0,0,0,0,0,0,0,0,0,0,0,0,,,2,,,,,,,,,,,,,,,,,,,,,,,,,,,,0,"3598.23 PA",2023-05-29,,,2,,,,0,https://cloud.butterflynetwork.com/-/shared/5zFZT80PQmK5-xFZcholhA?region=US,0,0,0,0,0,0,0,0,0,0,0,,2,,,,,,,,,,,,,,,,,,,,,,,,,,,,,,,,,,,,,,,,,,,,,,,,,,0,,,0,0,0,0,0,0,0,0,0,0,0,0,0,0,0,0,0,,,,,,,,,,,,,,,,,,,,0,,,,,0,,,,,,,,,,,0,,,,,,,,,,,,,,,,,,,,,,,,,,,,,0,,,0,0,0,0,0,0,0,0,0,0,0,0,0,0,0,0,0,0,0,0,0,0,,,,,,,,,,,,,,,,,,,,,,,0,0,0,0,0,0,0,0,0,0,0,0,,,0,0,0,0,0,0,0,0,0,0,,,,,0,,0,0,0,0,0,0,0,0,0,0,0,0,0,0,0,0,0,0,0,0,0,0,0,0,0,0,0,0,0,0,0,0,0,0,0,0,0,0,0,0,0,0,0,0,0,0,0,0,0,0,0,0,0,0,0,0,0,0,0,0,0,0,0,0,0,0,0,0,0,0,0,0,0,0,0,0,0,0,0,0,0,0,0,0,0,0,0,0,0,0,0,0,0,0,0,0,0,0,,,0
27-216,hds,"2023-05-25 17:30",1,1,0,0,1,1,0,2,16,2,,21,0,,,,,,0,0,0,1,0,0,1,0,0,0,0,0,0,0,0,0,0,0,0,,,,,,21,,16,,,,,,,,2,,,,1,0,0,0,0,0,0,0,0,0,0,0,0,0,,,,,,,,1,,,,,,,,,,,,,,1,0,0,0,0,0,0,0,0,0,0,0,0,0,,0,0,0,0,,0,,,,,,0,0,0,0,0,0,0,0,0,0,0,0,0,0,,,0,0,,,,,0,,,0,0,53,159,37.5,109,139,93,20,95,6.0,15,0,0,0,0,20.964360587002,5,0,0,0,2,1,,0,,0,0,0,0,0,0,0,0,0,0,0,0,0,0,0,0,0,0,0,0,0,0,0,0,0,0,0,0,0,0,0,0,0,0,0,0,0,0,0,0,0,0,0,0,0,0,0,0,0,0,0,0,0,0,0,0,,,0,0,0,0,0,0,0,0,0,0,0,0,0,0,2,2,0,,,,,,,,,,,,,,,,1,2,2,,1,,2,2,,4,0,0,0,0,0,0,0,0,0,0,0,0,0,0,0,0,0,0,0,0,0,0,0,1,0,0,0,0,1,0,0,0,0,0,0,0,0,0,0,0,,,,,,5,,,,,,0,0,1,0,0,0,0,0,0,0,0,2,1,,AHEA2266NOF,,,,1,1,1,0,0,0,0,0,0,0,0,0,0,0,0,0,,1,,AHDZ0258NOF,,1,0,0,0,0,0,0,0,0,0,,0,,,,,1,,NICD,,1,,AHEA2263NOF,,0,,,0,,,2,2,1,1685710669236.jpg,3548/24,0,,0,0,0,0,0,0,0,0,0,0,0,0,0,0,0,0,0,0,,,2,,,,,,,,,,,,,,,,,,,,,,,,,,,,0,"3548.23 PA",2023-05-25,,,2,,,,0,https://cloud.butterflynetwork.com/-/shared/dRNfeR10Sua7iSZcfZsYZQ?region=US,0,0,0,0,0,0,0,0,0,0,0,,2,,,,,,,,,,,,,,,,,,,,,,,,,,,,,,,,,,,,,,,,,,,,,,,,,,0,,,0,0,0,0,0,0,0,0,0,0,0,0,0,0,0,0,0,,,,,,,,,,,,,,,,,,,,0,,,,,0,,,,,,,,,,,0,,,,,,,,,,,,,,,,,,,,,,,,,,,,,0,,,0,0,0,0,0,0,0,0,0,0,0,0,0,0,0,0,0,0,0,0,0,0,,,,,,,,,,,,,,,,,,,,,,,0,0,0,0,0,0,0,0,0,0,0,0,,,0,0,0,0,0,0,0,0,0,0,,,,,0,,0,0,0,0,0,0,0,0,0,0,0,0,0,0,0,0,0,0,0,0,0,0,0,0,0,0,0,0,0,0,0,0,0,0,0,0,0,0,0,0,0,0,0,0,0,0,0,0,0,0,0,0,0,0,0,0,0,0,0,0,0,0,0,0,0,0,0,0,0,0,0,0,0,0,0,0,0,0,0,0,0,0,0,0,0,0,0,0,0,0,0,0,0,0,0,0,0,0,,,0
27-217,hds,"2023-05-29 17:15",1,1,0,0,1,1,0,2,16,1,10,,,,,,,,0,0,0,1,0,1,0,0,0,0,0,0,0,0,0,0,0,0,0,,,,7,,7,,,,,,,,,,2,,,,1,0,0,0,0,0,0,0,0,0,0,0,0,0,,,,,,,,1,,,,,,,,,,,,,,1,0,0,0,0,0,0,0,0,0,0,0,0,0,,0,0,0,0,,1,,,,,2,0,0,0,0,0,0,0,0,0,0,0,0,0,0,,,0,0,,,,,0,,,0,0,55,156,37.1,134,107,55,20,96,5.6,,0,0,0,0,22.600262984878,1,0,0,1,2,0,"Patient refused ",0,,0,0,0,0,0,0,0,0,0,0,0,0,0,0,0,0,0,0,0,0,0,0,0,0,0,0,0,0,0,0,0,0,0,0,0,0,0,0,0,0,0,0,0,0,0,0,0,0,0,0,0,0,0,0,0,0,,,0,0,0,0,0,0,0,0,0,0,0,0,0,0,2,2,0,,2,1,1,,,,,4,4,1,,,,,0,,,,,,2,2,,3,0,0,0,0,0,0,0,0,0,0,0,0,0,0,0,0,0,0,0,0,0,0,0,1,0,0,1,0,0,1,0,0,1,0,0,0,0,0,0,0,,,,5,,,5,,,5,,0,0,1,0,0,0,0,0,0,0,0,2,1,,AHDZ21479NOF,,,,1,1,1,0,0,0,0,0,0,0,0,0,0,0,0,0,,0,,,,0,0,0,0,0,0,0,0,0,0,,0,,,,,0,,,,0,,,,0,,,0,,,0,2,1,1685710571869.jpg,3630/23,0,,0,0,0,0,0,0,0,0,0,0,0,0,0,0,0,0,0,0,,,2,,,,,,,,,,,,,,,,,,,,,,,,,,,,0,"3630.23 PA",2023-05-29,,,2,,,,0,https://cloud.butterflynetwork.com/-/shared/TftxzyvFT0-k5DgpyUPu1w?region=US,0,0,0,0,0,0,0,0,0,0,0,,2,,,,,,,,,,,,,,,,,,,,,,,,,,,,,,,,,,,,,,,,,,,,,,,,,,0,,,0,0,0,0,0,0,0,0,0,0,0,0,0,0,0,0,0,,,,,,,,,,,,,,,,,,,,0,,,,,0,,,,,,,,,,,0,,,,,,,,,,,,,,,,,,,,,,,,,,,,,0,,,0,0,0,0,0,0,0,0,0,0,0,0,0,0,0,0,0,0,0,0,0,0,,,,,,,,,,,,,,,,,,,,,,,0,0,0,0,0,0,0,0,0,0,0,0,,,0,0,0,0,0,0,0,0,0,0,,,,,0,,0,0,0,0,0,0,0,0,0,0,0,0,0,0,0,0,0,0,0,0,0,0,0,0,0,0,0,0,0,0,0,0,0,0,0,0,0,0,0,0,0,0,0,0,0,0,0,0,0,0,0,0,0,0,0,0,0,0,0,0,0,0,0,0,0,0,0,0,0,0,0,0,0,0,0,0,0,0,0,0,0,0,0,0,0,0,0,0,0,0,0,0,0,0,0,0,0,0,,,0
27-218,hds,"2023-05-31 14:20",1,1,0,0,1,1,,2,16,2,,6,1,,,,,,1,0,0,1,0,1,0,1,0,0,0,0,0,0,0,0,0,0,0,2,,,30,,6,,,2,,,,,,,2,,,,1,0,0,0,0,0,0,0,0,0,0,0,0,0,,,,,,,,1,,,,,,,,,,,,,,1,0,0,0,0,0,0,0,0,0,0,0,0,0,,1,1,0,0,,3,,,,,,0,0,0,0,0,0,0,0,0,0,0,0,0,0,,,0,1,1,1,2022,1,0,,,0,2,56,166,35.6,100,191,81,26,89,226,15,1,0,0,1,20.322252866889,2,0,0,0,2,1,,0,,0,0,0,0,0,0,0,0,0,0,0,0,0,0,0,0,0,0,0,0,0,0,0,0,0,0,0,0,0,0,0,0,0,0,0,0,0,0,0,0,0,0,0,0,0,0,0,0,0,0,0,0,0,0,0,0,,,0,0,0,0,0,0,0,0,0,0,0,0,0,0,2,1,0,,,,,,,,,,,,,,,,0,,,,,,2,2,,6,0,0,0,0,0,0,0,0,0,0,0,0,0,0,0,0,0,0,0,0,0,0,0,1,0,0,1,0,0,0,0,1,0,0,0,0,0,0,0,0,,,,5,,,,,3,,,0,1,1,0,0,0,0,0,0,0,0,2,1,,AHEA8230NOF,,,,1,1,1,0,0,0,0,0,0,0,0,0,0,0,0,0,,1,,AHEA8231NOF,,1,0,0,0,0,0,0,0,0,0,,0,,,,,1,,NICD,,0,,,,0,,,0,,,2,2,1,1685710331892.jpg,3726/23,0,,0,0,0,0,0,0,0,0,0,0,0,0,0,0,0,0,0,0,,,2,,,,,,,,,,,,,,,,,,,,,,,,,,,,0,"3726.23 AP",2023-06-02,,,2,,,,0,https://cloud.butterflynetwork.com/-/shared/-kEZY0NyTm-dy5OL0gk20A?region=US,0,0,0,0,0,0,0,0,0,0,0,,2,,,,,,,,,,,,,,,,,,,,,,,,,,,,,,,,,,,,,,,,,,,,,,,,,,0,,,0,0,0,0,0,0,0,0,0,0,0,0,0,0,0,0,0,,,,,,,,,,,,,,,,,,,,0,,,,,0,,,,,,,,,,,0,,,,,,,,,,,,,,,,,,,,,,,,,,,,,0,,,0,0,0,0,0,0,0,0,0,0,0,0,0,0,0,0,0,0,0,0,0,0,,,,,,,,,,,,,,,,,,,,,,,0,0,0,0,0,0,0,0,0,0,0,0,,,0,0,0,0,0,0,0,0,0,0,,,,,0,,0,0,0,0,0,0,0,0,0,0,0,0,0,0,0,0,0,0,0,0,0,0,0,0,0,0,0,0,0,0,0,0,0,0,0,0,0,0,0,0,0,0,0,0,0,0,0,0,0,0,0,0,0,0,0,0,0,0,0,0,0,0,0,0,0,0,0,0,0,0,0,0,0,0,0,0,0,0,0,0,0,0,0,0,0,0,0,0,0,0,0,0,0,0,0,0,0,0,,,0
27-219,hds,"2023-06-06 18:40",1,1,0,0,1,1,,2,16,2,,10,1,,,,,,0,0,0,0,0,0,0,1,1,0,0,0,0,0,0,0,0,0,0,,,,,,,,,4,10,,,,,,2,,,,1,0,0,0,0,0,0,0,0,0,0,0,0,0,,,,,,,,1,,,,,,,,,,,,,,1,0,0,0,0,0,0,0,0,0,0,0,0,0,,0,0,0,0,,0,,,,,,0,0,0,0,0,0,0,0,0,0,0,0,0,0,,,,1,2,2,2022,5,0,,,0,2,64,160,36.5,97,127,84,20,98,8.4,15,0,0,0,0,25,2,0,0,0,2,1,,0,,0,0,0,0,0,0,0,0,0,0,0,0,0,0,0,0,0,0,0,0,0,0,0,0,0,0,0,0,0,0,0,0,0,0,0,0,0,0,0,0,0,0,0,0,0,0,0,0,0,0,0,0,0,0,0,0,,,0,0,0,0,0,0,0,0,0,0,0,0,0,0,2,1,0,,,,,,,,,,,,,,,,0,,,,,,2,2,,6,0,0,0,0,0,0,0,0,0,0,0,0,0,0,0,0,0,0,0,0,0,0,0,1,0,0,0,0,1,0,0,1,0,0,0,0,0,0,0,0,,,,,,7,,,3,,,0,0,1,0,0,0,0,0,0,0,0,2,1,,AHDZ1648NOF,,,,1,1,1,0,0,0,0,0,0,0,0,0,0,0,0,0,,1,,,,1,1,0,0,0,0,0,0,0,0,,0,,,,,1,,NICD,,0,,,,0,,,0,,,2,2,0,,,,,0,0,0,0,0,0,0,0,0,0,0,0,0,0,0,0,0,0,,,2,,,,,,,,,,,,,,,,,,,,,,,,,,,,0,,,,,2,,,,0,https://cloud.butterflynetwork.com/-/shared/9CXlXvDiSUKyrb08fGlO8Q?region=US,0,0,0,0,0,0,0,0,0,0,0,,2,,,,,,,,,,,,,,,,,,,,,,,,,,,,,,,,,,,,,,,,,,,,,,,,,,0,,,0,0,0,0,0,0,0,0,0,0,0,0,0,0,0,0,0,,,,,,,,,,,,,,,,,,,,0,,,,,0,,,,,,,,,,,0,,,,,,,,,,,,,,,,,,,,,,,,,,,,,0,,,0,0,0,0,0,0,0,0,0,0,0,0,0,0,0,0,0,0,0,0,0,0,,,,,,,,,,,,,,,,,,,,,,,0,0,0,0,0,0,0,0,0,0,0,0,,,0,0,0,0,0,0,0,0,0,0,,,,,0,,0,0,0,0,0,0,0,0,0,0,0,0,0,0,0,0,0,0,0,0,0,0,0,0,0,0,0,0,0,0,0,0,0,0,0,0,0,0,0,0,0,0,0,0,0,0,0,0,0,0,0,0,0,0,0,0,0,0,0,0,0,0,0,0,0,0,0,0,0,0,0,0,0,0,0,0,0,0,0,0,0,0,0,0,0,0,0,0,0,0,0,0,0,0,0,0,0,0,,,0
27-220,hds,"2023-06-06 18:25",1,1,0,0,1,1,0,2,16,3,,,,3,,,,,0,1,0,0,0,0,0,0,0,0,0,0,0,0,0,0,0,0,0,,22,0,,,,,,,,,,,,,2,,,,1,0,0,0,0,0,0,0,0,0,0,0,0,0,,,,,,,,1,,,,,,,,,,,,,,1,0,0,0,0,0,0,0,0,0,0,0,0,0,,0,0,0,0,,0,,,,,,0,0,0,0,0,0,0,0,0,0,0,0,0,0,,,0,1,1,1,2021,,0,,,0,0,60,157,37,155,95,55,20,98,8.0,15,0,0,1,1,24.34175828634,1,0,0,0,2,1,,0,,0,0,0,0,0,0,0,0,0,0,0,0,0,0,0,0,0,0,0,0,0,0,0,0,0,0,0,0,0,0,0,0,0,0,0,0,0,0,0,0,0,0,0,0,0,0,0,0,0,0,0,0,0,0,0,0,,,0,0,0,0,0,0,0,0,0,0,0,0,0,0,2,2,0,,,,,,,,,,,,,,,,1,2,2,,1,,2,2,,3,0,0,0,0,0,0,0,0,0,0,0,0,0,0,0,0,0,0,0,0,0,0,0,0,0,0,0,0,0,0,0,0,0,0,0,0,0,0,0,0,,,,,,,,,,,,0,1,1,0,0,0,0,0,0,0,0,2,1,,AHEA9508NOF,,,,1,1,1,0,0,0,1,0,0,0,0,0,0,0,0,0,,0,,,,0,0,0,0,0,0,0,0,0,0,,0,,,,,1,,,,1,,AHEA9507NOF,,0,,,0,,,2,2,0,,,,,0,0,0,0,0,0,0,0,0,0,0,0,0,0,0,0,0,0,,,2,,,,,,,,,,,,,,,,,,,,,,,,,,,,0,,,,,2,,,,0,https://cloud.butterflynetwork.com/-/shared/r1dcKt9hRMOwY5ZAkZto3w?region=US,0,0,0,0,0,0,0,0,0,0,0,,2,,,,,,,,,,,,,,,,,,,,,,,,,,,,,,,,,,,,,,,,,,,,,,,,,,0,,,0,0,0,0,0,0,0,0,0,0,0,0,0,0,0,0,0,,,,,,,,,,,,,,,,,,,,0,,,,,0,,,,,,,,,,,0,,,,,,,,,,,,,,,,,,,,,,,,,,,,,0,,,0,0,0,0,0,0,0,0,0,0,0,0,0,0,0,0,0,0,0,0,0,0,,,,,,,,,,,,,,,,,,,,,,,0,0,0,0,0,0,0,0,0,0,0,0,,,0,0,0,0,0,0,0,0,0,0,,,,,0,,0,0,0,0,0,0,0,0,0,0,0,0,0,0,0,0,0,0,0,0,0,0,0,0,0,0,0,0,0,0,0,0,0,0,0,0,0,0,0,0,0,0,0,0,0,0,0,0,0,0,0,0,0,0,0,0,0,0,0,0,0,0,0,0,0,0,0,0,0,0,0,0,0,0,0,0,0,0,0,0,0,0,0,0,0,0,0,0,0,0,0,0,0,0,0,0,0,0,,,0
27-221,hds,"2023-06-12 21:32",1,1,0,0,1,1,,2,16,2,,21,1,,,,,,0,0,1,0,0,0,0,1,1,0,0,0,0,0,0,0,0,0,0,,,,,2,,,,21,21,,,,,,2,,,,1,0,0,0,0,0,0,0,0,0,0,0,0,0,,,,,,,,1,,,,,,,,,,,,,,1,0,0,0,0,0,0,0,0,0,0,0,0,0,,0,0,0,0,,0,,,,,,0,0,0,0,0,0,0,0,0,0,0,0,0,0,,,0,1,1,1,2021,11,0,,,0,0,55,158,37,120,136,82,22,88,8.2,15,1,0,0,1,22.031725684986,2,0,0,0,2,0,"Patient refused",0,,0,0,0,0,0,0,0,0,0,0,0,0,0,0,0,0,0,0,0,0,0,0,0,0,0,0,0,0,0,0,0,0,0,0,0,0,0,0,0,0,0,0,0,0,0,0,0,0,0,0,0,0,0,0,0,0,,,0,0,0,0,0,0,0,0,0,0,0,0,0,0,2,1,0,,,,,,,,,,,,,,,,0,,,,,,2,2,,3,0,0,0,0,0,1,0,0,0,0,0,0,0,0,0,0,0,0,0,0,0,0,0,1,0,1,1,0,0,0,0,1,0,0,0,0,0,0,0,0,,,5,5,,,,,3,,,0,1,1,0,0,0,0,0,0,0,0,2,1,,AHEB0000NOF,,,,1,1,1,0,0,0,0,0,0,0,0,0,0,0,0,0,,1,,AHDZ0184NOF,,1,0,0,0,0,0,0,0,0,0,,0,,,,,1,,AHEA9443NOF,,0,,,,0,,,0,,,2,2,1,1686831856590.jpg,3982/23,0,,0,0,0,0,0,0,0,0,0,0,0,0,0,0,0,0,0,0,,,2,,,,,,,,,,,,,,,,,,,,,,,,,,,,0,,,,,0,,,,0,https://cloud.butterflynetwork.com/-/shared/OyGDSQ97Th-EtEVqHUuSTQ?region=US,0,0,0,0,0,0,0,0,0,0,0,,2,,,,,,,,,,,,,,,,,,,,,,,,,,,,,,,,,,,,,,,,,,,,,,,,,,0,,,0,0,0,0,0,0,0,0,0,0,0,0,0,0,0,0,0,,,,,,,,,,,,,,,,,,,,0,,,,,0,,,,,,,,,,,0,,,,,,,,,,,,,,,,,,,,,,,,,,,,,0,,,0,0,0,0,0,0,0,0,0,0,0,0,0,0,0,0,0,0,0,0,0,0,,,,,,,,,,,,,,,,,,,,,,,0,0,0,0,0,0,0,0,0,0,0,0,,,0,0,0,0,0,0,0,0,0,0,,,,,0,,0,0,0,0,0,0,0,0,0,0,0,0,0,0,0,0,0,0,0,0,0,0,0,0,0,0,0,0,0,0,0,0,0,0,0,0,0,0,0,0,0,0,0,0,0,0,0,0,0,0,0,0,0,0,0,0,0,0,0,0,0,0,0,0,0,0,0,0,0,0,0,0,0,0,0,0,0,0,0,0,0,0,0,0,0,0,0,0,0,0,0,0,0,0,0,0,0,0,,,0
27-222,hds,"2023-06-13 16:28",1,1,0,0,1,1,,2,16,2,,7,1,,,,,,0,0,0,0,0,0,0,1,1,0,0,0,0,0,0,0,0,0,0,,,,,,,,,3,7,,,,,,2,,,,1,0,0,0,0,0,0,0,0,0,0,0,0,0,,,,,,,,1,,,,,,,,,,,,,,1,0,0,0,0,0,0,0,0,0,0,0,0,0,,1,1,0,0,,0,,,,,,0,0,0,0,0,0,0,0,0,0,0,0,0,0,,,0,1,2,3,2022,10,0,,,0,2,105,160,35.8,60,113,80,20,89,12.9,15,0,0,0,0,41.015625,2,0,0,0,2,1,,0,,0,0,0,0,0,0,0,0,0,0,0,0,0,0,0,0,0,0,0,0,0,0,0,0,0,0,0,0,0,0,0,0,0,0,0,0,0,0,0,0,0,0,0,0,0,0,0,0,0,0,0,0,0,0,0,0,,,0,0,0,0,0,0,0,0,0,0,0,0,0,0,2,2,0,,,,,,,,,,,,,,,,0,,,,,,2,2,,6,0,0,0,0,0,0,0,0,0,0,0,0,0,0,0,0,0,0,0,0,0,0,1,1,0,0,1,0,0,0,0,0,0,0,0,0,0,0,0,0,,,,5,,,,,,,,0,0,1,0,0,0,0,0,0,0,0,2,1,,AHUF5164NOF,,,,1,1,1,0,0,0,0,0,0,0,0,0,0,0,0,0,,1,,AHUF5165NOF,,1,0,0,0,0,0,0,0,0,0,,0,,,,,1,,AHEA9826NOF,,0,,,,0,,,0,,,2,2,0,,,,,0,0,0,0,0,0,0,0,0,0,0,0,0,0,0,0,0,0,,,2,,,,,,,,,,,,,,,,,,,,,,,,,,,,0,,,,,2,,,,0,https://cloud.butterflynetwork.com/-/shared/iyd7TxrQRx6X_jh2DqWbdg?region=US,0,0,0,0,0,0,0,0,0,0,0,,2,,,,,,,,,,,,,,,,,,,,,,,,,,,,,,,,,,,,,,,,,,,,,,,,,,0,,,0,0,0,0,0,0,0,0,0,0,0,0,0,0,0,0,0,,,,,,,,,,,,,,,,,,,,0,,,,,0,,,,,,,,,,,0,,,,,,,,,,,,,,,,,,,,,,,,,,,,,0,,,0,0,0,0,0,0,0,0,0,0,0,0,0,0,0,0,0,0,0,0,0,0,,,,,,,,,,,,,,,,,,,,,,,0,0,0,0,0,0,0,0,0,0,0,0,,,0,0,0,0,0,0,0,0,0,0,,,,,0,,0,0,0,0,0,0,0,0,0,0,0,0,0,0,0,0,0,0,0,0,0,0,0,0,0,0,0,0,0,0,0,0,0,0,0,0,0,0,0,0,0,0,0,0,0,0,0,0,0,0,0,0,0,0,0,0,0,0,0,0,0,0,0,0,0,0,0,0,0,0,0,0,0,0,0,0,0,0,0,0,0,0,0,0,0,0,0,0,0,0,0,0,0,0,0,0,0,0,,,0
27-223,hds,"2023-06-13 14:51",1,1,0,0,1,1,0,2,13,6,,21,,,,,,,0,0,0,1,0,0,0,0,0,0,0,0,0,0,0,0,0,0,0,,,,,,3,,,,,,,,,,2,,,,1,0,0,0,0,0,0,0,0,0,0,0,0,0,,,,,,,,1,,,,,,,,,,,,,,1,0,0,0,0,0,0,0,0,0,0,0,0,0,,0,0,0,0,,1,,,,,2,0,0,0,0,0,0,0,0,0,0,0,0,0,0,,,0,1,1,1,2020,,0,,,0,0,52,152,36.7,90,119,58,22,72,8.2,15,1,0,0,1,22.506925207756,2,0,0,0,2,1,,0,,0,0,0,0,0,0,0,0,0,0,0,0,0,0,0,0,0,0,0,0,0,0,0,0,0,0,0,0,0,0,0,0,0,0,0,0,0,0,0,0,0,0,0,0,0,0,0,0,0,0,0,0,0,0,0,0,,,0,0,0,0,0,0,0,0,0,0,0,0,0,0,2,2,0,,,,,,,,,,,,,,,,0,,,,,,2,2,,3,0,0,0,0,0,0,0,0,0,0,0,0,0,0,0,0,0,0,0,0,0,0,0,1,1,0,0,0,1,0,0,0,0,0,0,0,0,0,0,0,,5,,,,5,,,,,,0,1,1,0,0,0,0,0,0,0,0,2,1,,AHEA9990NOF,,,,1,1,1,0,1,1,0,0,0,0,0,0,0,0,0,0,,1,,AHUF5102NOF,,1,0,0,0,0,0,0,0,0,0,,0,,,,,1,,AHEA9817NOF,,0,,,,0,,,0,,,2,2,1,1686660799912.jpg,3948/23,0,0,0,0,0,0,0,0,0,0,0,0,0,0,0,0,0,0,0,0,,,2,,,,,,,,,,,,,,,,,,,,,,,,,,,,0,,,,,0,,,,0,https://cloud.butterflynetwork.com/-/shared/hwaPenufQiqS9sfSR_QxjQ?region=US,0,0,0,0,0,0,0,0,0,0,0,,2,,,,,,,,,,,,,,,,,,,,,,,,,,,,,,,,,,,,,,,,,,,,,,,,,,0,,,0,0,0,0,0,0,0,0,0,0,0,0,0,0,0,0,0,,,,,,,,,,,,,,,,,,,,0,,,,,0,,,,,,,,,,,0,,,,,,,,,,,,,,,,,,,,,,,,,,,,,0,,,0,0,0,0,0,0,0,0,0,0,0,0,0,0,0,0,0,0,0,0,0,0,,,,,,,,,,,,,,,,,,,,,,,0,0,0,0,0,0,0,0,0,0,0,0,,,0,0,0,0,0,0,0,0,0,0,,,,,0,,0,0,0,0,0,0,0,0,0,0,0,0,0,0,0,0,0,0,0,0,0,0,0,0,0,0,0,0,0,0,0,0,0,0,0,0,0,0,0,0,0,0,0,0,0,0,0,0,0,0,0,0,0,0,0,0,0,0,0,0,0,0,0,0,0,0,0,0,0,0,0,0,0,0,0,0,0,0,0,0,0,0,0,0,0,0,0,0,0,0,0,0,0,0,0,0,0,0,,,0
27-224,hds,"2023-06-27 15:11",1,1,0,0,1,1,,2,16,2,,21,1,,,,,,0,0,1,1,0,0,1,0,1,0,0,0,0,0,0,0,0,0,0,,,,,2,21,,21,,21,,,,,,2,,,,1,0,0,0,0,0,0,0,0,0,0,0,0,0,,,,,,,,2,,,,1998,,0,,0,,3,5,,,1,0,0,0,0,0,0,0,0,0,0,0,0,0,,0,0,0,0,,0,,,,,,0,0,0,0,0,0,0,0,0,0,0,0,0,0,,,0,0,,,,,0,,,0,2,81,173,36,105,119,71,18,91,5.8,15,0,0,0,0,27.06405158876,2,0,0,0,2,0,"Network Problem",0,,0,0,0,0,0,0,0,0,0,0,0,0,0,0,0,0,0,0,0,0,0,0,0,0,0,0,0,0,0,0,0,0,0,0,0,0,0,0,0,0,0,0,0,0,0,0,0,0,0,0,0,0,0,0,0,0,,,0,0,0,0,0,0,0,0,0,0,0,0,0,0,2,1,0,,,,,,,,,,,,,,,,1,2,1,,1,,2,2,,3,0,0,0,0,0,1,0,0,0,0,0,0,0,0,0,0,0,0,0,0,0,0,1,1,0,0,1,0,0,0,0,0,0,0,0,0,0,0,0,0,,,,7,,,,,,,,0,0,1,0,0,0,0,0,0,0,0,2,1,,AHUF4400NOF,,,,1,1,1,0,0,0,0,0,0,0,0,0,0,0,0,0,,1,AHUF4454NOF,,,1,0,0,0,0,0,0,0,0,0,,0,,,,,1,,NICD,,1,,AHUF4455NOF,,0,,,0,,,2,2,1,1688389351314.jpg,4275/24,0,,0,0,0,0,0,0,0,0,0,0,0,0,0,0,0,0,0,0,,,2,,,,,,,,,,,,,,,,,,,,,,,,,,,,0,,,,,0,,,,0,https://cloud.butterflynetwork.com/-/shared/4p2CZmU9Q7KjmHEYtY4yyw?region=US,0,0,0,0,0,0,0,0,0,0,0,,2,,,,,,,,,,,,,,,,,,,,,,,,,,,,,,,,,,,,,,,,,,,,,,,,,,0,,,0,0,0,0,0,0,0,0,0,0,0,0,0,0,0,0,0,,,,,,,,,,,,,,,,,,,,0,,,,,0,,,,,,,,,,,0,,,,,,,,,,,,,,,,,,,,,,,,,,,,,0,,,0,0,0,0,0,0,0,0,0,0,0,0,0,0,0,0,0,0,0,0,0,0,,,,,,,,,,,,,,,,,,,,,,,0,0,0,0,0,0,0,0,0,0,0,0,,,0,0,0,0,0,0,0,0,0,0,,,,,0,,0,0,0,0,0,0,0,0,0,0,0,0,0,0,0,0,0,0,0,0,0,0,0,0,0,0,0,0,0,0,0,0,0,0,0,0,0,0,0,0,0,0,0,0,0,0,0,0,0,0,0,0,0,0,0,0,0,0,0,0,0,0,0,0,0,0,0,0,0,0,0,0,0,0,0,0,0,0,0,0,0,0,0,0,0,0,0,0,0,0,0,0,0,0,0,0,0,0,,,0
27-225,hds,"2023-06-27 13:47",1,1,0,0,1,1,0,2,,,,,,,,,,,0,0,0,0,0,0,0,0,0,0,0,0,0,0,0,0,0,0,0,,,,,,,,,,,,,,,,1,0,0,1,,0,0,0,0,0,0,0,0,0,0,0,0,0,,,,,,,,1,,,,,,,,,,,,,,1,1,1,0,0,0,0,0,0,0,0,0,0,0,,0,1,0,0,,0,,,,,,0,0,0,0,0,0,0,0,0,0,0,0,0,0,,,0,0,,,,,0,,,0,2,44,175,36,95,119,57,18,88,6.2,15,0,0,0,0,14.367346938776,2,0,0,1,2,0,"Patient  refused ",0,,0,0,0,0,0,0,0,0,0,0,0,0,0,0,0,0,0,0,0,0,0,0,0,0,0,0,0,0,0,0,0,0,0,0,0,0,0,0,0,0,0,0,0,0,0,0,0,0,0,0,0,0,0,0,0,0,,,0,0,0,0,0,0,0,0,0,0,0,0,0,0,2,2,0,,,,,,,,,,,,,,,,0,,,,,,2,1,,15,0,0,0,0,0,0,0,0,0,0,0,0,0,0,0,0,0,0,0,0,0,0,0,1,0,0,0,0,1,0,0,1,0,0,0,0,0,0,0,0,,,,,,5,,,3,,,0,1,1,0,0,0,0,0,0,0,0,2,0,,,,,,0,0,0,0,0,0,0,0,0,0,0,0,0,0,0,0,,1,,AHUF5744NOF,,1,0,0,0,0,0,0,0,0,0,,0,,,,,1,,AHUF5747NOF,,0,,,,0,,,0,,,2,2,1,1688389155731.jpg,4260/23,0,,0,0,0,0,0,0,0,0,0,0,0,0,0,0,0,0,0,0,,,2,,,,,,,,,,,,,,,,,,,,,,,,,,,,0,,,,,0,,,,0,,0,1,0,0,0,0,0,0,0,0,0,,0,,,,,,,,,,,,,,,,,,,,,,,,,,,,,,,,,,,,,,,,,,,,,,,,,,0,,,0,0,0,0,0,0,0,0,0,0,0,0,0,0,0,0,0,,,,,,,,,,,,,,,,,,,,0,,,,,0,,,,,,,,,,,0,,,,,,,,,,,,,,,,,,,,,,,,,,,,,0,,,0,0,0,0,0,0,0,0,0,0,0,0,0,0,0,0,0,0,0,0,0,0,,,,,,,,,,,,,,,,,,,,,,,0,0,0,0,0,0,0,0,0,0,0,0,,,0,0,0,0,0,0,0,0,0,0,,,,,0,,0,0,0,0,0,0,0,0,0,0,0,0,0,0,0,0,0,0,0,0,0,0,0,0,0,0,0,0,0,0,0,0,0,0,0,0,0,0,0,0,0,0,0,0,0,0,0,0,0,0,0,0,0,0,0,0,0,0,0,0,0,0,0,0,0,0,0,0,0,0,0,0,0,0,0,0,0,0,0,0,0,0,0,0,0,0,0,0,0,0,0,0,0,0,0,0,0,0,,,0
27-226,hds,"2023-06-28 16:21",1,1,0,0,1,1,,2,16,3,,,,2,,,,,0,1,0,0,0,0,0,0,0,0,0,0,0,0,0,0,0,0,0,,4,0,,,,,,,,,,,,,2,,,,1,0,0,0,0,0,0,0,0,0,0,0,0,0,,,,,,,,1,,,,,,,,,,,,,,1,0,0,0,0,0,0,0,0,0,0,0,0,0,,0,0,0,0,,2,27,2023-06-28,,,,0,0,0,0,0,0,0,0,0,0,0,0,0,0,,,0,0,,,,,0,,,0,2,54,176,36.3,86,103,64,20,88,6.4,15,0,0,0,0,17.432851239669,5,0,0,1,2,0,"No network",0,,0,0,0,0,0,0,0,0,0,0,0,0,0,0,0,0,0,0,0,0,0,0,0,0,0,0,0,0,0,0,0,0,0,0,0,0,0,0,0,0,0,0,0,0,0,0,0,0,0,0,0,0,0,0,0,0,,,0,0,0,0,0,0,0,0,0,0,0,0,0,0,2,3,0,,,,,,,,,,,,,,,,0,,,,,,2,2,,3,0,0,0,0,0,0,0,0,0,0,0,0,0,0,0,0,0,0,0,0,0,0,1,1,0,0,1,0,0,0,0,1,1,0,0,0,0,0,0,0,,,,5,,,,,3,5,,0,1,1,0,0,0,0,0,0,0,0,2,1,,AHDY5633NOF,,,,1,1,1,0,1,1,0,0,0,0,0,0,0,0,0,0,,0,,,,0,0,0,0,0,0,0,0,0,0,,0,,,,,1,,NICD,,0,,,,0,,,0,,,1,2,1,1688389553026.jpg,4355/23,0,,0,0,0,0,0,0,0,0,0,0,0,0,0,0,0,0,0,0,,,2,,,,,,,,,,,,,,,,,,,,,,,,,,,,0,,,,,0,,,,0,https://cloud.butterflynetwork.com/-/shared/Lv8VpTLuRLG17X7R4fJFGw?region=US,0,0,0,0,0,0,0,0,0,0,0,,2,,,,,,,,,,,,,,,,,,,,,,,,,,,,,,,,,,,,,,,,,,,,,,,,,,0,,,0,0,0,0,0,0,0,0,0,0,0,0,0,0,0,0,0,,,,,,,,,,,,,,,,,,,,0,,,,,0,,,,,,,,,,,0,,,,,,,,,,,,,,,,,,,,,,,,,,,,,0,,,0,0,0,0,0,0,0,0,0,0,0,0,0,0,0,0,0,0,0,0,0,0,,,,,,,,,,,,,,,,,,,,,,,0,0,0,0,0,0,0,0,0,0,0,0,,,0,0,0,0,0,0,0,0,0,0,,,,,0,,0,0,0,0,0,0,0,0,0,0,0,0,0,0,0,0,0,0,0,0,0,0,0,0,0,0,0,0,0,0,0,0,0,0,0,0,0,0,0,0,0,0,0,0,0,0,0,0,0,0,0,0,0,0,0,0,0,0,0,0,0,0,0,0,0,0,0,0,0,0,0,0,0,0,0,0,0,0,0,0,0,0,0,0,0,0,0,0,0,0,0,0,0,0,0,0,0,0,,,0
27-227,hds,"2023-06-28 20:08",1,1,0,0,1,1,0,2,16,3,,,,2,,,,,0,1,0,0,0,0,0,0,0,0,0,0,0,0,0,0,0,0,0,,14,1,,,,,,,,,,,,,2,,,,1,0,0,0,0,0,0,0,0,0,0,0,0,0,,,,,,,,1,,,,,,,,,,,,,,1,0,0,0,0,0,0,0,0,0,0,0,0,0,,0,0,0,0,,1,,,,,2,0,0,0,0,0,0,0,0,0,0,0,0,0,0,,,0,1,1,1,2021,,0,,,0,2,77,164,37,95,118,71,24,97,,15,1,0,0,1,28.628792385485,2,0,0,0,2,0,"No network ",0,,0,0,0,0,0,0,0,0,0,0,0,0,0,0,0,0,0,0,0,0,0,0,0,0,0,0,0,0,0,0,0,0,0,0,0,0,0,0,0,0,0,0,0,0,0,0,0,0,0,0,0,0,0,0,0,0,,,0,0,0,0,0,0,0,0,0,0,0,0,0,0,2,2,0,,,,,,,,,,,,,,,,0,,,,,,2,2,,3,0,0,0,0,0,0,0,0,0,0,0,0,0,0,0,0,0,0,0,0,0,0,0,1,0,0,0,0,1,0,0,1,1,0,0,0,0,0,0,0,,,,,,5,,,3,5,,0,1,1,0,0,0,0,0,0,0,0,2,1,,ADNE8511HOF,,,,1,1,0,1,1,1,0,0,0,0,0,0,0,0,0,0,,1,,ADNE8510HOF,,1,0,0,0,0,0,0,0,0,0,,0,,,,,1,,Nicd,,0,,,,0,,,0,,,2,2,1,1688388464201.jpg,4298/23,0,,0,0,0,0,0,0,0,0,0,0,0,0,0,0,0,0,0,0,,,2,,,,,,,,,,,,,,,,,,,,,,,,,,,,0,,,,,0,,,,0,https://cloud.butterflynetwork.com/-/shared/mJY4cpb8QBGskCBH7L2bSQ?region=US,0,0,0,0,0,0,0,0,0,0,0,,2,,,,,,,,,,,,,,,,,,,,,,,,,,,,,,,,,,,,,,,,,,,,,,,,,,0,,,0,0,0,0,0,0,0,0,0,0,0,0,0,0,0,0,0,,,,,,,,,,,,,,,,,,,,0,,,,,0,,,,,,,,,,,0,,,,,,,,,,,,,,,,,,,,,,,,,,,,,0,,,0,0,0,0,0,0,0,0,0,0,0,0,0,0,0,0,0,0,0,0,0,0,,,,,,,,,,,,,,,,,,,,,,,0,0,0,0,0,0,0,0,0,0,0,0,,,0,0,0,0,0,0,0,0,0,0,,,,,0,,0,0,0,0,0,0,0,0,0,0,0,0,0,0,0,0,0,0,0,0,0,0,0,0,0,0,0,0,0,0,0,0,0,0,0,0,0,0,0,0,0,0,0,0,0,0,0,0,0,0,0,0,0,0,0,0,0,0,0,0,0,0,0,0,0,0,0,0,0,0,0,0,0,0,0,0,0,0,0,0,0,0,0,0,0,0,0,0,0,0,0,0,0,0,0,0,0,0,,,0
27-228,hds,"2023-06-29 17:34",1,1,0,0,1,1,,2,16,2,,14,1,,,,,,0,0,0,1,0,0,1,1,1,0,0,0,0,0,0,0,0,0,0,,,,,,14,,5,5,30,,,,,,2,,,,1,0,0,0,0,0,0,0,0,0,0,0,0,0,,,,,,,,1,,,,,,,,,,,,,,3,0,0,0,0,0,0,0,0,0,0,0,0,0,,0,0,0,0,,0,,,,,,0,0,0,0,0,0,0,0,0,0,0,0,0,0,,,0,0,,,,,0,,,0,2,46,168,36.5,121,100,56,20,93,6.8,15,0,0,1,1,16.298185941043,2,0,0,0,2,0,"Network problem",0,,0,0,0,0,0,0,0,0,0,0,0,0,0,0,0,0,0,0,0,0,0,0,0,0,0,0,0,0,0,0,0,0,0,0,0,0,0,0,0,0,0,0,0,0,0,0,0,0,0,0,0,0,0,0,0,0,,,0,0,0,0,0,0,0,0,0,0,0,0,0,0,2,1,0,,,,,,,,,,,,,,,,0,,,,,,2,2,,6,0,0,0,0,0,0,0,0,0,0,0,0,0,0,0,0,0,0,0,0,0,0,0,1,0,0,1,0,0,0,0,1,1,0,0,0,0,0,0,0,,,,5,,,,,3,5,,0,0,1,0,0,0,0,0,0,0,0,2,1,,AHUF4265NOF,,,,1,1,1,0,0,0,0,0,0,0,0,0,0,0,0,0,,1,,AHUF4266NOF,,1,0,0,0,0,0,0,0,0,0,,0,,,,,1,,NICD,,0,,,,0,,,0,,,2,2,1,1688389634580.jpg,4267/23,0,,0,0,0,0,0,0,0,0,0,0,0,0,0,0,0,0,0,0,,,2,,,,,,,,,,,,,,,,,,,,,,,,,,,,0,,,,,0,,,,0,https://cloud.butterflynetwork.com/-/shared/_UirCAKvR82V69InQMV0GQ?region=US,0,0,0,0,0,0,0,0,0,0,0,,2,,,,,,,,,,,,,,,,,,,,,,,,,,,,,,,,,,,,,,,,,,,,,,,,,,0,,,0,0,0,0,0,0,0,0,0,0,0,0,0,0,0,0,0,,,,,,,,,,,,,,,,,,,,0,,,,,0,,,,,,,,,,,0,,,,,,,,,,,,,,,,,,,,,,,,,,,,,0,,,0,0,0,0,0,0,0,0,0,0,0,0,0,0,0,0,0,0,0,0,0,0,,,,,,,,,,,,,,,,,,,,,,,0,0,0,0,0,0,0,0,0,0,0,0,,,0,0,0,0,0,0,0,0,0,0,,,,,0,,0,0,0,0,0,0,0,0,0,0,0,0,0,0,0,0,0,0,0,0,0,0,0,0,0,0,0,0,0,0,0,0,0,0,0,0,0,0,0,0,0,0,0,0,0,0,0,0,0,0,0,0,0,0,0,0,0,0,0,0,0,0,0,0,0,0,0,0,0,0,0,0,0,0,0,0,0,0,0,0,0,0,0,0,0,0,0,0,0,0,0,0,0,0,0,0,0,0,,,0
27-229,hds,"2023-07-05 11:09",1,1,0,0,1,1,0,2,16,2,,90,1,,,,,,0,0,0,0,0,1,0,0,0,0,0,0,0,0,0,0,0,0,0,,,,90,,,,,,,,,,,,2,,,,1,0,0,0,0,0,0,0,0,0,0,0,0,0,,,,,,,,2,,,,,2000,0,,0,,3,5,,,2,0,0,0,0,0,0,0,0,0,0,0,0,0,,0,,0,0,,0,,,,,,0,0,0,0,0,0,0,0,0,0,0,0,0,0,,,0,1,2,2,2021,2,0,,,0,0,48,175,37,108,109,69,20,88,5.9,15,0,0,0,0,15.673469387755,3,0,0,1,2,0,"Network problem",0,,0,0,0,0,0,0,0,0,0,0,0,0,0,0,0,0,0,0,0,0,0,0,0,0,0,0,0,0,0,0,0,0,0,0,0,0,0,0,0,0,0,0,0,0,0,0,0,0,0,0,0,0,0,0,0,0,,,0,0,0,0,0,0,0,0,0,0,0,0,0,0,2,2,0,,,,,,,,,,,,,,,,0,,,,,,2,2,,3,0,0,0,0,0,0,0,0,0,0,0,0,0,0,0,0,0,0,0,0,0,0,0,1,0,0,1,0,0,1,0,0,0,0,0,0,0,0,0,0,,,,5,,,5,,,,,0,1,1,0,0,0,0,0,0,0,0,2,1,,AHUF478NOF,,,,1,1,1,0,0,0,0,0,0,0,0,0,0,0,0,0,,1,,AHUF4388NOF,,1,0,0,0,0,0,0,0,0,0,,0,,,,,,,,,0,,,,0,,,0,,,2,2,1,1690289708545.jpg,4532/23,0,,0,0,0,0,0,0,0,0,0,0,0,0,0,0,0,0,0,0,,,2,,,,,,,,,,,,,,,,,,,,,,,,,,,,0,,,,,0,,,,0,https://cloud.butterflynetwork.com/-/shared/SESaO_6yRcWJ13sJ1MDrjg?region=US,0,0,0,0,0,0,0,0,0,0,0,,2,,,,,,,,,,,,,,,,,,,,,,,,,,,,,,,,,,,,,,,,,,,,,,,,,,0,,,0,0,0,0,0,0,0,0,0,0,0,0,0,0,0,0,0,,,,,,,,,,,,,,,,,,,,0,,,,,0,,,,,,,,,,,0,,,,,,,,,,,,,,,,,,,,,,,,,,,,,0,,,0,0,0,0,0,0,0,0,0,0,0,0,0,0,0,0,0,0,0,0,0,0,,,,,,,,,,,,,,,,,,,,,,,0,0,0,0,0,0,0,0,0,0,0,0,,,0,0,0,0,0,0,0,0,0,0,,,,,0,,0,0,0,0,0,0,0,0,0,0,0,0,0,0,0,0,0,0,0,0,0,0,0,0,0,0,0,0,0,0,0,0,0,0,0,0,0,0,0,0,0,0,0,0,0,0,0,0,0,0,0,0,0,0,0,0,0,0,0,0,0,0,0,0,0,0,0,0,0,0,0,0,0,0,0,0,0,0,0,0,0,0,0,0,0,0,0,0,0,0,0,0,0,0,0,0,0,0,,,0
27-230,hds,"2023-07-18 15:19",1,1,0,0,,1,0,2,16,2,,7,1,,,,,,0,0,0,0,0,0,1,0,0,0,0,0,0,0,0,0,0,0,0,,,,,,,,14,,,,,,,,2,,,,1,0,0,0,0,0,0,0,0,0,0,0,0,0,,,,,,,,2,,,,2020,,0,,0,,3,4,,,3,0,0,0,0,0,0,0,0,0,0,0,0,0,,0,0,0,0,,0,,,,,,0,0,0,0,0,0,0,0,0,0,0,0,0,0,,,0,0,,,,,0,,,0,0,69,172,36.4,106,220,123,22,96,6.2,,1,0,0,1,23.323418063818,2,0,0,1,2,1,,0,,0,0,0,0,0,0,0,0,0,0,0,0,0,0,0,0,0,0,0,0,0,0,0,0,0,0,0,0,0,0,0,0,0,0,0,0,0,0,0,0,0,0,0,0,0,0,0,0,0,0,0,0,0,0,0,0,,,0,0,0,0,0,0,0,0,0,0,0,0,0,0,2,2,0,,,,,,,,,,,,,,,,1,3,1,1,2,1,2,2,,3,0,0,0,0,0,0,0,0,0,0,0,0,0,0,0,0,0,0,0,0,0,0,0,1,0,0,0,0,1,0,0,1,0,0,0,0,0,0,0,0,,,,,,5,,,3,,,1,0,1,0,0,0,0,0,0,0,0,2,1,,AHRP6703NOF,,,,1,1,1,0,0,0,0,0,0,0,0,0,0,0,0,0,,1,,AHRP7000NOF,,1,0,0,0,0,0,0,0,0,0,,0,,,,,1,,"NICD ",,0,,,,0,,,0,,,2,2,1,1690290002990.jpg,4805/23,0,,0,0,0,0,0,0,0,0,0,0,0,0,0,0,0,0,0,0,,,2,,,,,,,,,,,,,,,,,,,,,,,,,,,,0,,,,,0,,,,0,https://cloud.butterflynetwork.com/-/shared/PpycgWcgTiy1iUbwxRdWug?region=US,0,0,0,0,0,0,0,0,0,0,0,,2,,,,,,,,,,,,,,,,,,,,,,,,,,,,,,,,,,,,,,,,,,,,,,,,,,0,,,0,0,0,0,0,0,0,0,0,0,0,0,0,0,0,0,0,,,,,,,,,,,,,,,,,,,,0,,,,,0,,,,,,,,,,,0,,,,,,,,,,,,,,,,,,,,,,,,,,,,,0,,,0,0,0,0,0,0,0,0,0,0,0,0,0,0,0,0,0,0,0,0,0,0,,,,,,,,,,,,,,,,,,,,,,,0,0,0,0,0,0,0,0,0,0,0,0,,,0,0,0,0,0,0,0,0,0,0,,,,,0,,0,0,0,0,0,0,0,0,0,0,0,0,0,0,0,0,0,0,0,0,0,0,0,0,0,0,0,0,0,0,0,0,0,0,0,0,0,0,0,0,0,0,0,0,0,0,0,0,0,0,0,0,0,0,0,0,0,0,0,0,0,0,0,0,0,0,0,0,0,0,0,0,0,0,0,0,0,0,0,0,0,0,0,0,0,0,0,0,0,0,0,0,0,0,0,0,0,0,,,0
27-231,hds,"2023-07-18 16:07",1,1,0,0,1,1,,2,16,2,,14,1,,,,,,0,0,0,0,0,1,1,0,0,0,1,0,0,0,0,0,0,0,0,,,,90,,,,14,,,,5,,,,2,,,,1,0,0,0,0,0,0,0,0,0,0,0,0,0,,,,,,,,2,,,,2022,,0,,0,,4,,2,3,2,0,0,0,0,0,0,0,0,0,0,0,0,0,,0,0,0,0,,2,3,2022-04-12,,,,0,0,0,0,0,0,0,0,0,0,0,0,0,0,,,0,0,,,,,0,,,0,0,40,160,36.5,68,89,54,20,95,8.4,15,0,0,1,1,15.625,2,0,0,1,2,1,,0,,0,0,0,0,0,0,0,0,0,0,0,0,0,0,0,0,0,0,0,0,0,0,0,0,0,0,0,0,0,0,0,0,0,0,0,0,0,0,0,0,0,0,0,0,0,0,0,0,0,0,0,0,0,0,0,0,,,0,0,0,0,0,0,0,0,0,0,0,0,0,0,2,2,0,,,,,,,,,,,,,,,,0,,,,,,2,2,,10,0,0,0,0,0,0,0,0,0,0,0,0,0,0,0,0,0,0,0,0,0,0,0,1,0,0,0,0,1,0,0,0,1,0,0,0,0,0,0,0,,,,,,7,,,,7,,0,0,1,0,0,0,0,0,0,0,0,2,1,,AHRP6999NOF,,,,1,1,1,0,0,0,1,0,0,1,0,0,0,0,0,0,BC,1,,AHRP6986NOF,,1,0,0,0,0,0,0,0,0,0,,0,,,,,1,,NICD,,0,,,,0,,,0,,,0,2,1,1690289516702.jpg,4824/23,0,,0,0,0,0,0,0,0,0,0,0,0,0,0,0,0,0,0,0,,,2,,,,,,,,,,,,,,,,,,,,,,,,,,,,0,,,,,0,,,,0,https://cloud.butterflynetwork.com/-/shared/KWwZ2RnWRD-YnfUA3g2nFQ?region=US,0,0,0,0,0,0,0,0,0,0,0,,2,,,,,,,,,,,,,,,,,,,,,,,,,,,,,,,,,,,,,,,,,,,,,,,,,,0,,,0,0,0,0,0,0,0,0,0,0,0,0,0,0,0,0,0,,,,,,,,,,,,,,,,,,,,0,,,,,0,,,,,,,,,,,0,,,,,,,,,,,,,,,,,,,,,,,,,,,,,0,,,0,0,0,0,0,0,0,0,0,0,0,0,0,0,0,0,0,0,0,0,0,0,,,,,,,,,,,,,,,,,,,,,,,0,0,0,0,0,0,0,0,0,0,0,0,,,0,0,0,0,0,0,0,0,0,0,,,,,0,,0,0,0,0,0,0,0,0,0,0,0,0,0,0,0,0,0,0,0,0,0,0,0,0,0,0,0,0,0,0,0,0,0,0,0,0,0,0,0,0,0,0,0,0,0,0,0,0,0,0,0,0,0,0,0,0,0,0,0,0,0,0,0,0,0,0,0,0,0,0,0,0,0,0,0,0,0,0,0,0,0,0,0,0,0,0,0,0,0,0,0,0,0,0,0,0,0,0,,,0
27-232,hds,"2023-07-24 13:19",1,1,0,0,1,1,,2,16,2,,5,1,,,,,,0,0,0,0,0,1,1,0,0,0,1,0,0,0,0,0,0,0,0,,,,30,,,,7,,,,3,,,,2,,,,1,0,0,0,0,0,0,0,0,0,0,0,0,0,,,,,,,,2,,,,2019,,0,,0,,3,4,,,1,0,0,0,0,0,0,0,0,0,0,0,0,0,,0,0,0,0,,1,,,,,2,0,0,0,0,0,0,0,0,0,0,0,0,0,0,,,0,1,1,1,2021,10,0,,,0,2,54,156,35.9,134,120,63,20,99,4.8,15,0,0,0,0,22.189349112426,1,0,1,1,2,1,,0,,0,0,0,0,0,0,0,0,0,0,0,0,0,0,0,0,0,0,0,0,0,0,0,0,0,0,0,0,0,0,0,0,0,0,0,0,0,0,0,0,0,0,0,0,0,0,0,0,0,0,0,0,0,0,0,0,,,0,0,0,0,0,0,0,0,0,0,0,0,0,0,2,1,0,,,,,,,,,,,,,,,,0,,,,,,2,2,,3,0,0,0,0,0,0,0,0,0,0,0,0,0,0,0,0,0,0,0,0,0,0,0,1,0,0,1,0,0,0,0,0,0,0,0,0,0,0,0,0,,,,7,,,,,,,,0,0,1,0,0,0,0,0,0,0,0,2,1,,AHRP7271NOF,,,,1,1,1,0,1,1,0,0,0,0,0,0,0,0,0,0,,1,,AHRP7051NOF,,1,0,0,0,0,0,0,0,0,0,,0,,,,,1,,AHUE4102NOF,,0,,,,0,,,0,,,0,2,1,1690289607939.jpg,4979/23,0,,0,0,0,0,0,0,0,0,0,0,0,0,0,0,0,0,0,0,,,2,,,,,,,,,,,,,,,,,,,,,,,,,,,,0,,,,,0,,,,0,https://cloud.butterflynetwork.com/-/shared/Jc54m1ZfQae5cBJ_VOZGGQ?region=US,0,0,0,0,0,0,0,0,0,0,0,,2,,,,,,,,,,,,,,,,,,,,,,,,,,,,,,,,,,,,,,,,,,,,,,,,,,0,,,0,0,0,0,0,0,0,0,0,0,0,0,0,0,0,0,0,,,,,,,,,,,,,,,,,,,,0,,,,,0,,,,,,,,,,,0,,,,,,,,,,,,,,,,,,,,,,,,,,,,,0,,,0,0,0,0,0,0,0,0,0,0,0,0,0,0,0,0,0,0,0,0,0,0,,,,,,,,,,,,,,,,,,,,,,,0,0,0,0,0,0,0,0,0,0,0,0,,,0,0,0,0,0,0,0,0,0,0,,,,,0,,0,0,0,0,0,0,0,0,0,0,0,0,0,0,0,0,0,0,0,0,0,0,0,0,0,0,0,0,0,0,0,0,0,0,0,0,0,0,0,0,0,0,0,0,0,0,0,0,0,0,0,0,0,0,0,0,0,0,0,0,0,0,0,0,0,0,0,0,0,0,0,0,0,0,0,0,0,0,0,0,0,0,0,0,0,0,0,0,0,0,0,0,0,0,0,0,0,0,,,0
27-233,hds,"2023-07-24 12:47",1,1,0,0,,1,0,2,16,2,,7,1,,,,,,0,0,1,0,0,0,0,0,0,0,0,0,0,0,0,0,0,0,0,,,,,4,,,,,,,,,,,2,,,,1,0,0,0,0,0,0,0,0,0,0,0,0,0,,,,,,,,1,,,,,,,,,,,,,,1,0,0,0,0,0,0,0,0,0,0,0,0,0,,0,0,0,0,,2,,,,,,0,0,0,0,0,0,0,0,0,0,0,0,0,0,,,0,0,,,,,0,,,1,0,45,172,36.2,134,102,61,18,96,7.3,15,0,0,0,0,15.210924824229,3,0,0,1,2,0,"Patient  refused",0,,0,0,0,0,0,0,0,0,0,0,0,0,0,0,0,0,0,0,0,0,0,0,0,0,0,0,0,0,0,0,0,0,0,0,0,0,0,0,0,0,0,0,0,0,0,0,0,0,0,0,0,0,0,0,0,0,,,0,0,0,0,0,0,0,0,0,0,0,0,0,0,2,2,1,"Patient was not cooperative ",,,,,,,,,,,,,,,0,,,,,,2,2,,3,0,0,0,0,0,0,0,0,0,0,0,0,0,0,0,0,0,0,0,0,0,0,0,1,0,0,0,0,1,0,0,1,1,0,0,0,0,0,0,0,,,,,,5,,,3,5,,0,0,1,0,0,0,0,0,0,0,0,2,1,,ADIQ55,,AHRP6730NOF,,1,1,1,0,0,0,0,0,0,0,0,0,0,0,0,0,,1,,AHRP6720NOF,,1,0,0,0,0,0,0,0,0,0,,0,,,,,1,,AHUE41O4NOF,,0,,,,0,,,0,,,0,2,1,1690290057786.jpg,4973/23,0,,0,0,0,0,0,0,0,0,0,0,0,0,0,0,0,0,0,0,,,2,,,,,,,,,,,,,,,,,,,,,,,,,,,,0,,,,,0,,,,0,https://cloud.butterflynetwork.com/-/shared/rKjCFvfDTQytln4NAVjMpw?region=US,0,0,0,0,0,0,0,0,0,0,0,,2,,,,,,,,,,,,,,,,,,,,,,,,,,,,,,,,,,,,,,,,,,,,,,,,,,0,,,0,0,0,0,0,0,0,0,0,0,0,0,0,0,0,0,0,,,,,,,,,,,,,,,,,,,,0,,,,,0,,,,,,,,,,,0,,,,,,,,,,,,,,,,,,,,,,,,,,,,,0,,,0,0,0,0,0,0,0,0,0,0,0,0,0,0,0,0,0,0,0,0,0,0,,,,,,,,,,,,,,,,,,,,,,,0,0,0,0,0,0,0,0,0,0,0,0,,,0,0,0,0,0,0,0,0,0,0,,,,,0,,0,0,0,0,0,0,0,0,0,0,0,0,0,0,0,0,0,0,0,0,0,0,0,0,0,0,0,0,0,0,0,0,0,0,0,0,0,0,0,0,0,0,0,0,0,0,0,0,0,0,0,0,0,0,0,0,0,0,0,0,0,0,0,0,0,0,0,0,0,0,0,0,0,0,0,0,0,0,0,0,0,0,0,0,0,0,0,0,0,0,0,0,0,0,0,0,0,0,,,0
27-234,hds,"2023-07-26 15:51",1,1,0,0,1,1,,2,16,2,,21,1,,,,,,0,0,0,0,0,0,1,1,0,0,0,0,0,0,0,0,0,0,0,,,,,,,,21,5,,,,,,,2,,,,1,0,0,0,0,0,0,0,0,0,0,0,0,0,,,,,,,,1,,,,,,,,,,,,,,1,0,0,0,0,0,0,0,0,0,0,0,0,0,,0,0,0,0,,2,,,,,,0,0,0,0,0,0,0,0,0,0,0,0,0,0,,,0,0,,,,,0,,,0,2,56,173,36.4,124,81,57,18,95,6.1,15,0,0,1,1,18.71094924655,2,0,0,1,2,1,,0,,0,0,0,0,0,0,0,0,0,0,0,0,0,0,0,0,0,0,0,0,0,0,0,0,0,0,0,0,0,0,0,0,0,0,0,0,0,0,0,0,0,0,0,0,0,0,0,0,0,0,0,0,0,0,0,0,,,0,0,0,0,0,0,0,0,0,0,0,0,0,0,2,2,0,,,,,,,,,,,,,,,,0,,,,,,2,2,,3,0,0,0,0,0,0,0,0,0,0,0,0,0,0,0,0,0,0,0,0,0,0,0,1,0,0,1,0,0,0,0,0,1,0,0,0,0,0,0,0,,,,7,,,,,,7,,0,0,1,0,0,0,0,0,0,0,0,2,1,AHUE4059NOF,,,,,1,1,1,0,1,0,0,0,0,0,0,0,0,0,0,0,,1,AHUE4060NOF,,,1,1,0,0,0,0,0,0,0,0,,0,,,,,1,,NICD,,0,,,,0,,,0,,,2,2,1,1691480580668.jpg,5037/23,0,,0,0,0,0,0,0,0,0,0,0,0,0,0,0,0,0,0,0,,,2,,,,,,,,,,,,,,,,,,,,,,,,,,,,0,,,,,0,,,,0,https://cloud.butterflynetwork.com/-/shared/nWm07RLLQAOuavYTfnu15A?region=US,0,0,0,0,0,0,0,0,0,0,0,,2,,,,,,,,,,,,,,,,,,,,,,,,,,,,,,,,,,,,,,,,,,,,,,,,,,0,,,0,0,0,0,0,0,0,0,0,0,0,0,0,0,0,0,0,,,,,,,,,,,,,,,,,,,,0,,,,,0,,,,,,,,,,,0,,,,,,,,,,,,,,,,,,,,,,,,,,,,,0,,,0,0,0,0,0,0,0,0,0,0,0,0,0,0,0,0,0,0,0,0,0,0,,,,,,,,,,,,,,,,,,,,,,,0,0,0,0,0,0,0,0,0,0,0,0,,,0,0,0,0,0,0,0,0,0,0,,,,,0,,0,0,0,0,0,0,0,0,0,0,0,0,0,0,0,0,0,0,0,0,0,0,0,0,0,0,0,0,0,0,0,0,0,0,0,0,0,0,0,0,0,0,0,0,0,0,0,0,0,0,0,0,0,0,0,0,0,0,0,0,0,0,0,0,0,0,0,0,0,0,0,0,0,0,0,0,0,0,0,0,0,0,0,0,0,0,0,0,0,0,0,0,0,0,0,0,0,0,,,0
27-235,hds,"2023-07-27 14:49",1,1,0,0,1,1,,2,16,2,,21,1,,,,,,0,0,0,0,0,1,0,0,1,0,0,0,0,0,0,0,0,0,0,,,,90,,,,,,14,,,,,,2,,,,1,0,0,0,0,0,0,0,0,0,0,0,0,0,,,,,,,,1,,,,,,,,,,,,,,1,0,0,0,0,0,0,0,0,0,0,0,0,0,,0,0,0,0,,2,,,,,,0,0,0,0,0,0,0,0,0,0,0,0,0,0,,,0,0,,,,,0,,,0,2,30.8,152,36.0,145,94,60,20,97,5.3,15,0,0,1,1,13.331024930748,2,0,0,1,2,1,,0,,0,0,0,0,0,0,0,0,0,0,0,0,0,0,0,0,0,0,0,0,0,0,0,0,0,0,0,0,0,0,0,0,0,0,0,0,0,0,0,0,0,0,0,0,0,0,0,0,0,0,0,0,0,0,0,0,,,0,0,0,0,0,0,0,0,0,0,0,0,0,0,2,1,0,,,,,,,,,,,,,,,,0,,,,,,2,2,,3,0,0,0,0,0,0,0,0,0,0,0,0,0,0,0,0,0,0,0,0,0,0,0,1,0,0,1,0,0,0,0,0,0,0,0,0,0,0,0,0,,,,7,,,,,,,,0,0,1,0,0,0,0,0,0,0,0,2,1,,AHUE4137NOF,,,,1,1,1,0,0,0,0,0,0,0,0,0,0,0,0,0,,1,,AHUE4140NOF,,1,1,0,0,0,0,0,0,0,0,,0,,,,,1,,AHUF4172NOF,,0,,,,0,,,0,,,0,2,1,1691480730045.jpg,5102/23,0,,0,0,0,0,0,0,0,0,0,0,0,0,0,0,0,0,0,0,,,2,,,,,,,,,,,,,,,,,,,,,,,,,,,,0,,,,,0,,,,0,https://cloud.butterflynetwork.com/-/shared/XlFGU2d-TaG94z-IpZujaw?region=US,0,0,0,0,0,0,0,0,0,0,0,,2,,,,,,,,,,,,,,,,,,,,,,,,,,,,,,,,,,,,,,,,,,,,,,,,,,0,,,0,0,0,0,0,0,0,0,0,0,0,0,0,0,0,0,0,,,,,,,,,,,,,,,,,,,,0,,,,,0,,,,,,,,,,,0,,,,,,,,,,,,,,,,,,,,,,,,,,,,,0,,,0,0,0,0,0,0,0,0,0,0,0,0,0,0,0,0,0,0,0,0,0,0,,,,,,,,,,,,,,,,,,,,,,,0,0,0,0,0,0,0,0,0,0,0,0,,,0,0,0,0,0,0,0,0,0,0,,,,,0,,0,0,0,0,0,0,0,0,0,0,0,0,0,0,0,0,0,0,0,0,0,0,0,0,0,0,0,0,0,0,0,0,0,0,0,0,0,0,0,0,0,0,0,0,0,0,0,0,0,0,0,0,0,0,0,0,0,0,0,0,0,0,0,0,0,0,0,0,0,0,0,0,0,0,0,0,0,0,0,0,0,0,0,0,0,0,0,0,0,0,0,0,0,0,0,0,0,0,,,0
27-236,hds,"2023-08-09 23:59",1,1,0,0,1,1,,2,16,2,,3,1,,,,,,0,0,1,1,0,0,0,0,0,0,0,0,0,0,0,0,0,0,0,,,,,1,3,,,,,,,,,,2,,,,1,0,0,0,0,0,0,0,0,0,0,0,0,0,,,,,,,,2,,,,1999,,0,,0,,3,5,,,3,0,0,0,0,0,0,0,0,0,0,0,0,0,,0,0,0,0,,0,,,,,,0,0,0,0,0,0,0,0,0,0,0,0,0,0,,,0,0,,,,,0,,,0,0,65,178,36.0,108,139,85,24,85,7.4,15,1,0,0,1,20.51508647898,3,0,0,0,2,0,"Network problem",0,,0,0,0,0,0,0,0,0,0,0,0,0,0,0,0,0,0,0,0,0,0,0,0,0,0,0,0,0,0,0,0,0,0,0,0,0,0,0,0,0,0,0,0,0,0,0,0,0,0,0,0,0,0,0,0,0,,,0,0,0,0,0,0,0,0,0,0,0,0,0,0,2,1,0,,,,,,,,,,,,,,,,0,,,,,,2,2,,6,0,0,0,0,0,0,0,0,0,0,0,0,0,0,1,0,0,0,0,0,0,0,0,1,0,0,1,0,0,0,0,0,0,0,0,0,0,0,0,0,,,,5,,,,,,,,1,1,1,0,0,0,0,0,0,0,0,2,1,,AHUE5142NOF,,,,1,1,1,0,0,0,1,0,0,0,0,0,0,0,0,0,,1,,AHUE4710NOF,,1,0,0,0,0,0,0,0,0,0,,0,,,,,1,,NICD,,0,,,,0,,,0,,,2,2,1,1694008084741.jpg,5355/23,0,,0,0,0,0,0,0,0,0,0,0,0,0,0,0,0,0,0,0,,,2,,,,,,,,,,,,,,,,,,,,,,,,,,,,0,"5355.23 PA",2023-08-10,,,2,,,,0,https://cloud.butterflynetwork.com/-/shared/K5NUoFVwT3iAEOxVgSOpLg?region=US,0,0,0,0,0,0,0,0,0,0,0,,2,,,,,,,,,,,,,,,,,,,,,,,,,,,,,,,,,,,,,,,,,,,,,,,,,,0,,,0,0,0,0,0,0,0,0,0,0,0,0,0,0,0,0,0,,,,,,,,,,,,,,,,,,,,0,,,,,0,,,,,,,,,,,0,,,,,,,,,,,,,,,,,,,,,,,,,,,,,0,,,0,0,0,0,0,0,0,0,0,0,0,0,0,0,0,0,0,0,0,0,0,0,,,,,,,,,,,,,,,,,,,,,,,0,0,0,0,0,0,0,0,0,0,0,0,,,0,0,0,0,0,0,0,0,0,0,,,,,0,,0,0,0,0,0,0,0,0,0,0,0,0,0,0,0,0,0,0,0,0,0,0,0,0,0,0,0,0,0,0,0,0,0,0,0,0,0,0,0,0,0,0,0,0,0,0,0,0,0,0,0,0,0,0,0,0,0,0,0,0,0,0,0,0,0,0,0,0,0,0,0,0,0,0,0,0,0,0,0,0,0,0,0,0,0,0,0,0,0,0,0,0,0,0,0,0,0,0,,,0
27-237,hds,"2023-08-03 10:44",1,1,0,0,1,1,0,2,16,4,,,,,5,,,,0,0,0,0,0,0,0,0,1,0,0,0,0,0,0,0,0,0,0,,,,,,,,,,7,,,,,,2,,,,1,0,0,0,0,0,0,0,0,0,0,0,0,0,,,,,,,,1,,,,,,,,,,,,,,1,0,0,0,0,0,0,0,0,0,0,0,0,0,,0,1,0,0,,0,,,,,,0,0,0,0,0,0,0,0,0,0,0,0,0,0,,,0,0,,,,,0,,,0,0,95,170,36.1,109,154,63,18,95,5.1,15,0,0,0,0,32.871972318339,2,0,0,0,2,0,"Patient refused ",0,,0,0,0,0,0,0,0,0,0,0,0,0,0,0,0,0,0,0,0,0,0,0,0,0,0,0,0,0,0,0,0,0,0,0,0,0,0,0,0,0,0,0,0,0,0,0,0,0,0,0,0,0,0,0,0,0,,,0,0,0,0,0,0,0,0,0,0,0,0,0,0,2,2,0,,,,,,,,,,,,,,,,1,1,,2,,1,2,0,,4,0,0,0,0,0,0,0,0,0,0,0,0,0,0,0,0,0,0,0,0,0,0,0,0,0,0,0,0,0,0,0,0,0,0,0,0,0,0,0,0,,,,,,,,,,,,0,0,1,0,0,0,0,0,0,0,0,2,1,,AHUE4429NOF,,,,1,1,1,0,0,0,0,0,0,0,0,0,0,0,0,0,,1,,AHUE4432NOF,,1,1,0,0,0,0,0,0,0,0,,0,,,,,0,,,,1,,AHUE4433NOF,,0,,,0,,,2,2,1,1691480795915.jpg,5185/23,1,0,0,0,1,0,0,0,0,0,0,0,0,0,0,0,0,0,0,0,,,2,,,,,,,,,,,,,,,,,,,,,,,,,,,,0,,,,,0,,,,0,https://cloud.butterflynetwork.com/-/shared/l2h8awctRc68kC9BkvSxWA?region=US,0,0,0,0,0,0,0,0,0,0,0,,2,,,,,,,,,,,,,,,,,,,,,,,,,,,,,,,,,,,,,,,,,,,,,,,,,,0,,,0,0,0,0,0,0,0,0,0,0,0,0,0,0,0,0,0,,,,,,,,,,,,,,,,,,,,0,,,,,0,,,,,,,,,,,0,,,,,,,,,,,,,,,,,,,,,,,,,,,,,0,,,0,0,0,0,0,0,0,0,0,0,0,0,0,0,0,0,0,0,0,0,0,0,,,,,,,,,,,,,,,,,,,,,,,0,0,0,0,0,0,0,0,0,0,0,0,,,0,0,0,0,0,0,0,0,0,0,,,,,0,,0,0,0,0,0,0,0,0,0,0,0,0,0,0,0,0,0,0,0,0,0,0,0,0,0,0,0,0,0,0,0,0,0,0,0,0,0,0,0,0,0,0,0,0,0,0,0,0,0,0,0,0,0,0,0,0,0,0,0,0,0,0,0,0,0,0,0,0,0,0,0,0,0,0,0,0,0,0,0,0,0,0,0,0,0,0,0,0,0,0,0,0,0,0,0,0,0,0,,,0
27-238,hds,"2023-08-08 15:24",1,1,0,0,1,1,0,2,10,3,,,,8,,,,,0,1,0,0,0,0,0,0,0,0,0,0,0,0,0,0,0,0,0,,14,1,,,,,,,,,,,,,2,,,,1,0,0,0,0,0,0,0,0,0,0,0,0,0,,,,,,,,1,,,,,,,,,,,,,,1,0,0,0,0,0,0,0,0,0,0,0,0,0,,0,0,0,0,,1,,,,,2,0,0,0,0,0,0,0,0,0,0,0,0,0,0,,,0,0,,,,,0,,,0,0,64,169,37,118,139,80,20,85,7.3,15,0,0,0,0,22.40817898533,2,1,0,1,2,0,"Patient was restless ",0,,0,0,0,0,0,0,0,0,0,0,0,0,0,0,0,0,0,0,0,0,0,0,0,0,0,0,0,0,0,0,0,0,0,0,0,0,0,0,0,0,0,0,0,0,0,0,0,0,0,0,0,0,0,0,0,0,,,0,0,0,0,0,0,0,0,0,0,0,0,0,0,2,2,0,,,,,,,,,,,,,,,,0,,,,,,2,2,,3,0,0,0,0,0,0,0,0,0,0,0,0,0,0,0,0,0,0,0,0,0,0,0,1,0,0,1,0,1,0,0,0,0,0,0,0,0,0,0,0,,,,5,,5,,,,,,0,1,1,0,0,0,0,0,0,0,0,2,1,,AHUE5122NOF,,,,1,1,1,0,1,1,0,0,0,0,0,0,0,0,0,0,,1,,AHUE125NOF,,0,1,0,0,0,0,0,0,0,0,,0,,,,,0,,,,0,,,,0,,,0,,,2,2,1,1694007444581.jpg,5419/23,0,,0,0,0,0,0,0,0,0,0,0,0,0,0,0,0,0,0,0,,,2,,,,,,,,,,,,,,,,,,,,,,,,,,,,0,,,,,0,,,,0,https://cloud.butterflynetwork.com/-/shared/OAUYCTgWRyazWYQ1aJQT7Q?region=US,0,0,0,0,0,0,0,0,0,0,0,,2,,,,,,,,,,,,,,,,,,,,,,,,,,,,,,,,,,,,,,,,,,,,,,,,,,0,,,0,0,0,0,0,0,0,0,0,0,0,0,0,0,0,0,0,,,,,,,,,,,,,,,,,,,,0,,,,,0,,,,,,,,,,,0,,,,,,,,,,,,,,,,,,,,,,,,,,,,,0,,,0,0,0,0,0,0,0,0,0,0,0,0,0,0,0,0,0,0,0,0,0,0,,,,,,,,,,,,,,,,,,,,,,,0,0,0,0,0,0,0,0,0,0,0,0,,,0,0,0,0,0,0,0,0,0,0,,,,,0,,0,0,0,0,0,0,0,0,0,0,0,0,0,0,0,0,0,0,0,0,0,0,0,0,0,0,0,0,0,0,0,0,0,0,0,0,0,0,0,0,0,0,0,0,0,0,0,0,0,0,0,0,0,0,0,0,0,0,0,0,0,0,0,0,0,0,0,0,0,0,0,0,0,0,0,0,0,0,0,0,0,0,0,0,0,0,0,0,0,0,0,0,0,0,0,0,0,0,,,0
27-239,hds,"2023-08-13 18:08",1,1,0,0,1,1,,2,16,3,,,0,2,,,,,0,1,0,0,0,0,0,0,0,0,0,0,0,0,0,0,0,0,0,,4,0,,,,,,,,,,,,,2,,,,1,0,0,0,0,0,0,0,0,0,0,0,0,0,,,,,,,,1,,,,,,,,,,,,,,1,0,0,0,0,0,0,0,0,0,0,0,0,0,,0,0,0,0,,0,,,,,,0,0,0,0,0,0,0,0,0,0,0,0,0,0,,,0,1,1,1,2022,9,0,,,0,2,70,156,36.4,110,129,77,20,100,6.1,15,0,0,0,0,28.763971071663,1,0,0,0,2,0,"Network problem",0,,0,0,0,0,0,0,0,0,0,0,0,0,0,0,0,0,0,0,0,0,0,0,0,0,0,0,0,0,0,0,0,0,0,0,0,0,0,0,0,0,0,0,0,0,0,0,0,0,0,0,0,0,0,0,0,0,,,0,0,0,0,0,0,0,0,0,0,0,0,0,0,2,1,0,,,,,,,,,,,,,,,,0,,,,,,2,2,,6,0,0,0,0,0,0,0,0,0,0,0,0,0,0,0,0,0,0,0,0,0,0,0,1,0,1,1,0,0,0,0,1,0,0,0,0,0,0,0,0,,,5,5,,,,,3,,,1,1,1,0,0,0,0,0,0,0,0,2,1,,AHUE5564NOF,,,,1,1,1,0,0,0,0,0,0,0,0,0,0,0,0,0,,1,,AHUF4199NOF,,1,0,0,0,0,0,0,0,0,0,,0,,,,,1,,NICD,,0,,,,0,,,0,,,2,2,1,1694008161010.jpg,5480/23,0,,0,0,0,0,0,0,0,0,0,0,0,0,0,0,0,0,0,0,,,2,,,,,,,,,,,,,,,,,,,,,,,,,,,,0,"5480.23 PA",2023-08-14,,,2,,,,0,https://cloud.butterflynetwork.com/-/shared/7dbuaGzUR0GCQrCaPcpS8Q?region=US,0,0,0,0,0,0,0,0,0,0,0,,2,,,,,,,,,,,,,,,,,,,,,,,,,,,,,,,,,,,,,,,,,,,,,,,,,,0,,,0,0,0,0,0,0,0,0,0,0,0,0,0,0,0,0,0,,,,,,,,,,,,,,,,,,,,0,,,,,0,,,,,,,,,,,0,,,,,,,,,,,,,,,,,,,,,,,,,,,,,0,,,0,0,0,0,0,0,0,0,0,0,0,0,0,0,0,0,0,0,0,0,0,0,,,,,,,,,,,,,,,,,,,,,,,0,0,0,0,0,0,0,0,0,0,0,0,,,0,0,0,0,0,0,0,0,0,0,,,,,0,,0,0,0,0,0,0,0,0,0,0,0,0,0,0,0,0,0,0,0,0,0,0,0,0,0,0,0,0,0,0,0,0,0,0,0,0,0,0,0,0,0,0,0,0,0,0,0,0,0,0,0,0,0,0,0,0,0,0,0,0,0,0,0,0,0,0,0,0,0,0,0,0,0,0,0,0,0,0,0,0,0,0,0,0,0,0,0,0,0,0,0,0,0,0,0,0,0,0,,,0
27-240,hds,"2023-08-14 14:15",1,1,0,0,1,1,0,2,14,2,,21,1,,,,,,0,0,0,1,0,0,0,0,0,0,0,0,0,0,0,0,0,0,0,,,,,,21,,,,,,,,,,2,,,,1,0,0,0,0,0,0,0,0,0,0,0,0,0,,,,,,,,1,,,,,,,,,,,,,,1,0,0,0,0,0,0,0,0,0,0,0,0,0,,0,0,0,0,,1,,,,,2,0,0,0,0,0,0,0,0,0,0,0,0,0,0,,,0,0,,,,,0,,,0,0,60,154,36,86,106,66,20,96,6.5,15,0,0,0,0,25.299375948727,,0,0,0,2,0,"Network problem ",0,,0,0,0,0,0,0,0,0,0,0,0,0,0,0,0,0,0,0,0,0,0,0,0,0,0,0,0,0,0,0,0,0,0,0,0,0,0,0,0,0,0,0,0,0,0,0,0,0,0,0,0,0,0,0,0,0,,,0,0,0,0,0,0,0,0,0,0,0,0,0,0,2,2,0,,,,,,,,,,,,,,,,0,,,,,,2,2,,3,0,0,0,0,0,0,0,0,0,0,0,0,0,0,0,0,0,0,0,0,0,0,0,1,0,0,0,0,1,0,0,1,0,0,0,0,0,0,0,0,,,,,,5,,,3,,,0,0,1,0,0,0,0,0,0,0,0,2,1,,AHUE5558NOF,,ADIQ6581HOF,,1,1,1,0,0,0,0,0,0,0,0,0,0,0,0,0,,1,,AHUE5557NOF,,1,0,0,0,0,0,0,0,0,0,,0,,,,,1,,Nicd,,0,,,,0,,,0,,,0,2,1,1694007563123.jpg,5454/23,0,,0,0,0,0,0,0,0,0,0,0,0,0,0,0,0,0,0,0,,,2,,,,,,,,,,,,,,,,,,,,,,,,,,,,0,"5454.23 PA",2023-08-14,,,2,,,,0,https://cloud.butterflynetwork.com/-/shared/FUQQHe53TWyLcHs0TonUcw?region=US,0,0,0,0,0,0,0,0,0,0,0,,2,,,,,,,,,,,,,,,,,,,,,,,,,,,,,,,,,,,,,,,,,,,,,,,,,,0,,,0,0,0,0,0,0,0,0,0,0,0,0,0,0,0,0,0,,,,,,,,,,,,,,,,,,,,0,,,,,0,,,,,,,,,,,0,,,,,,,,,,,,,,,,,,,,,,,,,,,,,0,,,0,0,0,0,0,0,0,0,0,0,0,0,0,0,0,0,0,0,0,0,0,0,,,,,,,,,,,,,,,,,,,,,,,0,0,0,0,0,0,0,0,0,0,0,0,,,0,0,0,0,0,0,0,0,0,0,,,,,0,,0,0,0,0,0,0,0,0,0,0,0,0,0,0,0,0,0,0,0,0,0,0,0,0,0,0,0,0,0,0,0,0,0,0,0,0,0,0,0,0,0,0,0,0,0,0,0,0,0,0,0,0,0,0,0,0,0,0,0,0,0,0,0,0,0,0,0,0,0,0,0,0,0,0,0,0,0,0,0,0,0,0,0,0,0,0,0,0,0,0,0,0,0,0,0,0,0,0,,,0
27-241,hds,"2023-08-15 14:32",1,1,0,0,1,1,,2,16,3,,,,1,,,,,0,1,0,0,0,0,0,0,0,0,0,0,0,0,0,0,0,0,0,,5,1,,,,,,,,,,,,,2,,,,1,0,0,0,0,0,0,0,0,0,0,0,0,0,,,,,,,,1,,,,,,,,,,,,,,3,0,0,0,0,0,0,0,0,0,0,0,0,0,,0,0,0,0,,0,,,,,,0,0,0,0,0,0,0,0,0,0,0,0,0,0,,,0,1,2,2,2021,10,0,,,0,2,40,157,36,130,145,85,26,95,6.1,15,1,0,0,1,16.22783885756,2,0,0,0,2,1,,0,,0,0,0,0,0,0,0,0,0,0,0,0,0,0,0,0,0,0,0,0,0,0,0,0,0,0,0,0,0,0,0,0,0,0,0,0,0,0,0,0,0,0,0,0,0,0,0,0,0,0,0,0,0,0,0,0,,,0,0,0,0,0,0,0,0,0,0,0,0,0,0,2,1,0,,,,,,,,,,,,,,,,0,,,,,,2,2,,6,0,0,0,0,0,0,0,0,0,0,0,0,0,0,0,0,0,0,0,0,0,0,0,1,0,0,1,0,0,0,0,0,0,0,0,0,0,0,0,0,,,,7,,,,,,,,0,1,1,0,0,0,0,0,0,0,0,2,1,,AHUE5592NOF,,,,1,1,1,0,0,0,0,0,0,0,0,0,0,0,0,0,,1,,AHRP7905NOF,,1,0,0,0,0,0,0,0,0,0,,0,,,,,1,,NICD,,0,,,,0,,,0,,,2,2,0,,,,,0,0,0,0,0,0,0,0,0,0,0,0,0,0,0,0,0,0,,,2,,,,,,,,,,,,,,,,,,,,,,,,,,,,0,,,,,2,,,,0,https://cloud.butterflynetwork.com/-/shared/EjGe4v_8TUCOHxdyGeoGgg?region=US,0,0,0,0,0,0,0,0,0,0,0,,2,,,,,,,,,,,,,,,,,,,,,,,,,,,,,,,,,,,,,,,,,,,,,,,,,,0,,,0,0,0,0,0,0,0,0,0,0,0,0,0,0,0,0,0,,,,,,,,,,,,,,,,,,,,0,,,,,0,,,,,,,,,,,0,,,,,,,,,,,,,,,,,,,,,,,,,,,,,0,,,0,0,0,0,0,0,0,0,0,0,0,0,0,0,0,0,0,0,0,0,0,0,,,,,,,,,,,,,,,,,,,,,,,0,0,0,0,0,0,0,0,0,0,0,0,,,0,0,0,0,0,0,0,0,0,0,,,,,0,,0,0,0,0,0,0,0,0,0,0,0,0,0,0,0,0,0,0,0,0,0,0,0,0,0,0,0,0,0,0,0,0,0,0,0,0,0,0,0,0,0,0,0,0,0,0,0,0,0,0,0,0,0,0,0,0,0,0,0,0,0,0,0,0,0,0,0,0,0,0,0,0,0,0,0,0,0,0,0,0,0,0,0,0,0,0,0,0,0,0,0,0,0,0,0,0,0,0,,,0
27-242,hds,"2023-08-17 14:27",1,1,0,0,1,1,0,2,14,2,,7,1,,,,,,0,0,0,1,0,0,0,1,0,0,0,0,0,0,0,0,0,0,0,,,,,,14,,,14,,,,,,,2,,,,1,0,0,0,0,0,0,0,0,0,0,0,0,0,,,,,,,,1,,,,,,,,,,,,,,1,0,0,0,0,0,0,0,0,0,0,0,0,0,,0,0,0,0,,1,,,,,2,0,0,0,0,0,0,0,0,0,0,0,0,0,0,,,0,0,,,,,0,,,,0,52,162,39.6,151,101,52,22,88,7.5,15,1,0,0,1,19.814052735863,2,0,0,1,2,0,"Patients refused",0,,0,0,0,0,0,0,0,0,0,0,0,0,0,0,0,0,0,0,0,0,0,0,0,0,0,0,0,0,0,0,0,0,0,0,0,0,0,0,0,0,0,0,0,0,0,0,0,0,0,0,0,0,0,0,0,0,,,0,0,0,0,0,0,0,0,0,0,0,0,0,0,2,2,0,,,,,,,,,,,,,,,,0,,,,,,2,2,,3,0,0,0,0,0,0,0,0,0,0,0,0,0,0,0,0,0,0,0,0,0,0,0,1,0,0,1,0,0,0,1,0,1,0,0,0,0,0,0,0,,,,5,,,,5,,5,,0,0,1,0,0,0,0,0,0,0,0,2,1,,AHUE5914NOF,,,,1,1,1,0,0,0,0,0,0,0,0,0,0,0,0,0,,1,,,,0,0,0,0,0,0,0,0,0,0,,0,,,,,1,,"NICD ",,0,,,,0,,,0,,,2,2,1,1694007644306.jpg,5596/23,0,,0,0,0,0,0,0,0,0,0,0,0,0,0,0,0,0,0,0,,,2,,,,,,,,,,,,,,,,,,,,,,,,,,,,0,"5596.23 PA",2023-08-16,,,2,,,,0,https://cloud.butterflynetwork.com/-/shared/MBBxAv0IQGmAXcEQnNCJzg?region=US,0,0,0,0,0,0,0,0,0,0,0,,2,,,,,,,,,,,,,,,,,,,,,,,,,,,,,,,,,,,,,,,,,,,,,,,,,,0,,,0,0,0,0,0,0,0,0,0,0,0,0,0,0,0,0,0,,,,,,,,,,,,,,,,,,,,0,,,,,0,,,,,,,,,,,0,,,,,,,,,,,,,,,,,,,,,,,,,,,,,0,,,0,0,0,0,0,0,0,0,0,0,0,0,0,0,0,0,0,0,0,0,0,0,,,,,,,,,,,,,,,,,,,,,,,0,0,0,0,0,0,0,0,0,0,0,0,,,0,0,0,0,0,0,0,0,0,0,,,,,0,,0,0,0,0,0,0,0,0,0,0,0,0,0,0,0,0,0,0,0,0,0,0,0,0,0,0,0,0,0,0,0,0,0,0,0,0,0,0,0,0,0,0,0,0,0,0,0,0,0,0,0,0,0,0,0,0,0,0,0,0,0,0,0,0,0,0,0,0,0,0,0,0,0,0,0,0,0,0,0,0,0,0,0,0,0,0,0,0,0,0,0,0,0,0,0,0,0,0,,,0
27-243,hds,"2023-08-16 14:52",1,1,0,0,1,1,0,2,16,4,,,,,2,,,,0,0,0,0,0,0,1,0,0,0,0,0,0,0,0,0,0,0,0,,,,,,,,14,,,,,,,,2,0,0,,1,0,0,0,0,0,0,0,0,0,0,0,0,0,,,,,,,,1,,,,,,,,,,,,,,1,0,0,0,0,0,0,0,0,0,0,0,0,0,,0,1,0,0,,0,,,,,,0,0,0,0,0,0,0,0,0,0,0,0,0,0,,,0,0,,,,,0,,,0,0,70,170,36,112,141,60,18,85,12.2,15,0,0,0,0,24.221453287197,1,0,0,0,2,0,"Signal problem ",0,,0,0,0,0,0,0,0,0,0,0,0,0,0,0,0,0,0,0,0,0,0,0,0,0,0,0,0,0,0,0,0,0,0,0,0,0,0,0,0,0,0,0,0,0,0,0,0,0,0,0,0,0,0,0,0,0,,,0,0,0,0,0,0,0,0,0,0,0,0,0,0,2,2,0,,,,,,,,,,,,,,,,0,,,,,,2,2,,3,0,0,0,0,0,0,0,0,0,0,0,0,0,0,0,0,0,0,0,0,0,0,0,1,0,0,0,0,1,0,0,0,0,0,0,0,0,0,0,0,,,,,,5,,,,,,0,0,1,0,0,0,0,0,0,0,0,2,1,,AHUE5912NOF,,,,1,1,1,0,0,0,0,0,0,0,0,0,0,0,0,0,,1,,AHUF5321,,1,0,0,0,0,0,0,0,0,0,,0,,,,,1,,"NICD ",,0,,,,0,,,0,,,2,2,1,1694007709563.jpg,5585/23,0,,0,0,0,0,0,0,0,0,0,0,0,0,0,0,0,0,0,0,,,2,,,,,,,,,,,,,,,,,,,,,,,,,,,,0,"5585.23 PA",2023-08-16,,,2,,,,0,https://cloud.butterflynetwork.com/-/shared/WZWs9sVoSWyoTjzagWmWdQ?region=US,0,0,0,0,0,0,0,0,0,0,0,,2,,,,,,,,,,,,,,,,,,,,,,,,,,,,,,,,,,,,,,,,,,,,,,,,,,0,,,0,0,0,0,0,0,0,0,0,0,0,0,0,0,0,0,0,,,,,,,,,,,,,,,,,,,,0,,,,,0,,,,,,,,,,,0,,,,,,,,,,,,,,,,,,,,,,,,,,,,,0,,,0,0,0,0,0,0,0,0,0,0,0,0,0,0,0,0,0,0,0,0,0,0,,,,,,,,,,,,,,,,,,,,,,,0,0,0,0,0,0,0,0,0,0,0,0,,,0,0,0,0,0,0,0,0,0,0,,,,,0,,0,0,0,0,0,0,0,0,0,0,0,0,0,0,0,0,0,0,0,0,0,0,0,0,0,0,0,0,0,0,0,0,0,0,0,0,0,0,0,0,0,0,0,0,0,0,0,0,0,0,0,0,0,0,0,0,0,0,0,0,0,0,0,0,0,0,0,0,0,0,0,0,0,0,0,0,0,0,0,0,0,0,0,0,0,0,0,0,0,0,0,0,0,0,0,0,0,0,,,0
27-244,hds,"2023-08-16 14:59",1,1,0,0,1,1,,2,16,3,,,,1,,,,,0,1,0,0,0,0,1,0,0,0,0,0,0,0,0,0,0,0,0,,14,0,,,,,14,,,,,,,,2,,,,1,0,0,0,0,0,0,0,0,0,0,0,0,0,,,,,,,,2,,,,2016,2010,0,,0,,3,5,,,1,0,0,0,0,0,0,0,0,0,0,0,0,0,,0,0,0,0,,1,,,,,2,0,0,0,0,0,0,0,0,0,0,0,0,0,0,,,0,0,,,,,,,,1,2,50,154,36,99,121,75,20,88,5.7,15,0,0,0,0,21.082813290605,3,0,0,0,2,0,"Network problem",0,,0,0,0,0,0,0,0,0,0,0,0,0,0,0,0,0,0,0,0,0,0,0,0,0,0,0,0,0,0,0,0,0,0,0,0,0,0,0,0,0,0,0,0,0,0,0,0,0,0,0,0,0,0,0,0,0,,,0,0,0,0,0,0,0,0,0,0,0,0,0,0,2,1,0,,,,,,,,,,,,,,,,1,2,1,,1,,2,2,,4,0,0,0,0,0,0,1,0,0,0,0,0,0,0,0,0,0,0,0,0,0,0,0,1,0,0,0,0,1,0,0,0,1,0,0,0,0,0,0,0,,,,,,5,,,,5,,0,1,1,0,0,0,0,0,0,0,0,2,1,,AHUE5909NOF,,,,1,1,1,0,1,0,1,0,0,0,0,0,0,0,0,0,,1,,AHUE4909NOF,,1,0,0,0,0,0,0,0,0,0,,0,,,,,1,,NICD,,0,,,,0,,,0,,,2,2,1,1694008445021.jpg,5617/24,0,,0,0,0,0,0,0,0,0,0,0,0,0,0,0,0,0,0,0,,,2,,,,,,,,,,,,,,,,,,,,,,,,,,,,0,"5617.23 PA",2023-08-17,,,2,,,,0,https://cloud.butterflynetwork.com/-/shared/fjLS8LRGQq6dScL_RRukiQ?region=US,0,0,0,0,0,0,0,0,0,0,0,,2,,,,,,,,,,,,,,,,,,,,,,,,,,,,,,,,,,,,,,,,,,,,,,,,,,0,,,0,0,0,0,0,0,0,0,0,0,0,0,0,0,0,0,0,,,,,,,,,,,,,,,,,,,,0,,,,,0,,,,,,,,,,,0,,,,,,,,,,,,,,,,,,,,,,,,,,,,,0,,,0,0,0,0,0,0,0,0,0,0,0,0,0,0,0,0,0,0,0,0,0,0,,,,,,,,,,,,,,,,,,,,,,,0,0,0,0,0,0,0,0,0,0,0,0,,,0,0,0,0,0,0,0,0,0,0,,,,,0,,0,0,0,0,0,0,0,0,0,0,0,0,0,0,0,0,0,0,0,0,0,0,0,0,0,0,0,0,0,0,0,0,0,0,0,0,0,0,0,0,0,0,0,0,0,0,0,0,0,0,0,0,0,0,0,0,0,0,0,0,0,0,0,0,0,0,0,0,0,0,0,0,0,0,0,0,0,0,0,0,0,0,0,0,0,0,0,0,0,0,0,0,0,0,0,0,0,0,,,0
27-245,hds,"2023-08-16 20:41",1,1,0,0,1,1,,2,16,3,,,,2,,,,,0,1,0,0,0,0,0,1,0,0,1,0,0,0,0,0,0,0,0,,30,1,,,,,,5,,,8,,,,2,,,,1,0,0,0,0,0,0,0,0,0,0,0,0,0,,,,,,,,1,,,,,,,,,,,,,,1,0,0,0,0,0,0,0,0,0,0,0,0,0,,0,0,0,0,,3,,,,,,0,0,0,0,0,0,0,0,0,0,0,0,0,0,,,0,1,1,1,2021,9,0,,,0,0,74,174,36.7,97,99,56,20,95,5.5,15,0,0,1,1,24.441802087462,3,0,0,0,2,0,"Network problem",0,,0,0,0,0,0,0,0,0,0,0,0,0,0,0,0,0,0,0,0,0,0,0,0,0,0,0,0,0,0,0,0,0,0,0,0,0,0,0,0,0,0,0,0,0,0,0,0,0,0,0,0,0,0,0,0,0,,,0,0,0,0,0,0,0,0,0,0,0,0,0,0,2,1,0,,,,,,,,,,,,,,,,0,,,,,,2,2,,3,0,0,0,0,0,1,0,0,0,0,0,0,0,0,0,0,0,0,0,0,0,0,1,1,0,0,1,0,0,0,0,1,0,0,0,0,0,0,0,0,,,,5,,,,,3,,,0,0,1,0,0,0,0,0,0,0,0,2,1,,AHUE5926NOF,,,,1,1,1,0,0,0,0,0,0,0,0,0,0,0,0,0,,1,,AHUE5927NOF,,1,0,0,0,0,0,0,0,0,0,,0,,,,,1,,NICD,,0,,,,0,,,0,,,1,2,0,,,,,0,0,0,0,0,0,0,0,0,0,0,0,0,0,0,0,0,0,,,2,,,,,,,,,,,,,,,,,,,,,,,,,,,,0,,,,,2,,,,0,https://cloud.butterflynetwork.com/-/shared/5cmOMGa2QOypUP39UqeaWQ?region=US,0,0,0,0,0,0,0,0,0,0,0,,2,,,,,,,,,,,,,,,,,,,,,,,,,,,,,,,,,,,,,,,,,,,,,,,,,,0,,,0,0,0,0,0,0,0,0,0,0,0,0,0,0,0,0,0,,,,,,,,,,,,,,,,,,,,0,,,,,0,,,,,,,,,,,0,,,,,,,,,,,,,,,,,,,,,,,,,,,,,0,,,0,0,0,0,0,0,0,0,0,0,0,0,0,0,0,0,0,0,0,0,0,0,,,,,,,,,,,,,,,,,,,,,,,0,0,0,0,0,0,0,0,0,0,0,0,,,0,0,0,0,0,0,0,0,0,0,,,,,0,,0,0,0,0,0,0,0,0,0,0,0,0,0,0,0,0,0,0,0,0,0,0,0,0,0,0,0,0,0,0,0,0,0,0,0,0,0,0,0,0,0,0,0,0,0,0,0,0,0,0,0,0,0,0,0,0,0,0,0,0,0,0,0,0,0,0,0,0,0,0,0,0,0,0,0,0,0,0,0,0,0,0,0,0,0,0,0,0,0,0,0,0,0,0,0,0,0,0,,,0
27-246,hds,"2023-08-20 14:15",1,1,0,0,1,1,,2,16,3,,,,1,,,,,0,1,0,0,0,0,0,0,0,0,0,0,0,0,0,0,0,0,0,,3,0,,,,,,,,,,,,,2,,,,1,0,0,0,0,0,0,0,0,0,0,0,0,0,,,,,,,,1,,,,,,,,,,,,,,1,0,0,0,0,0,0,0,0,0,0,0,0,0,,0,1,1,0,,0,,,,,,0,0,0,0,0,0,0,0,0,0,0,0,0,0,,,0,0,,,,,0,,,0,0,75,178,37,121,87,56,20,93,5.9,15,0,0,1,1,23.671253629592,2,0,0,0,2,1,,0,,0,0,0,0,0,0,0,0,0,0,0,0,0,0,0,0,0,0,0,0,0,0,0,0,0,0,0,0,0,0,0,0,0,0,0,0,0,0,0,0,0,0,0,0,0,0,0,0,0,0,0,0,0,0,0,0,,,0,0,0,0,0,0,0,0,0,0,0,0,0,0,2,1,0,,,,,,,,,,,,,,,,1,3,2,1,1,1,2,2,,6,0,0,0,0,0,0,0,0,0,0,0,0,0,0,0,0,0,0,0,0,0,0,0,1,0,0,1,0,0,0,0,1,0,0,0,0,0,0,0,0,,,,5,,,,,3,,,0,1,1,0,0,0,0,0,0,0,0,2,1,,AHQM6502NOF,,,,1,1,1,0,0,0,1,0,0,0,0,0,0,0,0,0,,0,,,,0,0,0,0,0,0,0,0,0,0,,0,,,,,1,,NICD,,0,,,,0,,,0,,,2,2,1,1694008611493.jpg,5745/23,0,,0,0,0,0,0,0,0,0,0,0,0,0,0,0,0,0,0,0,,,2,,,,,,,,,,,,,,,,,,,,,,,,,,,,0,"5745.23 PA",2023-08-23,,,2,,,,0,https://cloud.butterflynetwork.com/-/shared/NN6aga5IRh-yp-5z3NVKQQ?region=US,0,0,0,0,0,0,0,0,0,0,0,,2,,,,,,,,,,,,,,,,,,,,,,,,,,,,,,,,,,,,,,,,,,,,,,,,,,0,,,0,0,0,0,0,0,0,0,0,0,0,0,0,0,0,0,0,,,,,,,,,,,,,,,,,,,,0,,,,,0,,,,,,,,,,,0,,,,,,,,,,,,,,,,,,,,,,,,,,,,,0,,,0,0,0,0,0,0,0,0,0,0,0,0,0,0,0,0,0,0,0,0,0,0,,,,,,,,,,,,,,,,,,,,,,,0,0,0,0,0,0,0,0,0,0,0,0,,,0,0,0,0,0,0,0,0,0,0,,,,,0,,0,0,0,0,0,0,0,0,0,0,0,0,0,0,0,0,0,0,0,0,0,0,0,0,0,0,0,0,0,0,0,0,0,0,0,0,0,0,0,0,0,0,0,0,0,0,0,0,0,0,0,0,0,0,0,0,0,0,0,0,0,0,0,0,0,0,0,0,0,0,0,0,0,0,0,0,0,0,0,0,0,0,0,0,0,0,0,0,0,0,0,0,0,0,0,0,0,0,,,0
27-247,hds,"2023-08-14 15:19",1,1,0,0,1,1,0,2,12,3,,,,7,,,,,0,1,0,0,0,0,0,0,0,0,0,0,0,0,0,0,0,0,0,,14,1,,,,,,,,,,,,,2,,,,1,0,0,0,0,0,0,0,0,0,0,0,0,0,,,,,,,,1,,,,,,,,,,,,,,1,0,0,0,0,0,0,0,0,0,0,0,0,0,,0,0,0,0,,1,,,,,,0,0,0,0,0,0,0,0,0,0,0,0,0,0,,,0,0,,,,,0,,,0,0,54,164,36,150,101,70,20,100,5.4,15,0,0,0,0,20.077334919691,2,0,0,1,2,0,"Network problem ",0,,0,0,0,0,0,0,0,0,0,0,0,0,0,0,0,0,0,0,0,0,0,0,0,0,0,0,0,0,0,0,0,0,0,0,0,0,0,0,0,0,0,0,0,0,0,0,0,0,0,0,0,0,0,0,0,0,,,0,0,0,0,0,0,0,0,0,0,0,0,0,0,2,2,0,,,,,,,,,,,,,,,,0,,,,,,2,2,,3,0,0,0,0,0,0,0,0,0,0,0,0,0,0,0,0,0,0,0,0,0,0,0,1,0,0,1,0,0,0,0,0,1,0,0,0,0,0,0,0,,,,5,,,,,,5,,0,0,1,0,0,0,0,0,0,0,0,2,1,,AHQM6489NOF,,,,1,1,1,0,0,0,0,0,0,0,0,0,0,0,0,0,,1,,AHUF4649NOF,,1,0,0,0,0,0,0,0,0,0,,0,,,,,1,,"NICD ",,0,,,,0,,,0,,,2,2,1,,,0,,0,0,0,0,0,0,0,0,0,0,0,0,0,0,0,0,0,0,,,0,,,,,,,,,,,,,,,,,,,,,,,,,,,,0,,,,,0,,,,0,https://cloud.butterflynetwork.com/-/shared/nROBjHOBQBWYVeXu4XfdPg?region=US,0,0,0,0,0,0,0,0,0,0,0,,2,,,,,,,,,,,,,,,,,,,,,,,,,,,,,,,,,,,,,,,,,,,,,,,,,,0,,,0,0,0,0,0,0,0,0,0,0,0,0,0,0,0,0,0,,,,,,,,,,,,,,,,,,,,0,,,,,0,,,,,,,,,,,0,,,,,,,,,,,,,,,,,,,,,,,,,,,,,0,,,0,0,0,0,0,0,0,0,0,0,0,0,0,0,0,0,0,0,0,0,0,0,,,,,,,,,,,,,,,,,,,,,,,0,0,0,0,0,0,0,0,0,0,0,0,,,0,0,0,0,0,0,0,0,0,0,,,,,0,,0,0,0,0,0,0,0,0,0,0,0,0,0,0,0,0,0,0,0,0,0,0,0,0,0,0,0,0,0,0,0,0,0,0,0,0,0,0,0,0,0,0,0,0,0,0,0,0,0,0,0,0,0,0,0,0,0,0,0,0,0,0,0,0,0,0,0,0,0,0,0,0,0,0,0,0,0,0,0,0,0,0,0,0,0,0,0,0,0,0,0,0,0,0,0,0,0,0,,,0
27-248,hds,"2023-08-23 14:20",1,1,0,0,1,1,0,2,16,3,,,,28,,,,,0,1,0,0,0,0,0,0,0,0,0,0,0,0,0,0,0,0,0,,28,1,,,,,,,,,,,,,2,,,,1,0,0,0,0,0,0,0,0,0,0,0,0,0,,,,,,,,1,,,,,,,,,,,,,,1,0,0,0,0,0,0,0,0,0,0,0,0,0,,0,0,0,0,,1,,,,,2,0,0,0,0,0,0,0,0,0,0,0,0,0,0,,,0,1,1,1,2021,5,0,,,0,0,75,167,36,77,126,94,22,91,6.0,15,1,0,0,1,26.892323138155,2,0,0,0,2,1,,0,,0,0,0,0,0,0,0,0,0,0,0,0,0,0,0,0,0,0,0,0,0,0,0,0,0,0,0,0,0,0,0,0,0,0,0,0,0,0,0,0,0,0,0,0,0,0,0,0,0,0,0,0,0,0,0,0,,,0,0,0,0,0,0,0,0,0,0,0,0,0,0,2,2,0,,,,,,,,,,,,,,,,0,,,,,,2,2,,6,0,0,0,0,0,0,0,0,0,0,0,0,0,0,0,1,0,0,0,0,0,0,0,1,0,0,0,0,1,0,0,0,1,0,0,0,0,0,0,0,,,,,,5,,,,5,,0,1,1,0,0,0,0,0,0,0,0,2,1,,AHQM7782NOF,,ADLO3858HOF,,1,1,1,0,1,1,0,0,0,0,0,0,0,0,0,0,,1,,ADLO3857HOF,,1,0,0,0,0,0,0,0,0,0,,0,,,,,1,,AHUE4917NOF,,0,,,,0,,,0,,,2,2,1,1694007918938.jpg,5768/23,0,,0,0,0,0,0,0,0,0,0,0,0,0,0,0,0,0,0,0,,,2,,,,,,,,,,,,,,,,,,,,,,,,,,,,0,"5768.23 AP",2023-08-24,,,2,,,,0,https://cloud.butterflynetwork.com/-/shared/aqEKpZdsRy-X9Evk1m8njg?region=US,0,0,0,0,0,0,0,0,0,0,0,,2,,,,,,,,,,,,,,,,,,,,,,,,,,,,,,,,,,,,,,,,,,,,,,,,,,0,,,0,0,0,0,0,0,0,0,0,0,0,0,0,0,0,0,0,,,,,,,,,,,,,,,,,,,,0,,,,,0,,,,,,,,,,,0,,,,,,,,,,,,,,,,,,,,,,,,,,,,,0,,,0,0,0,0,0,0,0,0,0,0,0,0,0,0,0,0,0,0,0,0,0,0,,,,,,,,,,,,,,,,,,,,,,,0,0,0,0,0,0,0,0,0,0,0,0,,,0,0,0,0,0,0,0,0,0,0,,,,,0,,0,0,0,0,0,0,0,0,0,0,0,0,0,0,0,0,0,0,0,0,0,0,0,0,0,0,0,0,0,0,0,0,0,0,0,0,0,0,0,0,0,0,0,0,0,0,0,0,0,0,0,0,0,0,0,0,0,0,0,0,0,0,0,0,0,0,0,0,0,0,0,0,0,0,0,0,0,0,0,0,0,0,0,0,0,0,0,0,0,0,0,0,0,0,0,0,0,0,,,0
27-249,hds,"2023-08-24 17:35",1,1,0,0,1,1,,2,16,2,,7,1,,,,,,1,0,0,1,0,0,1,0,0,0,0,0,0,0,0,0,0,0,0,2,,,,,7,,14,,,,,,,,2,,,,1,0,0,0,0,0,0,0,0,0,0,0,0,0,,,,,,,,1,,,,,,,,,,,,,,1,0,0,0,0,0,0,0,0,0,0,0,0,0,,0,0,0,0,,0,,,,,,0,0,0,0,0,0,0,0,0,0,0,0,0,0,,,0,1,1,2,2022,11,0,,,0,0,70,160,36.1,103,129,71,18,97,6.3,15,0,0,0,0,27.34375,1,0,0,0,2,0,"Network Problem",0,,0,0,0,0,0,0,0,0,0,0,0,0,0,0,0,0,0,0,0,0,0,0,0,0,0,0,0,0,0,0,0,0,0,0,0,0,0,0,0,0,0,0,0,0,0,0,0,0,0,0,0,0,0,0,0,0,,,0,0,0,0,0,0,0,0,0,0,0,0,0,0,2,1,0,,,,,,,,,,,,,,,,0,,,,,,2,2,,6,0,0,0,0,0,0,0,0,0,0,0,0,0,0,0,0,0,0,0,0,0,0,0,1,0,0,0,0,1,0,0,0,0,0,0,0,0,0,0,0,,,,,,5,,,,,,0,0,1,0,0,0,0,0,0,0,0,2,1,,AHUE4923NOF,,,,1,1,1,0,0,0,1,0,0,0,0,0,0,0,0,0,,1,,AHUE4924NOF,,1,0,0,0,0,0,0,0,0,0,,0,,,,,1,,AHUE4926NOF,,0,,,,0,,,0,,,2,2,0,,,,,0,0,0,0,0,0,0,0,0,0,0,0,0,0,0,0,0,0,,,2,,,,,,,,,,,,,,,,,,,,,,,,,,,,0,,,,,2,,,,0,https://cloud.butterflynetwork.com/-/shared/sPeleVE1TDetTIpsbpf5dA?region=US,0,0,0,0,0,0,0,0,0,0,0,,2,,,,,,,,,,,,,,,,,,,,,,,,,,,,,,,,,,,,,,,,,,,,,,,,,,0,,,0,0,0,0,0,0,0,0,0,0,0,0,0,0,0,0,0,,,,,,,,,,,,,,,,,,,,0,,,,,0,,,,,,,,,,,0,,,,,,,,,,,,,,,,,,,,,,,,,,,,,0,,,0,0,0,0,0,0,0,0,0,0,0,0,0,0,0,0,0,0,0,0,0,0,,,,,,,,,,,,,,,,,,,,,,,0,0,0,0,0,0,0,0,0,0,0,0,,,0,0,0,0,0,0,0,0,0,0,,,,,0,,0,0,0,0,0,0,0,0,0,0,0,0,0,0,0,0,0,0,0,0,0,0,0,0,0,0,0,0,0,0,0,0,0,0,0,0,0,0,0,0,0,0,0,0,0,0,0,0,0,0,0,0,0,0,0,0,0,0,0,0,0,0,0,0,0,0,0,0,0,0,0,0,0,0,0,0,0,0,0,0,0,0,0,0,0,0,0,0,0,0,0,0,0,0,0,0,0,0,,,0
27-250,hds,"2023-08-24 14:27",1,1,0,0,1,1,0,2,14,3,,,,6,,,,,0,0,0,1,0,0,0,0,0,0,0,0,0,0,0,0,0,0,0,,,,,,5,,,,,,,,,,2,,,,1,0,0,0,0,0,0,0,0,0,0,0,0,0,,,,,,,,1,,,,,,,,,,,,,,1,0,0,0,0,0,0,0,0,0,0,0,0,0,,0,0,0,0,,1,,,,,2,0,0,0,0,0,0,0,0,0,0,0,0,0,0,,,0,1,1,1,2021,2,0,,,0,,80,152,36,136,135,97,16,94,5.4,15,0,0,0,0,34.626038781163,1,0,0,0,2,0,"There was noise",0,,0,0,0,0,0,0,0,0,0,0,0,0,0,0,0,0,0,0,0,0,0,0,0,0,0,0,0,0,0,0,0,0,0,0,0,0,0,0,0,0,0,0,0,0,0,0,0,0,0,0,0,0,0,0,0,0,,,0,0,0,0,0,0,0,0,0,0,0,0,0,0,2,1,0,,,,,,,,,,,,,,,,0,,,,,,2,2,,6,0,0,0,0,0,0,0,0,0,0,0,0,0,0,0,0,0,0,0,0,0,0,0,1,0,0,1,0,0,0,0,1,0,0,0,0,0,0,0,0,,,,5,,,,,3,,,0,0,1,0,0,0,0,0,0,0,0,2,1,,AHQM6959NOF,,AHUE4922NOF,,1,1,1,0,0,0,0,0,0,0,0,0,0,0,0,0,,1,,AHUE4920NOF,,1,0,0,0,0,0,0,0,0,0,,0,,,,,0,,,,0,,,,0,,,0,,,2,2,1,,5889/23,0,,0,0,0,0,0,0,0,0,0,0,0,0,0,0,0,0,0,0,,,2,,,,,,,,,,,,,,,,,,,,,,,,,,,,0,"5889.23 PA",2023-08-28,,,2,,,,0,https://cloud.butterflynetwork.com/-/shared/vTRNFDxoQja60EIjARrb2g?region=US,0,0,0,0,0,0,0,0,0,0,0,,2,,,,,,,,,,,,,,,,,,,,,,,,,,,,,,,,,,,,,,,,,,,,,,,,,,0,,,0,0,0,0,0,0,0,0,0,0,0,0,0,0,0,0,0,,,,,,,,,,,,,,,,,,,,0,,,,,0,,,,,,,,,,,0,,,,,,,,,,,,,,,,,,,,,,,,,,,,,0,,,0,0,0,0,0,0,0,0,0,0,0,0,0,0,0,0,0,0,0,0,0,0,,,,,,,,,,,,,,,,,,,,,,,0,0,0,0,0,0,0,0,0,0,0,0,,,0,0,0,0,0,0,0,0,0,0,,,,,0,,0,0,0,0,0,0,0,0,0,0,0,0,0,0,0,0,0,0,0,0,0,0,0,0,0,0,0,0,0,0,0,0,0,0,0,0,0,0,0,0,0,0,0,0,0,0,0,0,0,0,0,0,0,0,0,0,0,0,0,0,0,0,0,0,0,0,0,0,0,0,0,0,0,0,0,0,0,0,0,0,0,0,0,0,0,0,0,0,0,0,0,0,0,0,0,0,0,0,,,0
27-251,hds,"2023-09-07 13:35",1,1,0,0,1,1,,2,16,3,,,,2,,,,,0,1,0,0,0,0,0,1,0,0,0,0,0,0,0,0,0,0,0,,5,0,,,,,,10,,,,,,,2,,,,1,0,0,0,0,0,0,0,0,0,0,0,0,0,,,,,,,,1,,,,,,,,,,,,,,1,0,0,0,0,0,0,0,0,0,0,0,0,0,,0,0,0,0,,1,,,,,2,0,0,0,0,0,0,0,0,0,0,0,0,0,0,,,0,0,,,,,0,,,0,0,50,169,36.2,89,90,57,18,97,7.7,15,0,0,1,1,17.506389832289,2,0,0,0,2,0,"Network Problem",0,,0,0,0,0,0,0,0,0,0,0,0,0,0,0,0,0,0,0,0,0,0,0,0,0,0,0,0,0,0,0,0,0,0,0,0,0,0,0,0,0,0,0,0,0,0,0,0,0,0,0,0,0,0,0,0,0,,,0,0,0,0,0,0,0,0,0,0,0,0,0,0,2,1,0,,,,,,,,,,,,,,,,0,,,,,,2,2,,7,0,0,0,0,0,0,0,0,0,0,0,0,0,0,0,0,0,0,0,0,0,0,0,1,0,0,1,0,0,0,0,0,1,0,0,0,0,0,0,0,,,,5,,,,,,5,,1,0,1,0,0,0,0,0,0,0,0,2,1,,AHQM6350NOF,,AIAB8838NOF,,1,1,1,0,1,0,0,0,0,0,0,0,0,0,0,0,,1,,AIAB9964NOF,,1,0,0,0,0,0,0,0,0,0,,0,,,,,0,,,,0,,,,0,,,0,,,2,2,1,1694178544514.jpg,6101/23,0,,0,0,0,0,0,0,0,0,0,0,0,0,0,0,0,0,0,0,,,2,,,,,,,,,,,,,,,,,,,,,,,,,,,,0,,,,,0,,,,0,https://cloud.butterflynetwork.com/-/shared/y-NY6siFRTmpawqd-bdy9g?region=US,0,0,0,0,0,0,0,0,0,0,0,,2,,,,,,,,,,,,,,,,,,,,,,,,,,,,,,,,,,,,,,,,,,,,,,,,,,0,,,0,0,0,0,0,0,0,0,0,0,0,0,0,0,0,0,0,,,,,,,,,,,,,,,,,,,,0,,,,,0,,,,,,,,,,,0,,,,,,,,,,,,,,,,,,,,,,,,,,,,,0,,,0,0,0,0,0,0,0,0,0,0,0,0,0,0,0,0,0,0,0,0,0,0,,,,,,,,,,,,,,,,,,,,,,,0,0,0,0,0,0,0,0,0,0,0,0,,,0,0,0,0,0,0,0,0,0,0,,,,,0,,0,0,0,0,0,0,0,0,0,0,0,0,0,0,0,0,0,0,0,0,0,0,0,0,0,0,0,0,0,0,0,0,0,0,0,0,0,0,0,0,0,0,0,0,0,0,0,0,0,0,0,0,0,0,0,0,0,0,0,0,0,0,0,0,0,0,0,0,0,0,0,0,0,0,0,0,0,0,0,0,0,0,0,0,0,0,0,0,0,0,0,0,0,0,0,0,0,0,,,0
27-252,hds,"2023-09-14 14:46",1,1,0,0,1,1,0,2,15,4,,,,,7,,,,0,1,0,0,0,0,0,0,0,0,0,0,0,0,0,0,0,0,0,,7,1,,,,,,,,,,,,,2,,,,1,0,0,0,0,0,0,0,0,0,0,0,0,0,,,,,,,,2,,,,2009,,0,,0,,3,5,,,1,0,0,0,0,0,0,0,0,0,0,0,0,0,,0,0,0,0,,1,,,,,2,0,0,0,0,0,0,0,0,0,0,0,0,0,0,,,0,0,,,,,0,,,0,0,60,1162,37,92,116,66,18,97,4.9,15,0,0,0,0,0.44436412974248,1,0,0,0,2,0,"No network ",0,,0,0,0,0,0,0,0,0,0,0,0,0,0,0,0,0,0,0,0,0,0,0,0,0,0,0,0,0,0,0,0,0,0,0,0,0,0,0,0,0,0,0,0,0,0,0,0,0,0,0,0,0,0,0,0,0,,,0,0,0,0,0,0,0,0,0,0,0,0,0,0,2,2,0,,,,,,,,,,,,,,,,0,,,,,,2,2,,3,0,0,0,0,0,0,0,0,0,0,0,0,0,0,0,0,0,0,0,0,0,0,0,1,1,0,0,0,0,0,0,1,0,0,0,0,0,0,0,0,,5,,,,,,,3,,,0,1,1,0,0,0,0,0,0,0,0,2,0,,,,,,0,0,0,0,0,0,0,0,0,0,0,0,0,0,0,0,,1,,AHQM6408NOF,,1,0,0,0,0,0,0,0,0,0,,0,,,,,1,,AHQM6313NOF,,0,,,,0,,,0,,,0,2,1,1707987234738.jpg,6249/23,0,,0,0,0,0,0,0,0,0,0,0,0,0,0,0,0,0,0,0,,,2,,,,,,,,,,,,,,,,,,,,,,,,,,,,0,"6249.23 PA.dcm",2023-09-14,,,2,,,,0,https://cloud.butterflynetwork.com/-/shared/BzAUg6s3QjCdHVkjVqdAng?region=US,0,0,0,0,0,0,0,0,0,0,0,,2,,,,,,,,,,,,,,,,,,,,,,,,,,,,,,,,,,,,,,,,,,,,,,,,,,0,,,0,0,0,0,0,0,0,0,0,0,0,0,0,0,0,0,0,,,,,,,,,,,,,,,,,,,,0,,,,,0,,,,,,,,,,,0,,,,,,,,,,,,,,,,,,,,,,,,,,,,,0,,,0,0,0,0,0,0,0,0,0,0,0,0,0,0,0,0,0,0,0,0,0,0,,,,,,,,,,,,,,,,,,,,,,,0,0,0,0,0,0,0,0,0,0,0,0,,,0,0,0,0,0,0,0,0,0,0,,,,,0,,0,0,0,0,0,0,0,0,0,0,0,0,0,0,0,0,0,0,0,0,0,0,0,0,0,0,0,0,0,0,0,0,0,0,0,0,0,0,0,0,0,0,0,0,0,0,0,0,0,0,0,0,0,0,0,0,0,0,0,0,0,0,0,0,0,0,0,0,0,0,0,0,0,0,0,0,0,0,0,0,0,0,0,0,0,0,0,0,0,0,0,0,0,0,0,0,0,0,,,0
27-253,hds,"2023-09-18 12:15",1,1,0,0,1,1,,2,16,3,,,,1,,,,,0,1,0,1,0,1,1,0,1,0,0,0,0,0,0,0,0,0,0,,21,1,90,,21,,21,,21,,,,,,2,,,,1,0,0,0,0,0,0,0,0,0,0,0,0,0,,,,,,,,2,,,,2016,1997,0,,0,,3,5,,,1,0,0,0,0,0,0,0,0,0,0,0,0,0,,0,0,0,0,,1,,,,,2,0,0,0,0,0,0,0,0,0,0,0,0,0,0,,,0,0,,,,,0,,,0,2,64,177,37.0,146,113,67,20,89,9.9,15,0,0,0,0,20.428357113218,3,0,0,0,2,0,"Network problem",0,,0,0,0,0,0,0,0,0,0,0,0,0,0,0,0,0,0,0,0,0,0,0,0,0,0,0,0,0,0,0,0,0,0,0,0,0,0,0,0,0,0,0,0,0,0,0,0,0,0,0,0,0,0,0,0,0,,,0,0,0,0,0,0,0,0,0,0,0,0,0,0,2,1,0,,,,,,,,,,,,,,,,0,,,,,,2,1,,3,0,0,0,0,0,0,0,0,0,0,0,0,0,0,0,0,0,0,0,0,0,0,0,1,1,0,0,0,0,0,0,1,0,0,0,0,0,0,0,0,,7,,,,,,,3,,,0,0,1,0,0,0,0,0,0,0,0,2,0,,,,,,0,0,0,0,0,0,0,0,0,0,0,0,0,0,0,0,,1,,AHQM6420NOF,,1,0,0,0,0,0,0,0,0,0,,0,,,,,1,,AHQM6425NOF,,0,,,,0,,,0,,,0,2,1,1709195392061.jpg,6320/23,0,,0,0,0,0,0,0,0,0,0,0,0,0,0,0,0,0,0,0,,,2,,,,,,,,,,,,,,,,,,,,,,,,,,,,0,"6320.23 PA.dcm",2023-09-18,,,2,,,,0,https://cloud.butterflynetwork.com/-/shared/H2iPHFooRQuQld0e0Fr83A?region=US,0,0,0,0,0,0,0,0,0,0,0,,2,,,,,,,,,,,,,,,,,,,,,,,,,,,,,,,,,,,,,,,,,,,,,,,,,,0,,,0,0,0,0,0,0,0,0,0,0,0,0,0,0,0,0,0,,,,,,,,,,,,,,,,,,,,0,,,,,0,,,,,,,,,,,0,,,,,,,,,,,,,,,,,,,,,,,,,,,,,0,,,0,0,0,0,0,0,0,0,0,0,0,0,0,0,0,0,0,0,0,0,0,0,,,,,,,,,,,,,,,,,,,,,,,0,0,0,0,0,0,0,0,0,0,0,0,,,0,0,0,0,0,0,0,0,0,0,,,,,0,,0,0,0,0,0,0,0,0,0,0,0,0,0,0,0,0,0,0,0,0,0,0,0,0,0,0,0,0,0,0,0,0,0,0,0,0,0,0,0,0,0,0,0,0,0,0,0,0,0,0,0,0,0,0,0,0,0,0,0,0,0,0,0,0,0,0,0,0,0,0,0,0,0,0,0,0,0,0,0,0,0,0,0,0,0,0,0,0,0,0,0,0,0,0,0,0,0,0,,,0
27-254,hds,"2023-09-24 18:20",1,1,0,0,1,1,,2,16,3,,,,2,,,,,0,1,0,0,0,0,1,0,1,0,0,0,0,0,0,0,0,0,0,,8,0,,,,,21,,21,,,,,,2,,,,1,0,0,0,0,0,0,0,0,0,0,0,0,0,,,,,,,,1,,,,,,,,,,,,,,2,0,0,0,0,0,0,0,0,0,0,0,0,0,,1,0,0,0,,1,,,,,2,0,0,0,0,0,0,0,0,0,0,0,0,0,0,,,0,0,,,,,0,,,0,0,76,172,36.1,72,157,75,28,91,7.9,15,1,0,0,1,25.689561925365,2,1,0,0,2,1,,0,,0,0,0,0,0,0,0,0,0,0,0,0,0,0,0,0,0,0,0,0,0,0,0,0,0,0,0,0,0,0,0,0,0,0,0,0,0,0,0,0,0,0,0,0,0,0,0,0,0,0,0,0,0,0,0,0,,,0,0,0,0,0,0,0,0,0,0,0,0,0,0,2,2,0,,,,,,,,,,,,,,,,1,3,1,1,,,2,2,,3,0,0,0,0,0,0,0,0,0,0,0,0,0,0,0,0,0,0,0,0,0,0,0,1,0,0,1,0,0,0,0,0,1,0,0,0,0,0,0,0,,,,5,,,,,,5,,0,1,1,0,0,0,0,0,0,0,0,2,1,,AHQM6537NOF,,,,1,1,1,0,1,1,1,0,0,0,0,0,0,0,0,0,,1,,AIAC5503NOF,,1,0,0,0,0,0,0,0,0,0,,0,,,,,1,,AIAC5502NOF,,0,,,,0,,,0,,,0,2,1,1698152669062.jpg,6524/23,0,,0,0,0,0,0,0,0,0,0,0,0,0,0,0,0,0,0,0,,,2,,,,,,,,,,,,,,,,,,,,,,,,,,,,0,"6524.23 AP",2023-09-27,,,2,,,,0,https://cloud.butterflynetwork.com/-/shared/QBGn-wvGTwy9oxWVB3bDHQ?region=US,0,0,0,0,0,0,0,0,0,0,0,,2,,,,,,,,,,,,,,,,,,,,,,,,,,,,,,,,,,,,,,,,,,,,,,,,,,0,,,0,0,0,0,0,0,0,0,0,0,0,0,0,0,0,0,0,,,,,,,,,,,,,,,,,,,,0,,,,,0,,,,,,,,,,,0,,,,,,,,,,,,,,,,,,,,,,,,,,,,,0,,,0,0,0,0,0,0,0,0,0,0,0,0,0,0,0,0,0,0,0,0,0,0,,,,,,,,,,,,,,,,,,,,,,,0,0,0,0,0,0,0,0,0,0,0,0,,,0,0,0,0,0,0,0,0,0,0,,,,,0,,0,0,0,0,0,0,0,0,0,0,0,0,0,0,0,0,0,0,0,0,0,0,0,0,0,0,0,0,0,0,0,0,0,0,0,0,0,0,0,0,0,0,0,0,0,0,0,0,0,0,0,0,0,0,0,0,0,0,0,0,0,0,0,0,0,0,0,0,0,0,0,0,0,0,0,0,0,0,0,0,0,0,0,0,0,0,0,0,0,0,0,0,0,0,0,0,0,0,,,0
27-255,hds,"2023-09-19 15:44",1,1,0,0,1,1,0,2,3,3,,,,5,,,,,0,0,0,0,0,0,0,1,0,0,0,0,0,0,0,0,0,0,0,,,,,,,,,120,,,,,,,2,,,,1,0,0,0,0,0,0,0,0,0,0,0,0,0,,,,,,,,1,,,,,,,,,,,,,,3,0,0,0,0,0,0,0,0,0,0,0,0,0,,0,0,0,0,,0,,,,,,0,0,0,0,0,0,0,0,0,0,0,0,0,0,,,0,0,,,,,0,,,1,0,46,154,36,85,115,64,18,85,"8,0",15,0,0,0,0,19.396188227357,3,0,0,1,2,0,"Network problem ",0,,0,0,0,0,0,0,0,0,0,0,0,0,0,0,0,0,0,0,0,0,0,0,0,0,0,0,0,0,0,0,0,0,0,0,0,0,0,0,0,0,0,0,0,0,0,0,0,0,0,0,0,0,0,0,0,0,,,0,0,0,0,0,0,0,0,0,0,0,0,0,0,2,1,0,,,,,,,,,,,,,,,,0,,,,,,2,1,,3,0,0,0,0,0,0,0,0,0,0,0,0,0,0,0,0,0,0,0,0,0,0,0,1,0,0,0,1,0,0,0,1,0,0,0,0,0,0,0,0,,,,,5,,,,3,,,0,1,1,0,0,0,0,0,0,0,0,2,1,,AIAC4551NOF,,,,1,1,1,0,0,0,0,0,0,0,0,0,0,0,0,0,,1,,AIAC4552NOF,,1,0,0,0,0,0,0,0,0,0,,0,,,,,1,,AIAC4560NOF,,0,,,,0,,,0,,,0,2,1,1707987136277.jpg,6366/23,0,,0,0,0,0,0,0,0,0,0,0,0,0,0,0,0,0,0,0,,,2,,,,,,,,,,,,,,,,,,,,,,,,,,,,0,"6366.23 PA.dcm",2023-09-19,,,2,,,,0,https://cloud.butterflynetwork.com/-/shared/ql3yFLk_RwqEOYWRltgvyw?region=US,0,0,0,0,0,0,0,0,0,0,0,,2,,,,,,,,,,,,,,,,,,,,,,,,,,,,,,,,,,,,,,,,,,,,,,,,,,0,,,0,0,0,0,0,0,0,0,0,0,0,0,0,0,0,0,0,,,,,,,,,,,,,,,,,,,,0,,,,,0,,,,,,,,,,,0,,,,,,,,,,,,,,,,,,,,,,,,,,,,,0,,,0,0,0,0,0,0,0,0,0,0,0,0,0,0,0,0,0,0,0,0,0,0,,,,,,,,,,,,,,,,,,,,,,,0,0,0,0,0,0,0,0,0,0,0,0,,,0,0,0,0,0,0,0,0,0,0,,,,,0,,0,0,0,0,0,0,0,0,0,0,0,0,0,0,0,0,0,0,0,0,0,0,0,0,0,0,0,0,0,0,0,0,0,0,0,0,0,0,0,0,0,0,0,0,0,0,0,0,0,0,0,0,0,0,0,0,0,0,0,0,0,0,0,0,0,0,0,0,0,0,0,0,0,0,0,0,0,0,0,0,0,0,0,0,0,0,0,0,0,0,0,0,0,0,0,0,0,0,,,0
27-256,hds,"2023-09-19 15:21",1,1,0,0,1,1,0,2,16,3,,,,5,,,,,0,1,0,0,0,0,0,0,0,0,0,0,0,0,0,0,0,0,0,,14,1,,,,,,,,,,,,,2,,,,1,0,0,0,0,0,0,0,0,0,0,0,0,0,,,,,,,,1,,,,,,,,,,,,,,1,0,0,0,0,0,0,0,0,0,0,0,0,0,,0,1,0,0,,1,,,,,2,0,0,0,0,0,0,0,0,0,0,0,0,0,0,,,0,0,,,,,0,,,0,0,125,157,36.1,66,157,74,22,100,8.3,15,1,0,0,1,50.711996429875,2,0,0,0,2,1,,0,,0,0,0,0,0,0,0,0,0,0,0,0,0,0,0,0,0,0,0,0,0,0,0,0,0,0,0,0,0,0,0,0,0,0,0,0,0,0,0,0,0,0,0,0,0,0,0,0,0,0,0,0,0,0,0,0,,,0,0,0,0,0,0,0,0,0,0,0,0,0,0,2,2,1,"Patient was overweight ",,,,,,,,,,,,,,,0,,,,,,2,2,,3,0,0,0,0,0,0,0,0,0,0,0,0,0,0,0,0,0,0,0,0,0,0,0,1,0,0,0,0,1,0,0,0,0,0,0,0,0,0,0,0,,,,,,5,,,,,,0,1,1,0,0,0,0,0,0,0,0,2,1,,AIAB8778NOF,,,,1,0,0,0,1,0,0,0,0,0,0,0,0,0,0,0,,1,,AIAB8780NOF,,1,0,0,0,0,0,0,0,0,0,,0,,,,,1,,Nicd,,0,,,,0,,,0,,,1,2,1,1698153832574.jpg,6835/23,0,,0,0,0,0,0,0,0,0,0,0,0,0,0,0,0,0,0,0,,,2,,,,,,,,,,,,,,,,,,,,,,,,,,,,0,,,,,0,,,,0,,1,0,0,0,0,0,0,0,0,0,0,,0,,,,,,,,,,,,,,,,,,,,,,,,,,,,,,,,,,,,,,,,,,,,,,,,,,0,,,0,0,0,0,0,0,0,0,0,0,0,0,0,0,0,0,0,,,,,,,,,,,,,,,,,,,,0,,,,,0,,,,,,,,,,,0,,,,,,,,,,,,,,,,,,,,,,,,,,,,,0,,,0,0,0,0,0,0,0,0,0,0,0,0,0,0,0,0,0,0,0,0,0,0,,,,,,,,,,,,,,,,,,,,,,,0,0,0,0,0,0,0,0,0,0,0,0,,,0,0,0,0,0,0,0,0,0,0,,,,,0,,0,0,0,0,0,0,0,0,0,0,0,0,0,0,0,0,0,0,0,0,0,0,0,0,0,0,0,0,0,0,0,0,0,0,0,0,0,0,0,0,0,0,0,0,0,0,0,0,0,0,0,0,0,0,0,0,0,0,0,0,0,0,0,0,0,0,0,0,0,0,0,0,0,0,0,0,0,0,0,0,0,0,0,0,0,0,0,0,0,0,0,0,0,0,0,0,0,0,,,0
27-257,hds,"2023-09-28 23:42",1,1,0,0,1,1,,2,16,2,,14,0,,,,,,0,0,0,0,0,1,0,0,1,0,0,0,0,0,0,0,0,0,0,,,,30,,,,,,30,,,,,,2,,,,1,0,0,0,0,0,0,0,0,0,0,0,0,0,,,,,,,,1,,,,,,,,,,,,,,1,0,0,0,0,0,0,0,0,0,0,0,0,0,,0,0,0,0,,1,,,,,2,0,0,0,0,0,0,0,0,0,0,0,0,0,0,,,0,0,,,,,0,,,0,0,34,155,36.4,145,136,77,16,97,8.1,14,0,1,0,1,14.151925078044,5,0,0,1,2,1,,0,,0,0,0,0,0,0,0,0,0,0,0,0,0,0,0,0,0,0,0,0,0,0,0,0,0,0,0,0,0,0,0,0,0,0,0,0,0,0,0,0,0,0,0,0,0,0,0,0,0,0,0,0,0,0,0,0,,,0,0,0,0,0,0,0,0,0,0,0,0,0,0,2,3,0,,,,,,,,,,,,,,,,0,,,,,,2,2,,6,0,0,1,0,0,0,0,0,0,0,0,0,0,0,0,0,0,0,0,0,0,0,0,1,0,0,0,0,1,1,0,0,0,0,0,0,0,0,0,0,,,,,,5,5,,,,,0,0,1,0,0,0,0,0,0,0,0,2,1,AIAC5416NOF,,ADJY6824HOF,,,1,1,1,0,1,1,1,0,0,0,0,0,0,0,0,0,,1,,ADJY6979NOF,,1,0,0,0,0,0,0,0,0,0,,0,,,,,1,,NICD,,0,,,,0,,,0,,,0,2,0,,,,,0,0,0,0,0,0,0,0,0,0,0,0,0,0,0,0,0,0,,,2,,,,,,,,,,,,,,,,,,,,,,,,,,,,0,,,,,2,,,,0,https://cloud.butterflynetwork.com/-/shared/lwaqRkPISQuctgh4g2p15Q?region=US,0,0,0,0,0,0,0,0,0,0,0,,2,,,,,,,,,,,,,,,,,,,,,,,,,,,,,,,,,,,,,,,,,,,,,,,,,,0,,,0,0,0,0,0,0,0,0,0,0,0,0,0,0,0,0,0,,,,,,,,,,,,,,,,,,,,0,,,,,0,,,,,,,,,,,0,,,,,,,,,,,,,,,,,,,,,,,,,,,,,0,,,0,0,0,0,0,0,0,0,0,0,0,0,0,0,0,0,0,0,0,0,0,0,,,,,,,,,,,,,,,,,,,,,,,0,0,0,0,0,0,0,0,0,0,0,0,,,0,0,0,0,0,0,0,0,0,0,,,,,0,,0,0,0,0,0,0,0,0,0,0,0,0,0,0,0,0,0,0,0,0,0,0,0,0,0,0,0,0,0,0,0,0,0,0,0,0,0,0,0,0,0,0,0,0,0,0,0,0,0,0,0,0,0,0,0,0,0,0,0,0,0,0,0,0,0,0,0,0,0,0,0,0,0,0,0,0,0,0,0,0,0,0,0,0,0,0,0,0,0,0,0,0,0,0,0,0,0,0,,,0
27-258,hds,"2023-10-02 14:44",1,1,0,0,1,1,,2,16,3,,,,1,,,,,0,1,0,0,0,1,0,1,0,0,0,0,0,0,0,0,0,0,0,,30,0,60,,,,,7,,,,,,,2,,,,1,0,0,0,0,0,0,0,0,0,0,0,0,0,,,,,,,,1,,,,,,,,,,,,,,3,0,0,0,0,0,0,0,0,0,0,0,0,0,,0,0,0,0,,0,,,,,,0,0,0,0,0,0,0,0,0,0,0,0,0,0,,,0,0,,,,,0,,,0,2,53,165,35.6,65,132,76,20,99,5.9,15,0,0,0,0,19.467401285583,2,0,0,0,2,0,Refused,0,,0,0,0,0,0,0,0,0,0,0,0,0,0,0,0,0,0,0,0,0,0,0,0,0,0,0,0,0,0,0,0,0,0,0,0,0,0,0,0,0,0,0,0,0,0,0,0,0,0,0,0,0,0,0,0,0,,,0,0,0,0,0,0,0,0,0,0,0,0,0,0,2,1,0,,,,,,,,,,,,,,,,1,1,,2,,,2,2,,3,0,0,0,0,0,0,0,0,0,0,0,0,0,0,0,0,0,0,0,0,0,0,1,1,0,0,1,0,0,0,0,0,0,1,0,0,0,0,0,0,Linezolid,,,5,,,,,,,5,0,1,1,0,0,0,0,0,0,0,0,2,1,,AIAC5301NOF,,,,1,1,1,0,0,0,0,0,1,0,0,0,0,0,0,0,,1,,ANKH6036P,,1,0,0,0,0,0,0,0,0,0,,0,,,,,1,,NICD,,1,,AIAC4832NOF,,0,,,0,,,2,2,1,1696335678777.jpg,6647/2,0,,0,0,0,0,0,0,0,0,0,0,0,0,0,0,0,0,0,0,,,2,,,,,,,,,,,,,,,,,,,,,,,,,,,,0,,,,,0,,,,0,https://cloud.butterflynetwork.com/-/shared/CddAsuPXQzuO6A6QQ33W3A?region=US,0,0,0,0,0,0,0,0,0,0,0,,2,,,,,,,,,,,,,,,,,,,,,,,,,,,,,,,,,,,,,,,,,,,,,,,,,,0,,,0,0,0,0,0,0,0,0,0,0,0,0,0,0,0,0,0,,,,,,,,,,,,,,,,,,,,0,,,,,0,,,,,,,,,,,0,,,,,,,,,,,,,,,,,,,,,,,,,,,,,0,,,0,0,0,0,0,0,0,0,0,0,0,0,0,0,0,0,0,0,0,0,0,0,,,,,,,,,,,,,,,,,,,,,,,0,0,0,0,0,0,0,0,0,0,0,0,,,0,0,0,0,0,0,0,0,0,0,,,,,0,,0,0,0,0,0,0,0,0,0,0,0,0,0,0,0,0,0,0,0,0,0,0,0,0,0,0,0,0,0,0,0,0,0,0,0,0,0,0,0,0,0,0,0,0,0,0,0,0,0,0,0,0,0,0,0,0,0,0,0,0,0,0,0,0,0,0,0,0,0,0,0,0,0,0,0,0,0,0,0,0,0,0,0,0,0,0,0,0,0,0,0,0,0,0,0,0,0,0,,,0
27-259,hds,"2023-10-04 15:45",1,1,0,0,1,1,,2,16,2,,14,1,,,,,,0,0,0,1,0,0,1,0,0,0,0,0,0,0,0,0,0,0,0,,,,,,14,,14,,,,,,,,2,,,,1,0,0,0,0,0,0,0,0,0,0,0,0,0,,,,,,,,1,,,,,,,,,,,,,,3,0,0,0,0,0,0,0,0,0,0,0,0,0,,0,0,0,0,,0,,,,,,0,0,0,0,0,0,0,0,0,0,0,0,0,0,,,0,1,2,2,2021,10,0,,,0,2,45,174,35.9,103,65,45,18,93,6.9,15,0,0,1,1,14.863258026159,3,0,0,0,2,1,,0,,0,0,0,0,0,0,0,0,0,0,0,0,0,0,0,0,0,0,0,0,0,0,0,0,0,0,0,0,0,0,0,0,0,0,0,0,0,0,0,0,0,0,0,0,0,0,0,0,0,0,0,0,0,0,0,0,,,0,0,0,0,0,0,0,0,0,0,0,0,0,0,2,1,0,,,,,,,,,,,,,,,,0,,,,,,2,2,,6,0,0,0,0,0,0,0,0,0,0,0,0,0,0,0,0,0,0,0,0,0,0,0,1,0,0,1,0,0,0,0,0,0,0,0,0,0,0,0,0,,,,5,,,,,,,,0,0,1,0,0,0,0,0,0,0,0,2,1,,AIAC5032NOF,,,,1,1,1,0,0,0,0,0,0,0,0,0,0,0,0,0,,1,,AHQM6054NOF,,1,0,0,0,0,0,0,0,0,0,,0,,,,,1,,NICD,,0,,,,0,,,0,,,2,2,1,1696500283813.jpg,6720/23,0,,0,0,0,0,0,0,0,0,0,0,0,0,0,0,0,0,0,0,,,2,,,,,,,,,,,,,,,,,,,,,,,,,,,,0,"6720.23 PA",2023-10-04,,,2,,,,0,https://cloud.butterflynetwork.com/-/shared/lCEifdyeRWe-yaEtKod4kA?region=US,0,0,0,0,0,0,0,0,0,0,0,,2,,,,,,,,,,,,,,,,,,,,,,,,,,,,,,,,,,,,,,,,,,,,,,,,,,0,,,0,0,0,0,0,0,0,0,0,0,0,0,0,0,0,0,0,,,,,,,,,,,,,,,,,,,,0,,,,,0,,,,,,,,,,,0,,,,,,,,,,,,,,,,,,,,,,,,,,,,,0,,,0,0,0,0,0,0,0,0,0,0,0,0,0,0,0,0,0,0,0,0,0,0,,,,,,,,,,,,,,,,,,,,,,,0,0,0,0,0,0,0,0,0,0,0,0,,,0,0,0,0,0,0,0,0,0,0,,,,,0,,0,0,0,0,0,0,0,0,0,0,0,0,0,0,0,0,0,0,0,0,0,0,0,0,0,0,0,0,0,0,0,0,0,0,0,0,0,0,0,0,0,0,0,0,0,0,0,0,0,0,0,0,0,0,0,0,0,0,0,0,0,0,0,0,0,0,0,0,0,0,0,0,0,0,0,0,0,0,0,0,0,0,0,0,0,0,0,0,0,0,0,0,0,0,0,0,0,0,,,0
27-260,hds,"2023-10-04 15:29",1,1,0,0,1,1,,2,16,2,,21,1,,,,,,0,0,0,1,0,0,0,0,0,0,0,0,0,0,0,0,0,0,0,,,,,,7,,,,,,,,,,2,,,,1,0,0,0,0,0,0,0,0,0,0,0,0,0,,,,,,,,2,,,,2009,,0,,0,,3,5,,,1,0,0,0,0,0,0,0,0,0,0,0,0,0,,0,0,0,0,,1,,,,,2,0,0,0,0,0,0,0,0,0,0,0,0,0,0,,,0,1,1,1,2022,8,0,,,0,2,61,170,36.2,84,127,93,18,95,4.5,15,0,0,0,0,21.107266435986,1,0,0,0,2,0,"Network problem",0,,0,0,0,0,0,0,0,0,0,0,0,0,0,0,0,0,0,0,0,0,0,0,0,0,0,0,0,0,0,0,0,0,0,0,0,0,0,0,0,0,0,0,0,0,0,0,0,0,0,0,0,0,0,0,0,0,,,0,0,0,0,0,0,0,0,0,0,0,0,0,0,2,1,0,,,,,,,,,,,,,,,,0,,,,,,2,2,,3,0,0,0,0,0,0,0,0,0,0,0,0,0,0,0,0,0,0,0,0,0,0,1,0,0,0,0,0,0,0,0,0,0,0,0,0,0,0,0,0,,,,,,,,,,,,0,0,1,0,0,0,0,0,0,0,0,2,1,,AIAC5646NOF,,,,1,1,1,0,0,0,0,0,0,0,0,0,0,0,0,0,,1,,,,1,0,0,0,0,0,0,0,0,0,,0,,,,,1,,AIAC4837NOF,,0,,,,0,,,0,,,1,2,1,1707986869867.jpg,6714/23,0,,0,0,0,0,0,0,0,0,0,0,0,0,0,0,0,0,0,0,,,2,,,,,,,,,,,,,,,,,,,,,,,,,,,,0,"6714.23 PA",2023-10-04,,,2,,,,0,https://cloud.butterflynetwork.com/-/shared/c81zqyKWQr6eecVP7NfZHQ?region=US,0,0,0,0,0,0,0,0,0,0,0,,2,,,,,,,,,,,,,,,,,,,,,,,,,,,,,,,,,,,,,,,,,,,,,,,,,,0,,,0,0,0,0,0,0,0,0,0,0,0,0,0,0,0,0,0,,,,,,,,,,,,,,,,,,,,0,,,,,0,,,,,,,,,,,0,,,,,,,,,,,,,,,,,,,,,,,,,,,,,0,,,0,0,0,0,0,0,0,0,0,0,0,0,0,0,0,0,0,0,0,0,0,0,,,,,,,,,,,,,,,,,,,,,,,0,0,0,0,0,0,0,0,0,0,0,0,,,0,0,0,0,0,0,0,0,0,0,,,,,0,,0,0,0,0,0,0,0,0,0,0,0,0,0,0,0,0,0,0,0,0,0,0,0,0,0,0,0,0,0,0,0,0,0,0,0,0,0,0,0,0,0,0,0,0,0,0,0,0,0,0,0,0,0,0,0,0,0,0,0,0,0,0,0,0,0,0,0,0,0,0,0,0,0,0,0,0,0,0,0,0,0,0,0,0,0,0,0,0,0,0,0,0,0,0,0,0,0,0,,,0
27-261,hds,"2023-10-05 10:34",1,1,0,0,1,1,,2,16,2,,30,1,,,,,,0,0,0,0,0,0,1,0,0,0,0,0,0,0,0,0,0,0,0,,,,,,,,30,,,,,,,,2,,,,1,0,0,0,0,0,0,0,0,0,0,0,0,0,,,,,,,,2,,,,2019,,0,,0,,3,5,,,1,0,0,0,0,0,0,0,0,0,0,0,0,0,,0,0,0,0,,1,,,,,2,0,0,0,0,0,0,0,0,0,0,0,0,0,0,,,0,1,2,2,2020,12,0,,,0,2,60,160,36.6,71,122,66,20,95,8.7,15,0,0,0,0,23.4375,2,0,0,0,2,1,,0,,0,0,0,0,0,0,0,0,0,0,0,0,0,0,0,0,0,0,0,0,0,0,0,0,0,0,0,0,0,0,0,0,0,0,0,0,0,0,0,0,0,0,0,0,0,0,0,0,0,0,0,0,0,0,0,0,,,0,0,0,0,0,0,0,0,0,0,0,0,0,0,2,1,0,,,,,,,,,,,,,,,,0,,,,,,2,2,,6,0,0,0,0,0,0,0,0,0,0,0,0,0,0,0,0,0,0,0,0,0,0,0,1,0,0,1,0,0,0,0,1,0,0,0,0,0,0,0,0,,,,5,,,,,3,,,0,0,1,0,0,0,0,0,0,0,0,2,1,,AIAC5791NOF,,,,1,1,1,0,1,0,0,0,0,0,0,0,0,0,0,0,,1,,"AIAC5790NOF/ AIAB8533NOF",,1,1,0,0,0,0,0,0,0,0,,0,,,,,1,,AIAB8532NOF,,0,,,,0,,,0,,,0,2,1,1707987184385.jpg,6730/23,0,,0,0,0,0,0,0,0,0,0,0,0,0,0,0,0,0,0,0,,,2,,,,,,,,,,,,,,,,,,,,,,,,,,,,0,"6730.23 PA",2023-10-05,,,2,,,,0,https://cloud.butterflynetwork.com/-/shared/fxkUeqmRSsedfnUPrYJJdQ?region=US,0,0,0,0,0,0,0,0,0,0,0,,2,,,,,,,,,,,,,,,,,,,,,,,,,,,,,,,,,,,,,,,,,,,,,,,,,,0,,,0,0,0,0,0,0,0,0,0,0,0,0,0,0,0,0,0,,,,,,,,,,,,,,,,,,,,0,,,,,0,,,,,,,,,,,0,,,,,,,,,,,,,,,,,,,,,,,,,,,,,0,,,0,0,0,0,0,0,0,0,0,0,0,0,0,0,0,0,0,0,0,0,0,0,,,,,,,,,,,,,,,,,,,,,,,0,0,0,0,0,0,0,0,0,0,0,0,,,0,0,0,0,0,0,0,0,0,0,,,,,0,,0,0,0,0,0,0,0,0,0,0,0,0,0,0,0,0,0,0,0,0,0,0,0,0,0,0,0,0,0,0,0,0,0,0,0,0,0,0,0,0,0,0,0,0,0,0,0,0,0,0,0,0,0,0,0,0,0,0,0,0,0,0,0,0,0,0,0,0,0,0,0,0,0,0,0,0,0,0,0,0,0,0,0,0,0,0,0,0,0,0,0,0,0,0,0,0,0,0,,,0
27-262,hds,"2023-10-08 11:31",1,1,0,0,1,1,,2,16,2,,14,0,,,,,,0,0,0,1,0,0,1,1,0,0,0,0,0,0,0,0,0,0,0,,,,,,14,,14,5,,,,,,,2,,,,1,0,0,0,0,0,0,0,0,0,0,0,0,0,,,,,,,,1,,,,,,,,,,,,,,1,0,0,0,0,0,0,0,0,0,0,0,0,0,,0,1,0,0,,1,,,,,2,0,0,0,0,0,0,0,0,0,0,0,0,0,0,,,0,1,2,2,2021,10,0,,,0,0,120,168,36.6,80,126,57,20,96,6.0,15,0,0,0,0,42.517006802721,2,0,0,0,2,1,,0,,0,0,0,0,0,0,0,0,0,0,0,0,0,0,0,0,0,0,0,0,0,0,0,0,0,0,0,0,0,0,0,0,0,0,0,0,0,0,0,0,0,0,0,0,0,0,0,0,0,0,0,0,0,0,0,0,,,0,0,0,0,0,0,0,0,0,0,0,0,0,0,2,1,0,,,,,,,,,,,,,,,,0,,,,,,2,2,,3,0,0,0,0,0,0,0,0,0,0,0,0,0,0,0,0,0,0,0,0,0,0,0,1,0,0,1,0,0,0,0,1,0,0,0,0,0,0,0,0,,,,5,,,,,3,,,0,0,1,0,0,0,0,0,0,0,0,2,1,,AHRE0008NOF,,AIAC4047NOF,,1,1,1,0,1,0,1,0,1,0,0,0,0,0,0,0,,1,,AHRE0052NOF,,1,0,0,0,0,0,0,0,0,0,,0,,,,,1,,NICD,,0,,,,0,,,0,,,0,2,1,1698141619558.jpg,6861/23,0,,0,0,0,0,0,0,0,0,0,0,0,0,0,0,0,0,0,0,,,2,,,,,,,,,,,,,,,,,,,,,,,,,,,,0,"6861.23 PA",2024-10-10,,,2,,,,0,https://cloud.butterflynetwork.com/-/shared/UbuF_5c5Ts-E14O574XDVw?region=US,0,0,0,0,0,0,0,0,0,0,0,,2,,,,,,,,,,,,,,,,,,,,,,,,,,,,,,,,,,,,,,,,,,,,,,,,,,0,,,0,0,0,0,0,0,0,0,0,0,0,0,0,0,0,0,0,,,,,,,,,,,,,,,,,,,,0,,,,,0,,,,,,,,,,,0,,,,,,,,,,,,,,,,,,,,,,,,,,,,,0,,,0,0,0,0,0,0,0,0,0,0,0,0,0,0,0,0,0,0,0,0,0,0,,,,,,,,,,,,,,,,,,,,,,,0,0,0,0,0,0,0,0,0,0,0,0,,,0,0,0,0,0,0,0,0,0,0,,,,,0,,0,0,0,0,0,0,0,0,0,0,0,0,0,0,0,0,0,0,0,0,0,0,0,0,0,0,0,0,0,0,0,0,0,0,0,0,0,0,0,0,0,0,0,0,0,0,0,0,0,0,0,0,0,0,0,0,0,0,0,0,0,0,0,0,0,0,0,0,0,0,0,0,0,0,0,0,0,0,0,0,0,0,0,0,0,0,0,0,0,0,0,0,0,0,0,0,0,0,,,0
27-263,hds,"2023-10-09 10:10",1,1,0,0,1,1,0,2,16,,,,,,,,,,0,1,0,0,0,0,0,0,0,0,0,0,0,0,0,0,0,0,0,,14,1,,,,,,,,,,,,,2,,,,1,0,0,0,0,0,0,0,0,0,0,0,0,0,,,,,,,,1,,,,,,,,,,,,,,3,0,0,0,0,0,0,0,0,0,0,0,0,0,,0,0,0,0,,1,304,2023-10-18,,,2,0,0,0,0,0,0,0,0,0,0,0,0,0,0,,,0,0,,,,,0,,,0,0,61,175,36,86,109,76,20,95,5.1,15,0,0,0,0,19.918367346939,2,0,0,1,2,0,"Patient refused ",0,,0,0,0,0,0,0,0,0,0,0,0,0,0,0,0,0,0,0,0,0,0,0,0,0,0,0,0,0,0,0,0,0,0,0,0,0,0,0,0,0,0,0,0,0,0,0,0,0,0,0,0,0,0,0,0,0,,,0,0,0,0,0,0,0,0,0,0,0,0,0,0,2,2,0,,,,,,,,,,,,,,,,0,,,,,,2,2,,3,0,0,0,0,0,0,0,0,0,0,0,0,0,0,0,0,0,0,0,0,0,0,1,1,0,0,0,0,1,0,0,1,0,0,0,0,0,0,0,0,,,,,,5,,,3,,,0,0,1,0,0,0,0,0,0,0,0,2,1,,AHWJ5916NOF,,,,1,1,1,0,0,0,0,0,0,0,0,0,0,0,0,0,,0,,,,0,0,0,0,0,0,0,0,0,0,,0,,,,,0,,,,0,,,,0,,,0,,,0,2,1,1698153924978.jpg,7132/23,0,,0,0,0,0,0,0,0,0,0,0,0,0,0,0,0,0,0,0,,,2,,,,,,,,,,,,,,,,,,,,,,,,,,,,0,"7132.23 PA",2023-10-19,,,2,,,,0,,1,0,0,0,0,0,0,0,0,0,0,,0,,,,,,,,,,,,,,,,,,,,,,,,,,,,,,,,,,,,,,,,,,,,,,,,,,0,,,0,0,0,0,0,0,0,0,0,0,0,0,0,0,0,0,0,,,,,,,,,,,,,,,,,,,,0,,,,,0,,,,,,,,,,,0,,,,,,,,,,,,,,,,,,,,,,,,,,,,,0,,,0,0,0,0,0,0,0,0,0,0,0,0,0,0,0,0,0,0,0,0,0,0,,,,,,,,,,,,,,,,,,,,,,,0,0,0,0,0,0,0,0,0,0,0,0,,,0,0,0,0,0,0,0,0,0,0,,,,,0,,0,0,0,0,0,0,0,0,0,0,0,0,0,0,0,0,0,0,0,0,0,0,0,0,0,0,0,0,0,0,0,0,0,0,0,0,0,0,0,0,0,0,0,0,0,0,0,0,0,0,0,0,0,0,0,0,0,0,0,0,0,0,0,0,0,0,0,0,0,0,0,0,0,0,0,0,0,0,0,0,0,0,0,0,0,0,0,0,0,0,0,0,0,0,0,0,0,0,,,0
27-264,hds,"2023-10-16 12:32",1,1,0,0,1,1,0,2,16,2,,14,1,,,,,,0,0,1,0,0,0,0,0,0,0,0,0,0,0,0,0,0,0,0,,,,,2,,,,,,,,,,,2,,,,1,0,0,0,0,0,0,0,0,0,0,0,0,0,,,,,,,,1,,,,,,,,,,,,,,1,0,0,0,0,0,0,0,0,0,0,0,0,0,,0,1,0,0,,0,,,,,,0,0,0,0,0,0,0,0,0,0,0,0,0,0,,,0,0,,,,,0,,,1,2,106,168,36.2,102,175,84,20,95,5.2,15,0,0,0,0,37.556689342404,3,1,0,0,2,0,Network,0,,0,0,0,0,0,0,0,0,0,0,0,0,0,0,0,0,0,0,0,0,0,0,0,0,0,0,0,0,0,0,0,0,0,0,0,0,0,0,0,0,0,0,0,0,0,0,0,0,0,0,0,0,0,0,0,0,,,0,0,0,0,0,0,0,0,0,0,0,0,0,0,2,2,0,,,,,,,,,,,,,,,,1,2,1,,,,2,2,,7,0,0,0,0,0,0,0,0,0,0,0,0,0,0,0,0,0,0,0,0,0,0,0,1,0,0,0,0,1,0,0,0,0,0,0,0,0,0,0,0,,,,,,5,,,,,,0,0,1,0,0,0,0,0,0,0,0,2,1,,AIAC5367NOF,,,,1,1,1,0,0,0,0,0,0,0,0,0,0,0,0,0,,1,,AHRE0071NOF,,1,0,0,0,0,0,0,0,0,0,,0,,,,,1,,NICD,,1,,AHWJ5858NOF,,0,,,0,,,2,2,1,1698153283482.jpg,7015/23,0,,0,0,0,0,0,0,0,0,0,0,0,0,0,0,0,0,0,0,,,2,,,,,,,,,,,,,,,,,,,,,,,,,,,,0,"7015.23 AP",2023-10-16,,,2,,,,0,https://cloud.butterflynetwork.com/-/shared/3VnaiqUOSECT8S1ussHz_Q?region=US,0,0,0,0,0,0,0,0,0,0,0,,2,,,,,,,,,,,,,,,,,,,,,,,,,,,,,,,,,,,,,,,,,,,,,,,,,,0,,,0,0,0,0,0,0,0,0,0,0,0,0,0,0,0,0,0,,,,,,,,,,,,,,,,,,,,0,,,,,0,,,,,,,,,,,0,,,,,,,,,,,,,,,,,,,,,,,,,,,,,0,,,0,0,0,0,0,0,0,0,0,0,0,0,0,0,0,0,0,0,0,0,0,0,,,,,,,,,,,,,,,,,,,,,,,0,0,0,0,0,0,0,0,0,0,0,0,,,0,0,0,0,0,0,0,0,0,0,,,,,0,,0,0,0,0,0,0,0,0,0,0,0,0,0,0,0,0,0,0,0,0,0,0,0,0,0,0,0,0,0,0,0,0,0,0,0,0,0,0,0,0,0,0,0,0,0,0,0,0,0,0,0,0,0,0,0,0,0,0,0,0,0,0,0,0,0,0,0,0,0,0,0,0,0,0,0,0,0,0,0,0,0,0,0,0,0,0,0,0,0,0,0,0,0,0,0,0,0,0,,,0
27-265,hds,"2023-10-17 15:19",1,1,0,0,1,1,0,2,16,2,,14,1,,,,,,0,0,0,1,0,0,0,0,0,0,0,0,0,0,0,0,0,0,0,,,,,,14,,,,,,,,,,,,,,1,0,0,0,0,0,0,0,0,0,0,0,0,0,,,,,,,,1,,,,,,,,,,,,,,2,0,0,0,0,0,0,0,0,0,0,0,0,0,,0,1,0,0,,1,,,,,2,0,0,0,0,0,0,0,0,0,0,0,0,0,0,,,0,0,,,,,0,,,0,0,61,164,36.1,64,126,64,18,98,4.9,15,0,0,0,0,22.67995240928,2,0,0,0,2,0,,0,,0,0,0,0,0,0,0,0,0,0,0,0,0,0,0,0,0,0,0,0,0,0,0,0,0,0,0,0,0,0,0,0,0,0,0,0,0,0,0,0,0,0,0,0,0,0,0,0,0,0,0,0,0,0,0,0,,,0,0,0,0,0,0,0,0,0,0,0,0,0,0,2,1,0,,,,,,,,,,,,,,,,1,1,,1,,1,2,0,,3,0,0,0,0,0,0,0,0,0,0,0,0,0,0,0,0,0,0,0,0,0,0,0,1,0,0,0,0,1,0,0,0,1,0,0,0,0,0,0,0,,,,,,55,,,,,,0,0,1,0,0,0,0,0,0,0,0,2,0,,,,,,0,0,0,0,0,0,0,0,0,0,0,0,0,0,0,0,,1,,AHWj5916NOf,,1,0,0,0,0,0,0,0,0,0,,0,,,,,0,,,,0,,,,0,,,0,,,0,2,1,1698153731049.jpg,7070/23,0,,0,0,0,0,0,0,0,0,0,0,0,0,0,0,0,0,0,0,,,2,,,,,,,,,,,,,,,,,,,,,,,,,,,,0,"7070.23 PA",2023-10-17,,,2,,,,0,https://cloud.butterflynetwork.com/-/shared/UhA-OtYUQDm3CD39m_ERLw?region=US,0,0,0,0,0,0,0,0,0,0,0,,2,,,,,,,,,,,,,,,,,,,,,,,,,,,,,,,,,,,,,,,,,,,,,,,,,,0,,,0,0,0,0,0,0,0,0,0,0,0,0,0,0,0,0,0,,,,,,,,,,,,,,,,,,,,0,,,,,0,,,,,,,,,,,0,,,,,,,,,,,,,,,,,,,,,,,,,,,,,0,,,0,0,0,0,0,0,0,0,0,0,0,0,0,0,0,0,0,0,0,0,0,0,,,,,,,,,,,,,,,,,,,,,,,0,0,0,0,0,0,0,0,0,0,0,0,,,0,0,0,0,0,0,0,0,0,0,,,,,0,,0,0,0,0,0,0,0,0,0,0,0,0,0,0,0,0,0,0,0,0,0,0,0,0,0,0,0,0,0,0,0,0,0,0,0,0,0,0,0,0,0,0,0,0,0,0,0,0,0,0,0,0,0,0,0,0,0,0,0,0,0,0,0,0,0,0,0,0,0,0,0,0,0,0,0,0,0,0,0,0,0,0,0,0,0,0,0,0,0,0,0,0,0,0,0,0,0,0,,,0
27-266,hds,"2023-10-18 12:50",1,1,0,0,1,1,0,2,16,3,,,,5,,,,,1,0,0,1,0,0,0,0,0,0,0,0,0,0,0,0,0,0,0,7,,,,,7,,,,,,,,,,2,,,,1,0,0,0,0,0,0,0,0,0,0,0,0,0,,,,,,,,1,,,,,,,,,,,,,,1,0,0,0,0,0,0,0,0,0,0,0,0,0,,0,0,0,0,,0,,,,,,0,0,0,0,0,0,0,0,0,0,0,0,0,0,,,0,0,,,,,0,,,0,0,65,161,36.1,110,116,74,18,95,9.1,15,0,0,0,0,25.076193048108,2,0,0,1,2,1,,0,,0,0,0,0,0,0,0,0,0,0,0,0,0,0,0,0,0,0,0,0,0,0,0,0,0,0,0,0,0,0,0,0,0,0,0,0,0,0,0,0,0,0,0,0,0,0,0,0,0,0,0,0,0,0,0,0,,,0,0,0,0,0,0,0,0,0,0,0,0,0,0,2,2,0,,,,,,,,,,,,,,,,0,,,,,,2,2,,3,0,0,0,0,0,0,0,0,0,0,0,0,0,0,0,0,0,0,0,0,0,0,0,1,0,0,1,0,1,0,0,1,0,0,0,0,0,0,0,0,,,,5,,5,,,3,,,0,0,1,0,0,0,0,0,0,0,0,2,1,,AIAB8546NOF,,,,1,1,1,0,0,0,0,0,0,0,0,0,0,0,0,0,,1,,AIAC4982NOF,,1,1,0,0,0,0,0,0,0,0,,0,,,,,1,,NICD,,0,,,,0,,,0,,,0,2,1,1699618465042.jpg,7116/23,0,,0,0,0,0,0,0,0,0,0,0,0,0,0,0,0,0,0,0,,,2,,,,,,,,,,,,,,,,,,,,,,,,,,,,0,"7116.23 PA",2023-10-19,,,2,,,,0,https://cloud.butterflynetwork.com/-/shared/h6x0mK26THWaOADPn1Q-4Q?region=US,0,0,0,0,0,0,0,0,0,0,0,,2,,,,,,,,,,,,,,,,,,,,,,,,,,,,,,,,,,,,,,,,,,,,,,,,,,0,,,0,0,0,0,0,0,0,0,0,0,0,0,0,0,0,0,0,,,,,,,,,,,,,,,,,,,,0,,,,,0,,,,,,,,,,,0,,,,,,,,,,,,,,,,,,,,,,,,,,,,,0,,,0,0,0,0,0,0,0,0,0,0,0,0,0,0,0,0,0,0,0,0,0,0,,,,,,,,,,,,,,,,,,,,,,,0,0,0,0,0,0,0,0,0,0,0,0,,,0,0,0,0,0,0,0,0,0,0,,,,,0,,0,0,0,0,0,0,0,0,0,0,0,0,0,0,0,0,0,0,0,0,0,0,0,0,0,0,0,0,0,0,0,0,0,0,0,0,0,0,0,0,0,0,0,0,0,0,0,0,0,0,0,0,0,0,0,0,0,0,0,0,0,0,0,0,0,0,0,0,0,0,0,0,0,0,0,0,0,0,0,0,0,0,0,0,0,0,0,0,0,0,0,0,0,0,0,0,0,0,,,0
27-267,hds,"2023-10-19 09:31",1,1,0,0,1,1,,2,16,2,,21,0,,,,,,0,0,1,0,0,0,0,1,1,0,0,0,0,0,0,0,0,0,0,,,,,1,,,,14,21,,,,,,2,,,,1,0,0,0,0,0,0,0,0,0,0,0,0,0,,,,,,,,1,,,,,,,,,,,,,,3,0,0,0,0,0,0,0,0,0,0,0,0,0,,0,0,0,0,,0,,,,,,0,0,0,0,0,0,0,0,0,0,0,0,0,0,,,0,1,1,,2021,11,0,,,0,0,50,179,37.1,140,100,64,20,94,6.3,15,0,0,1,1,15.605006085952,2,0,0,0,2,1,,0,,0,0,0,0,0,0,0,0,0,0,0,0,0,0,0,0,0,0,0,0,0,0,0,0,0,0,0,0,0,0,0,0,0,0,0,0,0,0,0,0,0,0,0,0,0,0,0,0,0,0,0,0,0,0,0,0,,,0,0,0,0,0,0,0,0,0,0,0,0,0,0,2,1,0,,,,,,,,,,,,,,,,0,,,,,,2,2,,6,0,0,1,0,0,0,0,0,0,0,0,0,0,0,0,0,0,0,0,0,0,0,0,1,0,0,1,0,0,1,0,0,0,0,0,0,0,0,0,0,,,,5,,,5,,,,,0,0,1,0,0,0,0,0,0,0,0,2,1,,AHWJ4444NOF,,,,1,1,1,0,0,0,0,0,0,0,0,0,0,0,0,0,,1,,AHWJ5927NOF,,1,0,0,0,0,0,0,0,0,0,,,,,,,1,,AHWJ4679NOF,,0,,,,0,,,0,,,2,2,1,1698153211215.jpg,7189/23,0,,0,0,0,0,0,0,0,0,0,0,0,0,0,0,0,0,0,0,,,2,,,,,,,,,,,,,,,,,,,,,,,,,,,,0,"7189.23 PA",2023-10-20,,,2,,,,0,https://cloud.butterflynetwork.com/-/shared/Hul__AdUT8KQlEz9zyj9uA?region=US,0,0,0,0,0,0,0,0,0,0,0,,2,,,,,,,,,,,,,,,,,,,,,,,,,,,,,,,,,,,,,,,,,,,,,,,,,,0,,,0,0,0,0,0,0,0,0,0,0,0,0,0,0,0,0,0,,,,,,,,,,,,,,,,,,,,0,,,,,0,,,,,,,,,,,0,,,,,,,,,,,,,,,,,,,,,,,,,,,,,0,,,0,0,0,0,0,0,0,0,0,0,0,0,0,0,0,0,0,0,0,0,0,0,,,,,,,,,,,,,,,,,,,,,,,0,0,0,0,0,0,0,0,0,0,0,0,,,0,0,0,0,0,0,0,0,0,0,,,,,0,,0,0,0,0,0,0,0,0,0,0,0,0,0,0,0,0,0,0,0,0,0,0,0,0,0,0,0,0,0,0,0,0,0,0,0,0,0,0,0,0,0,0,0,0,0,0,0,0,0,0,0,0,0,0,0,0,0,0,0,0,0,0,0,0,0,0,0,0,0,0,0,0,0,0,0,0,0,0,0,0,0,0,0,0,0,0,0,0,0,0,0,0,0,0,0,0,0,0,,,0
27-268,hds,"2023-10-21 13:42",1,1,0,0,1,1,,2,16,2,,21,1,,,,,,0,0,1,1,0,1,1,0,1,0,0,0,0,0,0,0,0,0,0,,,,60,2,21,,21,,21,,,,,,2,,,,1,0,0,0,0,0,0,0,0,0,0,0,0,0,,,,,,,,1,,,,,,,,,,,,,,1,0,0,0,0,0,0,0,0,0,0,0,0,0,,0,0,0,0,,1,,,,,2,0,0,0,0,0,0,0,0,0,0,0,0,0,0,,,0,1,2,2,2021,10,0,,,0,2,55,176,38,125,90,57,18,90,6.7,15,0,0,1,1,17.755681818182,2,0,0,0,2,1,,0,,0,0,0,0,0,0,0,0,0,0,0,0,0,0,0,0,0,0,0,0,0,0,0,0,0,0,0,0,0,0,0,0,0,0,0,0,0,0,0,0,0,0,0,0,0,0,0,0,0,0,0,0,0,0,0,0,,,0,0,0,0,0,0,0,0,0,0,0,0,0,0,2,1,0,,,,,,,,,,,,,,,,0,,,,,,2,2,,3,0,0,0,0,0,0,0,0,0,0,0,0,0,0,0,0,0,0,0,0,0,0,1,1,0,0,1,0,0,0,0,0,0,0,0,0,0,0,0,0,,,,5,,,,,,,,0,0,1,0,0,0,0,0,0,0,0,2,1,,AHWJ4571NOF,,,,1,1,1,0,0,0,0,0,0,0,0,0,0,0,0,0,,1,,AHWJ4570NOF,,1,0,0,0,0,0,0,0,0,0,,0,,,,,1,,AIAC4994NOF,,0,,,,0,,,0,,,0,2,0,,,,,0,0,0,0,0,0,0,0,0,0,0,0,0,0,0,0,0,0,,,2,,,,,,,,,,,,,,,,,,,,,,,,,,,,0,,,,,2,,,,0,https://cloud.butterflynetwork.com/-/shared/ZdXr9WLjQrqfnqX-_C83iA?region=US,0,0,0,0,0,0,0,0,0,0,0,,2,,,,,,,,,,,,,,,,,,,,,,,,,,,,,,,,,,,,,,,,,,,,,,,,,,0,,,0,0,0,0,0,0,0,0,0,0,0,0,0,0,0,0,0,,,,,,,,,,,,,,,,,,,,0,,,,,0,,,,,,,,,,,0,,,,,,,,,,,,,,,,,,,,,,,,,,,,,0,,,0,0,0,0,0,0,0,0,0,0,0,0,0,0,0,0,0,0,0,0,0,0,,,,,,,,,,,,,,,,,,,,,,,0,0,0,0,0,0,0,0,0,0,0,0,,,0,0,0,0,0,0,0,0,0,0,,,,,0,,0,0,0,0,0,0,0,0,0,0,0,0,0,0,0,0,0,0,0,0,0,0,0,0,0,0,0,0,0,0,0,0,0,0,0,0,0,0,0,0,0,0,0,0,0,0,0,0,0,0,0,0,0,0,0,0,0,0,0,0,0,0,0,0,0,0,0,0,0,0,0,0,0,0,0,0,0,0,0,0,0,0,0,0,0,0,0,0,0,0,0,0,0,0,0,0,0,0,,,0
27-269,hds,"2023-10-24 14:30",1,1,0,0,1,1,,2,16,2,,14,1,,,,,,1,0,0,0,0,1,0,0,0,0,0,0,0,0,0,0,0,0,0,14,,,60,,,,,,,,,,,,2,,,,1,0,0,0,0,0,0,0,0,0,0,0,0,0,,,,,,,,1,,,,,,,,,,,,,,1,0,0,0,0,0,0,0,0,0,0,0,0,0,,0,0,0,0,,0,,,,,,0,0,0,0,0,0,0,0,0,0,0,0,0,0,,,0,0,,,,,0,,,0,2,53,179,37.1,116,133,62,20,95,5.1,15,0,0,0,0,16.54130645111,2,0,0,0,2,1,,0,,0,0,0,0,0,0,0,0,0,0,0,0,0,0,0,0,0,0,0,0,0,0,0,0,0,0,0,0,0,0,0,0,0,0,0,0,0,0,0,0,0,0,0,0,0,0,0,0,0,0,0,0,0,0,0,0,,,0,0,0,0,0,0,0,0,0,0,0,0,0,0,2,1,0,,,,,,,,,,,,,,,,0,,,,,,2,2,,3,0,0,0,0,0,0,0,0,0,0,0,0,0,0,0,0,0,0,0,0,0,0,0,1,0,0,1,0,0,0,0,1,0,0,0,0,0,0,0,0,,,,5,,,,,3,,,0,0,1,0,0,0,0,0,0,0,0,2,1,,AHWJ5496NOF,,,,1,1,1,0,0,0,0,0,0,0,0,0,0,0,0,0,,1,,AHWJ5497NOF,,1,0,0,0,0,0,0,0,0,0,,0,,,,,1,,AHWJ4699NOF,,0,,,,0,,,0,,,2,2,1,1699618770029.jpg,7281/23,0,,0,0,0,0,0,0,0,0,0,0,0,0,0,0,0,0,0,0,,,2,,,,,,,,,,,,,,,,,,,,,,,,,,,,0,"7281.23 PA",2023-10-24,,,2,,,,0,https://cloud.butterflynetwork.com/-/shared/o3TFWkSZQgCkJ9Q-9_nuyA?region=US,0,0,0,0,0,0,0,0,0,0,0,,2,,,,,,,,,,,,,,,,,,,,,,,,,,,,,,,,,,,,,,,,,,,,,,,,,,0,,,0,0,0,0,0,0,0,0,0,0,0,0,0,0,0,0,0,,,,,,,,,,,,,,,,,,,,0,,,,,0,,,,,,,,,,,0,,,,,,,,,,,,,,,,,,,,,,,,,,,,,0,,,0,0,0,0,0,0,0,0,0,0,0,0,0,0,0,0,0,0,0,0,0,0,,,,,,,,,,,,,,,,,,,,,,,0,0,0,0,0,0,0,0,0,0,0,0,,,0,0,0,0,0,0,0,0,0,0,,,,,0,,0,0,0,0,0,0,0,0,0,0,0,0,0,0,0,0,0,0,0,0,0,0,0,0,0,0,0,0,0,0,0,0,0,0,0,0,0,0,0,0,0,0,0,0,0,0,0,0,0,0,0,0,0,0,0,0,0,0,0,0,0,0,0,0,0,0,0,0,0,0,0,0,0,0,0,0,0,0,0,0,0,0,0,0,0,0,0,0,0,0,0,0,0,0,0,0,0,0,,,0
27-270,hds,"2023-11-01 14:49",1,1,0,0,1,1,0,2,16,2,,5,1,,,,,,0,0,0,0,0,0,0,0,0,0,0,0,0,0,0,0,0,0,0,,,,,,,,,,,,,,,,2,,,,1,0,0,0,0,0,0,0,0,0,0,0,0,0,,,,,,,,2,,,,2022,,0,,0,,3,4,,,1,0,0,0,0,0,0,0,0,0,0,0,0,0,,0,1,0,0,,0,,,,,,0,0,0,0,0,0,0,0,0,0,0,0,0,0,,,0,1,1,2,2021,5,1,,2,0,0,62,152,36,100,117,71,18,78,5.4,15,0,0,0,0,26.835180055402,2,0,0,0,2,1,,0,,0,0,0,0,0,0,0,0,0,0,0,0,0,0,0,0,0,0,0,0,0,0,0,0,0,0,0,0,0,0,0,0,0,0,0,0,0,0,0,0,0,0,0,0,0,0,0,0,0,0,0,0,0,0,0,0,,,0,0,0,0,0,0,0,0,0,0,0,0,0,0,2,2,0,,,,,,,,,,,,,,,,0,,,,,,2,2,,3,0,0,0,0,0,0,0,0,0,0,0,0,0,0,0,0,0,0,0,0,0,0,0,1,0,0,0,0,1,0,0,1,0,0,0,0,0,0,0,0,,,,,,5,,,3,,,0,1,1,0,0,0,0,0,0,0,0,2,1,,AHWJ4942NOF,,,,1,0,1,0,0,0,0,0,0,0,0,0,0,0,0,0,,1,,AHWJ4943NOF,,0,1,0,0,0,0,0,0,0,0,,0,,,,,1,,AHTO0205NOF,,0,,,,0,,,0,,,0,2,1,1699618534396.jpg,7471/23,0,,0,0,0,0,0,0,0,0,0,0,0,0,0,0,0,0,0,0,,,2,,,,,,,,,,,,,,,,,,,,,,,,,,,,0,"7471.23 PA",2023-11-01,,,2,,,,0,https://cloud.butterflynetwork.com/-/shared/Ge9dgGRUR32pKB6ViegKkA?region=US,0,0,0,0,0,0,0,0,0,0,0,,2,,,,,,,,,,,,,,,,,,,,,,,,,,,,,,,,,,,,,,,,,,,,,,,,,,0,,,0,0,0,0,0,0,0,0,0,0,0,0,0,0,0,0,0,,,,,,,,,,,,,,,,,,,,0,,,,,0,,,,,,,,,,,0,,,,,,,,,,,,,,,,,,,,,,,,,,,,,0,,,0,0,0,0,0,0,0,0,0,0,0,0,0,0,0,0,0,0,0,0,0,0,,,,,,,,,,,,,,,,,,,,,,,0,0,0,0,0,0,0,0,0,0,0,0,,,0,0,0,0,0,0,0,0,0,0,,,,,0,,0,0,0,0,0,0,0,0,0,0,0,0,0,0,0,0,0,0,0,0,0,0,0,0,0,0,0,0,0,0,0,0,0,0,0,0,0,0,0,0,0,0,0,0,0,0,0,0,0,0,0,0,0,0,0,0,0,0,0,0,0,0,0,0,0,0,0,0,0,0,0,0,0,0,0,0,0,0,0,0,0,0,0,0,0,0,0,0,0,0,0,0,0,0,0,0,0,0,,,0
27-271,hds,"2023-11-14 14:30",1,1,0,0,1,1,,2,16,2,,21,1,,,,,,1,0,0,0,0,0,1,1,0,0,0,0,0,0,0,0,0,0,0,14,,,,,,,21,2,,,,,,,2,,,,1,0,0,0,0,0,0,0,0,0,0,0,0,0,,,,,,,,1,,,,,,,,,,,,,,1,0,0,0,0,0,0,0,0,0,0,0,0,0,,0,0,0,0,,2,,,,,,0,0,0,0,0,0,0,0,0,0,0,0,0,0,,,0,0,,,,,0,,,0,0,50,160,37.5,116,103,91,28,94,7.9,15,1,0,0,1,19.53125,2,,0,0,2,0,"Patients refused",0,,0,0,0,0,0,0,0,0,0,0,0,0,0,0,0,0,0,0,0,0,0,0,0,0,0,0,0,0,0,0,0,0,0,0,0,0,0,0,0,0,0,0,0,0,0,0,0,0,0,0,0,0,0,0,0,0,,,0,0,0,0,0,0,0,0,0,0,0,0,0,0,2,2,1,"RPS,RPI,LPS and LPI not captured the patient refused",,,,,,,,,,,,,,,0,,,,,,2,2,,6,0,0,1,0,0,0,0,0,0,0,0,0,0,0,0,0,0,0,0,0,0,0,0,1,0,0,1,0,0,0,0,1,1,0,0,0,0,0,0,0,,,,5,,,,,3,5,,0,0,1,0,0,0,0,0,0,0,0,2,1,,AHZN1402NOF,,,,0,1,1,0,1,0,1,0,0,0,0,0,0,0,0,0,,1,,AESC6621NOF,,1,0,0,0,0,0,0,0,0,0,,0,,,,,1,,AHTO1376NOF,,0,,,,0,,,0,,,0,2,1,1699965943148.jpg,7800/23,0,,0,0,0,0,0,0,0,0,0,0,0,0,0,0,0,0,0,0,,,2,,,,,,,,,,,,,,,,,,,,,,,,,,,,0,"7800.23 PA",2023-11-13,,,2,,,,0,https://cloud.butterflynetwork.com/-/shared/XBY0S4kJRp2XTY5GN3bYzQ?region=US,0,0,0,0,0,0,0,0,0,0,0,,2,,,,,,,,,,,,,,,,,,,,,,,,,,,,,,,,,,,,,,,,,,,,,,,,,,0,,,0,0,0,0,0,0,0,0,0,0,0,0,0,0,0,0,0,,,,,,,,,,,,,,,,,,,,0,,,,,0,,,,,,,,,,,0,,,,,,,,,,,,,,,,,,,,,,,,,,,,,0,,,0,0,0,0,0,0,0,0,0,0,0,0,0,0,0,0,0,0,0,0,0,0,,,,,,,,,,,,,,,,,,,,,,,0,0,0,0,0,0,0,0,0,0,0,0,,,0,0,0,0,0,0,0,0,0,0,,,,,0,,0,0,0,0,0,0,0,0,0,0,0,0,0,0,0,0,0,0,0,0,0,0,0,0,0,0,0,0,0,0,0,0,0,0,0,0,0,0,0,0,0,0,0,0,0,0,0,0,0,0,0,0,0,0,0,0,0,0,0,0,0,0,0,0,0,0,0,0,0,0,0,0,0,0,0,0,0,0,0,0,0,0,0,0,0,0,0,0,0,0,0,0,0,0,0,0,0,0,,,0
27-272,hds,"2023-11-15 12:06",1,1,0,0,1,1,0,2,16,3,,,,5,,,,,0,0,0,1,0,0,0,0,0,0,0,0,0,0,0,0,0,0,0,,,,,,6,,,,,,,,,,2,,,,1,0,0,0,0,0,0,0,0,0,0,0,0,0,,,,,,,,1,,,,,,,,,,,,,,3,0,0,0,0,0,0,0,0,0,0,0,0,0,,0,0,0,0,,2,,,,,,0,0,0,0,0,0,0,0,0,0,0,0,0,0,,,0,0,,,,,0,,,0,0,64,153,36,77,172,90,20,94,5.2,15,0,0,0,0,27.339911999658,1,0,0,0,2,1,,0,,0,0,0,0,0,0,0,0,0,0,0,0,0,0,0,0,0,0,0,0,0,0,0,0,0,0,0,0,0,0,0,0,0,0,0,0,0,0,0,0,0,0,0,0,0,0,0,0,0,0,0,0,0,0,0,0,,,0,0,0,0,0,0,0,0,0,0,0,0,0,0,2,2,0,,,,,,,,,,,,,,,,0,,,,,,2,2,,3,0,0,0,0,0,0,0,0,0,0,0,0,0,0,0,0,0,0,0,0,0,0,0,1,0,0,1,0,0,0,0,0,0,0,0,0,0,0,0,0,,,,5,,,,,,,,0,1,1,0,0,0,0,0,0,0,0,2,1,,AHWJ4811NOF,,,,1,1,1,0,0,0,0,0,0,0,0,0,0,0,0,0,,1,,AHTO1381NOF,,1,0,0,0,0,0,0,0,0,0,,0,,,,,1,,Nicd,,0,,,,0,,,0,,,2,2,1,1701953889715.jpg,7859/23,0,,0,0,0,0,0,0,0,0,0,0,0,0,0,0,0,0,0,0,,,2,,,,,,,,,,,,,,,,,,,,,,,,,,,,0,"7859.23 PA",2023-11-15,,,2,,,,0,https://cloud.butterflynetwork.com/-/shared/LWtK6HniT-W9_c_LW6pdSg?region=US,0,0,0,0,0,0,0,0,0,0,0,,2,,,,,,,,,,,,,,,,,,,,,,,,,,,,,,,,,,,,,,,,,,,,,,,,,,0,,,0,0,0,0,0,0,0,0,0,0,0,0,0,0,0,0,0,,,,,,,,,,,,,,,,,,,,0,,,,,0,,,,,,,,,,,0,,,,,,,,,,,,,,,,,,,,,,,,,,,,,0,,,0,0,0,0,0,0,0,0,0,0,0,0,0,0,0,0,0,0,0,0,0,0,,,,,,,,,,,,,,,,,,,,,,,0,0,0,0,0,0,0,0,0,0,0,0,,,0,0,0,0,0,0,0,0,0,0,,,,,0,,0,0,0,0,0,0,0,0,0,0,0,0,0,0,0,0,0,0,0,0,0,0,0,0,0,0,0,0,0,0,0,0,0,0,0,0,0,0,0,0,0,0,0,0,0,0,0,0,0,0,0,0,0,0,0,0,0,0,0,0,0,0,0,0,0,0,0,0,0,0,0,0,0,0,0,0,0,0,0,0,0,0,0,0,0,0,0,0,0,0,0,0,0,0,0,0,0,0,,,0
27-273,hds,"2023-11-19 10:14",1,1,0,0,1,1,0,2,16,2,,5,1,,,,,,0,0,0,1,0,0,0,0,0,0,0,0,0,0,0,0,0,0,0,,,,,,2,,,,,,,,,,2,,,,1,0,0,0,0,0,0,0,0,0,0,0,0,0,,,,,,,,2,,,,2022,,0,,0,,3,4,,,2,0,0,0,0,0,0,0,0,0,0,0,0,0,,0,1,0,0,,1,,,,,2,0,0,0,0,0,0,0,0,0,0,0,0,0,0,,,,0,,,,,0,,,0,0,49,152,36,110,124,84,18,81,8.9,15,0,0,0,0,21.208448753463,2,0,0,0,2,1,,0,,0,0,0,0,0,0,0,0,0,0,0,0,0,0,0,0,0,0,0,0,0,0,0,0,0,0,0,0,0,0,0,0,0,0,0,0,0,0,0,0,0,0,0,0,0,0,0,0,0,0,0,0,0,0,0,0,,,0,0,0,0,0,0,0,0,0,0,0,0,0,0,2,2,1,"The  patient was impatient ",,,,,,,,,,,,,,,0,,,,,,2,2,,6,0,0,0,0,0,0,0,0,0,0,0,0,0,0,0,0,0,0,0,0,0,0,0,1,0,0,1,0,1,0,0,0,0,0,0,0,0,0,0,0,,,,5,,5,,,,,,0,0,1,0,0,0,0,0,0,0,0,2,1,,AHT01290NOF,,,,1,1,1,0,0,0,0,0,0,0,0,0,0,0,0,0,,1,,AHWJ6605NOF,,1,0,0,0,0,0,0,0,0,0,,0,,,,,0,,,,0,,,,0,,,0,,,0,2,1,1701953733766.jpg,7958/23,0,,0,0,0,0,0,0,0,0,0,0,0,0,0,0,0,0,0,0,,,2,,,,,,,,,,,,,,,,,,,,,,,,,,,,0,"7958.23 PA",2023-11-20,,,2,,,,0,https://cloud.butterflynetwork.com/-/shared/dA7tp_RQTBGSd2P1-YsFiQ?region=US,0,0,0,0,0,0,0,0,0,0,0,,2,,,,,,,,,,,,,,,,,,,,,,,,,,,,,,,,,,,,,,,,,,,,,,,,,,0,,,0,0,0,0,0,0,0,0,0,0,0,0,0,0,0,0,0,,,,,,,,,,,,,,,,,,,,0,,,,,0,,,,,,,,,,,0,,,,,,,,,,,,,,,,,,,,,,,,,,,,,0,,,0,0,0,0,0,0,0,0,0,0,0,0,0,0,0,0,0,0,0,0,0,0,,,,,,,,,,,,,,,,,,,,,,,0,0,0,0,0,0,0,0,0,0,0,0,,,0,0,0,0,0,0,0,0,0,0,,,,,0,,0,0,0,0,0,0,0,0,0,0,0,0,0,0,0,0,0,0,0,0,0,0,0,0,0,0,0,0,0,0,0,0,0,0,0,0,0,0,0,0,0,0,0,0,0,0,0,0,0,0,0,0,0,0,0,0,0,0,0,0,0,0,0,0,0,0,0,0,0,0,0,0,0,0,0,0,0,0,0,0,0,0,0,0,0,0,0,0,0,0,0,0,0,0,0,0,0,0,,,0
27-274,hds,"2023-11-27 10:13",1,1,0,0,1,1,0,2,16,3,,,,3,,,,,0,1,0,0,0,0,0,0,0,0,0,0,0,0,0,0,0,0,0,,5,0,,,,,,,,,,,,,2,,,,1,0,0,0,0,0,0,0,0,0,0,0,0,0,,,,,,,,1,,,,,,,,,,,,,,1,0,0,0,0,0,0,0,0,0,0,0,0,0,,0,0,0,0,,0,,,,,,0,0,0,0,0,0,0,0,0,0,0,0,0,0,,,0,1,,1,2022,8,0,,,0,0,57,152,36,122,105,74,20,98,4.9,15,0,0,0,0,24.671052631579,2,0,0,0,2,1,,0,,0,0,0,0,0,0,0,0,0,0,0,0,0,0,0,0,0,0,0,0,0,0,0,0,0,0,0,0,0,0,0,0,0,0,0,0,0,0,0,0,0,0,0,0,0,0,0,0,0,0,0,0,0,0,0,0,,,0,0,0,0,0,0,0,0,0,0,0,0,0,0,2,2,1,"Patient is 19 weeks pregnant ",,,,,,,,,,,,,,,1,1,,2,,2,2,2,,7,0,0,0,0,0,0,0,0,0,0,0,0,0,0,0,0,0,0,0,0,0,0,0,1,0,0,0,0,1,0,0,0,0,0,0,0,0,0,0,0,,,,,,1,,,,,,0,0,1,0,0,0,0,0,0,0,0,2,1,,AHZN1730NOF,,,,1,1,1,0,0,0,0,0,0,0,0,0,0,0,0,0,,1,,ANVQ0537P,,1,0,0,0,0,0,0,0,0,0,,0,,,,,0,,,,1,,AHZN1727NOF,,0,,,0,,,2,2,1,1701953643040.jpg,8121/23,0,,0,0,0,0,0,0,0,0,0,0,0,0,0,0,0,0,0,0,,,2,,,,,,,,,,,,,,,,,,,,,,,,,,,,0,"8121.23 PA",2023-11-24,,,2,,,,0,https://cloud.butterflynetwork.com/-/shared/AW_W9bG7RCW27y9SCFDM_Q?region=US,0,0,0,0,0,0,0,0,0,0,0,,2,,,,,,,,,,,,,,,,,,,,,,,,,,,,,,,,,,,,,,,,,,,,,,,,,,0,,,0,0,0,0,0,0,0,0,0,0,0,0,0,0,0,0,0,,,,,,,,,,,,,,,,,,,,0,,,,,0,,,,,,,,,,,0,,,,,,,,,,,,,,,,,,,,,,,,,,,,,0,,,0,0,0,0,0,0,0,0,0,0,0,0,0,0,0,0,0,0,0,0,0,0,,,,,,,,,,,,,,,,,,,,,,,0,0,0,0,0,0,0,0,0,0,0,0,,,0,0,0,0,0,0,0,0,0,0,,,,,0,,0,0,0,0,0,0,0,0,0,0,0,0,0,0,0,0,0,0,0,0,0,0,0,0,0,0,0,0,0,0,0,0,0,0,0,0,0,0,0,0,0,0,0,0,0,0,0,0,0,0,0,0,0,0,0,0,0,0,0,0,0,0,0,0,0,0,0,0,0,0,0,0,0,0,0,0,0,0,0,0,0,0,0,0,0,0,0,0,0,0,0,0,0,0,0,0,0,0,,,0
27-275,hds,"2023-11-28 14:28",1,1,0,0,1,1,0,2,16,2,,,0,,,,,,0,0,0,0,0,1,1,0,0,0,0,0,0,0,0,0,0,0,0,,,,5,,,,10,,,,,,,,2,,,,1,0,0,0,0,0,0,0,0,0,0,0,0,0,,,,,,,,1,,,,,,,,,,,,,,1,0,0,0,0,0,0,0,0,0,0,0,0,0,,0,0,0,0,,1,,,,,2,0,0,0,0,0,0,0,0,0,0,0,0,0,0,,,0,0,,,,,0,,,0,0,45,162,36,120,117,73,19,97,7.6,15,0,0,0,0,17.146776406036,3,0,0,1,2,1,,0,,0,0,0,0,0,0,0,0,0,0,0,0,0,0,0,0,0,0,0,0,0,0,0,0,0,0,0,0,0,0,0,0,0,0,0,0,0,0,0,0,0,0,0,0,0,0,0,0,0,0,0,0,0,0,0,0,,,0,0,0,0,0,0,0,0,0,0,0,0,0,0,2,2,,,,,,,,,,,,,,,,,0,,,,,,2,2,,6,0,0,0,0,0,0,0,0,0,0,0,0,0,0,0,0,0,0,0,0,0,0,0,1,0,0,0,1,1,0,0,0,0,0,0,0,0,0,0,0,,,,,5,5,,,,,,0,0,1,0,0,0,0,0,0,0,0,2,1,,AHZN0547NOF,,,,1,1,1,0,0,0,0,0,0,0,0,0,0,0,0,0,,0,,,,0,0,0,0,0,0,0,0,0,0,,0,,,,,1,,AHZN1234NOF,,0,,,,0,,,0,,,0,2,1,1701953501829.jpg,8252/23,0,,0,0,0,0,0,0,0,0,0,0,0,0,0,0,0,0,0,0,,,2,,,,,,,,,,,,,,,,,,,,,,,,,,,,0,"8252.23 AP",2023-11-29,,,2,,,,0,https://cloud.butterflynetwork.com/-/shared/66vYapEHQjWzMI9uvuNxFA?region=US,0,0,0,0,0,0,0,0,0,0,0,,2,,,,,,,,,,,,,,,,,,,,,,,,,,,,,,,,,,,,,,,,,,,,,,,,,,0,,,0,0,0,0,0,0,0,0,0,0,0,0,0,0,0,0,0,,,,,,,,,,,,,,,,,,,,0,,,,,0,,,,,,,,,,,0,,,,,,,,,,,,,,,,,,,,,,,,,,,,,0,,,0,0,0,0,0,0,0,0,0,0,0,0,0,0,0,0,0,0,0,0,0,0,,,,,,,,,,,,,,,,,,,,,,,0,0,0,0,0,0,0,0,0,0,0,0,,,0,0,0,0,0,0,0,0,0,0,,,,,0,,0,0,0,0,0,0,0,0,0,0,0,0,0,0,0,0,0,0,0,0,0,0,0,0,0,0,0,0,0,0,0,0,0,0,0,0,0,0,0,0,0,0,0,0,0,0,0,0,0,0,0,0,0,0,0,0,0,0,0,0,0,0,0,0,0,0,0,0,0,0,0,0,0,0,0,0,0,0,0,0,0,0,0,0,0,0,0,0,0,0,0,0,0,0,0,0,0,0,,,0
27-276,hds,"2023-12-10 20:51",1,1,0,0,1,1,,2,16,3,,,0,2,,,,,0,1,0,0,0,0,1,1,1,0,0,0,0,0,0,0,0,0,0,,5,0,,,,,2,5,14,,,,,,2,,,,1,0,0,0,0,0,0,0,0,0,0,0,0,0,,,,,,,,1,,,,,,,,,,,,,,1,0,0,0,0,0,0,0,0,0,0,0,0,0,,0,0,0,0,,1,64,2023-12-04,,,2,0,0,0,0,0,0,0,0,0,0,0,0,0,0,,,0,0,,,,,0,,,0,0,78,158,36.4,80,110,61,18,90,5.0,15,0,0,0,0,31.244992789617,2,0,0,0,2,1,,0,,0,0,0,0,0,0,0,0,0,0,0,0,0,0,0,0,0,0,0,0,0,0,0,0,0,0,0,0,0,0,0,0,0,0,0,0,0,0,0,0,0,0,0,0,0,0,0,0,0,0,0,0,0,0,0,0,,,0,0,0,0,0,0,0,0,0,0,0,0,0,0,2,1,0,,,,,,,,,,,,,,,,0,,,,,,2,2,,6,0,0,0,0,0,0,0,0,0,0,0,0,0,0,0,0,0,0,0,0,0,0,0,1,0,0,1,0,0,0,0,0,1,0,0,0,0,0,0,0,,,,5,,,,,,5,,0,0,1,0,0,0,0,0,0,0,0,2,1,,AHWJ6696NOF,,,,1,0,1,0,0,0,0,0,0,0,0,0,0,0,0,0,,1,,AHZN1772NOF,,1,0,0,0,0,0,0,0,0,0,,0,,,,,1,,AHZN1775NOF,,0,,,,0,,,0,,,0,2,1,1702983264549.jpg,8624/23,0,,0,0,0,0,0,0,0,0,0,0,0,0,0,0,0,0,0,0,,,2,,,,,,,,,,,,,,,,,,,,,,,,,,,,0,"8624.23 PA",2023-12-14,,,2,,,,0,https://cloud.butterflynetwork.com/-/shared/-KdhsaGPTBGUI5Parwvfag?region=US,0,0,0,0,0,0,0,0,0,0,0,,2,,,,,,,,,,,,,,,,,,,,,,,,,,,,,,,,,,,,,,,,,,,,,,,,,,0,,,0,0,0,0,0,0,0,0,0,0,0,0,0,0,0,0,0,,,,,,,,,,,,,,,,,,,,0,,,,,0,,,,,,,,,,,0,,,,,,,,,,,,,,,,,,,,,,,,,,,,,0,,,0,0,0,0,0,0,0,0,0,0,0,0,0,0,0,0,0,0,0,0,0,0,,,,,,,,,,,,,,,,,,,,,,,0,0,0,0,0,0,0,0,0,0,0,0,,,0,0,0,0,0,0,0,0,0,0,,,,,0,,0,0,0,0,0,0,0,0,0,0,0,0,0,0,0,0,0,0,0,0,0,0,0,0,0,0,0,0,0,0,0,0,0,0,0,0,0,0,0,0,0,0,0,0,0,0,0,0,0,0,0,0,0,0,0,0,0,0,0,0,0,0,0,0,0,0,0,0,0,0,0,0,0,0,0,0,0,0,0,0,0,0,0,0,0,0,0,0,0,0,0,0,0,0,0,0,0,0,,,0
27-277,hds,"2023-12-11 04:06",1,1,0,0,1,1,,2,16,3,,,,7,,,,,0,1,0,1,0,1,1,0,0,0,0,0,0,0,0,0,0,0,0,,5,0,30,,5,,14,,,,,,,,2,,,,1,0,0,0,0,0,0,0,0,0,0,0,0,0,,,,,,,,1,,,,,,,,,,,,,,1,0,0,0,0,0,0,0,0,0,0,0,0,0,,0,1,0,0,,0,,,,,,0,0,0,0,0,0,0,0,0,0,0,0,0,0,,,0,1,2,3,2021,11,0,,,0,0,92,162,36.4,113,148,91,26,93,6.0,15,1,0,0,1,35.055631763451,2,0,0,0,2,1,,0,,0,0,0,0,0,0,0,0,0,0,0,0,0,0,0,0,0,0,0,0,0,0,0,0,0,0,0,0,0,0,0,0,0,0,0,0,0,0,0,0,0,0,0,0,0,0,0,0,0,0,0,0,0,0,0,0,,,0,0,0,0,0,0,0,0,0,0,0,0,0,0,2,1,0,,,,,,,,,,,,,,,,1,1,,1,,1,2,2,,6,0,0,0,0,0,0,0,0,0,0,0,0,0,0,0,0,0,0,0,0,0,0,0,1,0,0,1,0,0,0,0,0,0,0,0,0,0,0,0,0,,,,5,,,,,,,,0,1,1,0,0,0,0,0,0,0,0,2,1,,AHZN1971NOF,,,,1,1,1,0,0,0,0,0,0,0,0,0,0,0,0,0,,1,,AHWJ6691NOF,,1,0,0,0,0,0,0,0,0,0,,0,,,,,1,,AHZN1774NOF,,0,,,,0,,,0,,,2,2,1,1702983359465.jpg,8564/23,0,,0,0,0,0,0,0,0,0,0,0,0,0,0,0,0,0,0,0,,,2,,,,,,,,,,,,,,,,,,,,,,,,,,,,0,"8564.23 PA",2023-12-12,,,2,,,,0,https://cloud.butterflynetwork.com/-/shared/zNvjY8pUSpCuXx4rtZ6KWg?region=US,0,0,0,0,0,0,0,0,0,0,0,,2,,,,,,,,,,,,,,,,,,,,,,,,,,,,,,,,,,,,,,,,,,,,,,,,,,0,,,0,0,0,0,0,0,0,0,0,0,0,0,0,0,0,0,0,,,,,,,,,,,,,,,,,,,,0,,,,,0,,,,,,,,,,,0,,,,,,,,,,,,,,,,,,,,,,,,,,,,,0,,,0,0,0,0,0,0,0,0,0,0,0,0,0,0,0,0,0,0,0,0,0,0,,,,,,,,,,,,,,,,,,,,,,,0,0,0,0,0,0,0,0,0,0,0,0,,,0,0,0,0,0,0,0,0,0,0,,,,,0,,0,0,0,0,0,0,0,0,0,0,0,0,0,0,0,0,0,0,0,0,0,0,0,0,0,0,0,0,0,0,0,0,0,0,0,0,0,0,0,0,0,0,0,0,0,0,0,0,0,0,0,0,0,0,0,0,0,0,0,0,0,0,0,0,0,0,0,0,0,0,0,0,0,0,0,0,0,0,0,0,0,0,0,0,0,0,0,0,0,0,0,0,0,0,0,0,0,0,,,0
27-278,hds,"2023-12-19 12:30",1,1,0,0,1,1,,2,16,3,,,,2,,,,,0,1,0,0,0,0,0,0,0,0,0,0,0,0,0,0,0,0,0,,7,0,,,,,,,,,,,,,2,,,,1,0,0,0,0,0,0,0,0,0,0,0,0,0,,,,,,,,1,,,,,,,,,,,,,,1,0,0,0,0,0,0,0,0,0,0,0,0,0,,0,1,0,0,,1,,,,,2,0,0,0,0,0,0,0,0,0,0,0,0,0,0,,,0,0,,,,,0,,,0,0,88,168,36.4,109,182,116,,22,14.6,15,0,0,0,0,31.179138321995,3,0,0,0,2,1,,1,0,0,0,0,0,0,0,0,0,0,0,0,0,0,0,0,0,0,0,0,0,0,0,0,0,0,0,0,0,0,0,0,0,0,0,0,0,0,0,0,0,0,0,0,0,0,0,0,0,0,0,0,0,0,0,0,0,,,0,0,0,0,0,0,0,0,0,0,0,0,0,0,2,1,0,,,,,,,,,,,,,,,,0,,,,,,2,2,,6,0,0,0,0,0,0,0,0,0,0,0,0,0,0,0,0,0,0,0,0,0,0,0,1,0,0,0,1,0,0,0,0,0,0,0,0,0,0,0,0,,,,,5,,,,,,,0,1,1,0,0,0,0,0,0,0,0,2,1,,AHZN0940NOF,,,,1,1,1,0,1,1,0,0,0,0,0,0,0,0,0,0,,1,,AHZN0942NOF,,1,0,0,0,0,0,0,0,0,0,,0,,,,,1,,AHZN0941NOF,,0,,,,0,,,0,,,0,2,1,1702983617365.jpg,8689/23,0,,0,0,0,0,0,0,0,0,0,0,0,0,0,0,0,0,0,0,,,2,,,,,,,,,,,,,,,,,,,,,,,,,,,,0,"8689.23 PA",2023-12-18,,,2,,,,0,https://cloud.butterflynetwork.com/-/shared/Im_qDM4mQqCQmeK4ELbbOw?region=US,0,0,0,0,0,0,0,0,0,0,0,,2,,,,,,,,,,,,,,,,,,,,,,,,,,,,,,,,,,,,,,,,,,,,,,,,,,0,,,0,0,0,0,0,0,0,0,0,0,0,0,0,0,0,0,0,,,,,,,,,,,,,,,,,,,,0,,,,,0,,,,,,,,,,,0,,,,,,,,,,,,,,,,,,,,,,,,,,,,,0,,,0,0,0,0,0,0,0,0,0,0,0,0,0,0,0,0,0,0,0,0,0,0,,,,,,,,,,,,,,,,,,,,,,,0,0,0,0,0,0,0,0,0,0,0,0,,,0,0,0,0,0,0,0,0,0,0,,,,,0,,0,0,0,0,0,0,0,0,0,0,0,0,0,0,0,0,0,0,0,0,0,0,0,0,0,0,0,0,0,0,0,0,0,0,0,0,0,0,0,0,0,0,0,0,0,0,0,0,0,0,0,0,0,0,0,0,0,0,0,0,0,0,0,0,0,0,0,0,0,0,0,0,0,0,0,0,0,0,0,0,0,0,0,0,0,0,0,0,0,0,0,0,0,0,0,0,0,0,,,0
27-279,hds,"2023-12-21 13:12",1,1,0,0,1,1,,2,16,3,,,,5,,,,,0,1,0,0,0,0,0,1,1,0,0,0,0,0,0,0,0,0,0,,14,0,,,,,,14,30,,,,,,2,,,,1,0,0,0,0,0,0,0,0,0,0,0,0,0,,,,,,,,1,,,,,,,,,,,,,,1,0,0,0,0,0,0,0,0,0,0,0,0,0,,0,0,0,0,,1,144,2023-08-23,5600,2023-08-23,2,0,0,0,0,0,0,0,0,0,0,0,0,0,0,,,0,1,1,2,2022,9,0,,,0,2,40,155,36.6,82,155,108,24,90,5.8,14,1,1,0,2,16.649323621228,3,0,0,1,2,1,,0,,0,0,0,0,0,0,0,0,0,0,0,0,0,0,0,0,0,0,0,0,0,0,0,0,0,0,0,0,0,0,0,0,0,0,0,0,0,0,0,0,0,0,0,0,0,0,0,0,0,0,0,0,0,0,0,0,,,0,0,0,0,0,0,0,0,0,0,0,0,0,0,2,2,0,,,,,,,,,,,,,,,,0,,,,,,2,2,,6,0,0,1,0,0,0,0,0,0,0,0,0,0,0,0,0,0,0,0,0,0,0,0,1,0,0,1,0,0,0,0,0,1,0,0,0,0,0,0,0,,,,5,,,,,,5,,1,0,1,0,0,0,0,0,0,0,0,2,1,,ADNI6771HOF,,,,1,0,0,0,0,0,0,0,0,1,0,0,0,0,0,0,ESR,1,,ADNI6770HOF,,1,0,0,0,0,0,0,0,0,0,,0,,,,,1,AHRE0753NOF,,,0,,,,0,,,0,,,0,2,1,1703237411993.jpg,8791/24,0,,0,0,0,0,0,0,0,0,0,0,0,0,0,0,0,0,0,0,,,2,,,,,,,,,,,,,,,,,,,,,,,,,,,,0,"8791.23 PA",2023-12-21,,,2,,,,0,https://cloud.butterflynetwork.com/-/shared/nF3iobmYSYm-AKtZqVdbjQ?region=US,0,0,0,0,0,0,0,0,0,0,0,,2,,,,,,,,,,,,,,,,,,,,,,,,,,,,,,,,,,,,,,,,,,,,,,,,,,0,,,0,0,0,0,0,0,0,0,0,0,0,0,0,0,0,0,0,,,,,,,,,,,,,,,,,,,,0,,,,,0,,,,,,,,,,,0,,,,,,,,,,,,,,,,,,,,,,,,,,,,,0,,,0,0,0,0,0,0,0,0,0,0,0,0,0,0,0,0,0,0,0,0,0,0,,,,,,,,,,,,,,,,,,,,,,,0,0,0,0,0,0,0,0,0,0,0,0,,,0,0,0,0,0,0,0,0,0,0,,,,,0,,0,0,0,0,0,0,0,0,0,0,0,0,0,0,0,0,0,0,0,0,0,0,0,0,0,0,0,0,0,0,0,0,0,0,0,0,0,0,0,0,0,0,0,0,0,0,0,0,0,0,0,0,0,0,0,0,0,0,0,0,0,0,0,0,0,0,0,0,0,0,0,0,0,0,0,0,0,0,0,0,0,0,0,0,0,0,0,0,0,0,0,0,0,0,0,0,0,0,,,0
27-280,hds,"2024-01-09 14:49",1,1,0,0,1,1,0,2,13,2,,5,1,,,,,,0,0,0,1,0,0,0,0,0,0,0,0,0,0,0,0,0,0,0,,,,,,3,,,,,,,,,,2,,,,1,0,0,0,0,0,0,0,0,0,0,0,0,0,,,,,,,,2,,,,2006,,0,,0,,3,,,,1,0,0,0,0,0,0,0,0,0,0,0,0,0,,0,0,0,0,,0,,,,,,0,0,0,0,0,0,0,0,0,0,0,0,0,0,,,0,0,,,,,0,,,0,0,64,166,36,106,123,58,18,88,8,15,0,0,0,0,23.225431847873,1,0,0,0,2,1,,0,,0,0,0,0,0,0,0,0,0,0,0,0,0,0,0,0,0,0,0,0,0,0,0,0,0,0,0,0,0,0,0,0,0,0,0,0,0,0,0,0,0,0,0,0,0,0,0,0,0,0,0,0,0,0,0,0,,,0,0,0,0,0,0,0,0,0,0,0,0,0,0,2,2,0,,,,,,,,,,,,,,,,0,,,,,,2,2,,,0,0,0,0,0,0,0,0,0,0,0,0,0,0,0,0,0,0,0,0,0,0,0,1,0,0,0,0,1,0,0,1,0,0,0,0,0,0,0,0,,,,,,5,,,3,,,0,0,1,0,0,0,0,0,0,0,0,2,1,,AHRE0243NOF,,,,1,1,1,0,0,0,0,0,0,0,0,0,0,0,0,0,,1,,AHRE0242NOF,,1,0,0,0,0,0,0,0,0,0,,0,,,,,1,,AHWI7204NOF,,0,,,,0,,,0,,,2,2,1,1705321266431.jpg,232/24,0,,0,0,0,0,0,0,0,0,0,0,0,0,0,0,0,0,0,1,5816/23,1705321320040.jpg,2,,,,,,,,,,,,,,,,,,,,,,,,,,,,0,,,,,0,,,,0,https://cloud.butterflynetwork.com/-/shared/nzAEhPZeT4qR-jTR_jOqUA?region=US,0,0,0,0,0,0,0,0,0,0,0,,2,,,,,,,,,,,,,,,,,,,,,,,,,,,,,,,,,,,,,,,,,,,,,,,,,,0,,,0,0,0,0,0,0,0,0,0,0,0,0,0,0,0,0,0,,,,,,,,,,,,,,,,,,,,0,,,,,0,,,,,,,,,,,0,,,,,,,,,,,,,,,,,,,,,,,,,,,,,0,,,0,0,0,0,0,0,0,0,0,0,0,0,0,0,0,0,0,0,0,0,0,0,,,,,,,,,,,,,,,,,,,,,,,0,0,0,0,0,0,0,0,0,0,0,0,,,0,0,0,0,0,0,0,0,0,0,,,,,0,,0,0,0,0,0,0,0,0,0,0,0,0,0,0,0,0,0,0,0,0,0,0,0,0,0,0,0,0,0,0,0,0,0,0,0,0,0,0,0,0,0,0,0,0,0,0,0,0,0,0,0,0,0,0,0,0,0,0,0,0,0,0,0,0,0,0,0,0,0,0,0,0,0,0,0,0,0,0,0,0,0,0,0,0,0,0,0,0,0,0,0,0,0,0,0,0,0,0,,,0
27-281,hds,"2024-01-09 14:53",1,1,0,0,1,1,0,2,13,4,,,,,7,,,,0,1,0,0,0,0,0,0,0,0,0,0,0,0,0,0,0,0,0,,14,1,,,,,,,,,,,,,2,,,,1,0,0,0,0,0,0,0,0,0,0,0,0,0,,,,,,,,1,,,,,,,,,,,,,,1,0,0,0,0,0,0,0,0,0,0,0,0,0,,0,1,0,0,,0,,,,,,0,0,0,0,0,0,0,0,0,0,0,0,0,0,,,0,1,2,2,2021,8,0,,,0,0,51,153,36.2,104,130,71,19,94,6.5,15,0,0,0,0,21.786492374728,2,0,0,0,2,1,,0,,0,0,0,0,0,0,0,0,0,0,0,0,0,0,0,0,0,0,0,0,0,0,0,0,0,0,0,0,0,0,0,0,0,0,0,0,0,0,0,0,0,0,0,0,0,0,0,0,0,0,0,0,0,0,0,0,,,0,0,0,0,0,0,0,0,0,0,0,0,0,0,2,2,1,"Patient was restless ,she couldn't lie on her back ,bit bended over",,,,,,,,,,,,,,,0,,,,,,2,2,,3,0,0,0,0,0,0,0,0,0,0,0,0,0,0,0,0,0,0,0,0,0,0,0,1,0,0,1,0,0,0,0,1,0,0,0,0,0,0,0,0,,,,5,,,,,3,,,0,0,1,0,0,0,0,0,0,0,0,2,1,,AHRE0227NOF,,,,1,1,1,0,0,0,0,0,0,0,0,0,0,0,0,0,,1,,AHWI7059NOF,,1,0,0,0,0,0,0,0,0,0,,0,,,,,1,,AHWI6776NOF,,0,,,,0,,,0,,,2,2,1,1705321447444.jpg,293/24,0,0,0,0,0,0,0,0,0,0,0,0,0,0,0,0,0,0,0,0,,,2,,,,,,,,,,,,,,,,,,,,,,,,,,,,0,"293.24 PA",2024-01-10,,,2,,,,0,,0,1,0,0,0,0,0,0,0,0,0,,0,,,,,,,,,,,,,,,,,,,,,,,,,,,,,,,,,,,,,,,,,,,,,,,,,,0,,,0,0,0,0,0,0,0,0,0,0,0,0,0,0,0,0,0,,,,,,,,,,,,,,,,,,,,0,,,,,0,,,,,,,,,,,0,,,,,,,,,,,,,,,,,,,,,,,,,,,,,0,,,0,0,0,0,0,0,0,0,0,0,0,0,0,0,0,0,0,0,0,0,0,0,,,,,,,,,,,,,,,,,,,,,,,0,0,0,0,0,0,0,0,0,0,0,0,,,0,0,0,0,0,0,0,0,0,0,,,,,0,,0,0,0,0,0,0,0,0,0,0,0,0,0,0,0,0,0,0,0,0,0,0,0,0,0,0,0,0,0,0,0,0,0,0,0,0,0,0,0,0,0,0,0,0,0,0,0,0,0,0,0,0,0,0,0,0,0,0,0,0,0,0,0,0,0,0,0,0,0,0,0,0,0,0,0,0,0,0,0,0,0,0,0,0,0,0,0,0,0,0,0,0,0,0,0,0,0,0,,,0
27-282,hds,"2024-01-22 15:43",1,1,0,0,1,1,,2,16,3,,,,3,,,,,0,1,0,1,0,1,0,1,1,0,0,0,0,0,0,0,0,0,0,,21,1,60,,14,,,7,21,,,,,,2,,,,1,0,0,0,0,0,0,0,0,0,0,0,0,0,,,,,,,,1,,,,,,,,,,,,,,1,0,0,0,0,0,0,0,0,0,0,0,0,0,,0,0,0,0,,1,124,2024-01-23,,,2,0,0,0,0,0,0,0,0,0,0,0,0,0,0,,,0,1,1,1,2021,12,0,,,0,0,45,54,36.9,139,84,52,14,95,5.4,15,0,0,1,1,154.32098765432,3,0,0,1,2,1,,0,,0,0,0,0,0,0,0,0,0,0,0,0,0,0,0,0,0,0,0,0,0,0,0,0,0,0,0,0,0,0,0,0,0,0,0,0,0,0,0,0,0,0,0,0,0,0,0,0,0,0,0,0,0,0,0,0,,,0,0,0,0,0,0,0,0,0,0,0,0,0,0,2,1,0,,,,,,,,,,,,,,,,0,,,,,,2,2,,3,0,0,0,0,0,0,0,0,0,0,0,0,0,0,0,0,0,0,0,0,0,0,1,0,0,0,0,0,0,0,0,0,0,0,0,0,0,0,0,0,,,,,,,,,,,,0,0,1,0,0,0,0,0,0,0,0,2,1,,AIEP2068NOF,,ADNG8778HOF,,1,1,1,1,1,1,0,0,0,0,0,0,0,0,0,0,,1,,AIEP2067NOF,,1,0,0,0,0,0,0,0,0,0,,0,,,,,1,,AHWI7366NOF,,0,,,,0,,,0,,,1,2,1,1706620611375.jpg,650/24,0,,0,0,0,0,0,0,0,0,0,0,0,0,0,0,0,0,0,0,,,2,,,,,,,,,,,,,,,,,,,,,,,,,,,,0,"650.24 PA",2024-01-22,,,2,,,,0,https://cloud.butterflynetwork.com/-/shared/LRwxjgAIRkSGcTGNGDoiAA?region=US,0,0,0,0,0,0,0,0,0,0,0,,2,,,,,,,,,,,,,,,,,,,,,,,,,,,,,,,,,,,,,,,,,,,,,,,,,,0,,,0,0,0,0,0,0,0,0,0,0,0,0,0,0,0,0,0,,,,,,,,,,,,,,,,,,,,0,,,,,0,,,,,,,,,,,0,,,,,,,,,,,,,,,,,,,,,,,,,,,,,0,,,0,0,0,0,0,0,0,0,0,0,0,0,0,0,0,0,0,0,0,0,0,0,,,,,,,,,,,,,,,,,,,,,,,0,0,0,0,0,0,0,0,0,0,0,0,,,0,0,0,0,0,0,0,0,0,0,,,,,0,,0,0,0,0,0,0,0,0,0,0,0,0,0,0,0,0,0,0,0,0,0,0,0,0,0,0,0,0,0,0,0,0,0,0,0,0,0,0,0,0,0,0,0,0,0,0,0,0,0,0,0,0,0,0,0,0,0,0,0,0,0,0,0,0,0,0,0,0,0,0,0,0,0,0,0,0,0,0,0,0,0,0,0,0,0,0,0,0,0,0,0,0,0,0,0,0,0,0,,,0
27-283,hds,"2024-01-29 12:11",1,1,0,0,1,1,,2,16,3,,,,1,,,,,0,1,0,0,0,0,0,1,0,1,0,0,0,0,0,0,0,0,0,,14,0,,,,,,3,,3,,,,,2,,,,1,0,0,0,0,0,0,0,0,0,0,0,0,0,,,,,,,,1,,,,,,,,,,,,,,1,0,0,0,0,0,0,0,0,0,0,0,0,0,,0,1,0,0,,0,,,,,,0,0,0,0,0,0,0,0,0,0,0,0,0,0,,,0,1,1,1,2021,10,0,,,0,0,65,172,36.7,92,116,79,18,95,10.2,15,0,0,0,0,21.97133585722,2,0,0,0,2,1,,0,,0,0,0,0,0,0,0,0,0,0,0,0,0,0,0,0,0,0,0,0,0,0,0,0,0,0,0,0,0,0,0,0,0,0,0,0,0,0,0,0,0,0,0,0,0,0,0,0,0,0,0,0,0,0,0,0,,,0,0,0,0,0,0,0,0,0,0,0,0,0,0,2,1,0,,,,,,,,,,,,,,,,1,2,2,,1,,2,2,,7,0,0,0,0,0,0,0,0,0,0,0,0,0,0,0,0,0,0,0,0,0,0,0,1,0,0,1,0,0,0,0,0,0,0,0,0,0,0,0,0,,,,5,,,,,,,,0,1,1,0,0,0,0,0,0,0,0,2,1,,AHZM8550NOF,,,,1,1,1,1,0,0,1,0,0,0,0,0,0,0,0,0,,1,,AHZM8547NOF,,1,0,0,0,0,0,0,0,0,0,,0,,,,,1,,AHWI6366NOF,,1,,AHZM8549NOF,,0,,,0,,,2,2,1,1706620891788.jpg,848/24,1,0,0,0,0,0,0,1,0,0,0,0,0,0,0,0,0,0,0,0,,,2,,,,,,,,,,,,,,,,,,,,,,,,,,,,0,"848.24 PA",2024-01-29,,,2,,,,0,https://cloud.butterflynetwork.com/-/shared/_ZJNJNwlTMOMdMuHWmzRlw?region=US,0,0,0,0,0,0,0,0,0,0,0,,2,,,,,,,,,,,,,,,,,,,,,,,,,,,,,,,,,,,,,,,,,,,,,,,,,,0,,,0,0,0,0,0,0,0,0,0,0,0,0,0,0,0,0,0,,,,,,,,,,,,,,,,,,,,0,,,,,0,,,,,,,,,,,0,,,,,,,,,,,,,,,,,,,,,,,,,,,,,0,,,0,0,0,0,0,0,0,0,0,0,0,0,0,0,0,0,0,0,0,0,0,0,,,,,,,,,,,,,,,,,,,,,,,0,0,0,0,0,0,0,0,0,0,0,0,,,0,0,0,0,0,0,0,0,0,0,,,,,0,,0,0,0,0,0,0,0,0,0,0,0,0,0,0,0,0,0,0,0,0,0,0,0,0,0,0,0,0,0,0,0,0,0,0,0,0,0,0,0,0,0,0,0,0,0,0,0,0,0,0,0,0,0,0,0,0,0,0,0,0,0,0,0,0,0,0,0,0,0,0,0,0,0,0,0,0,0,0,0,0,0,0,0,0,0,0,0,0,0,0,0,0,0,0,0,0,0,0,,,0
27-284,hds,"2024-01-23 15:45",1,1,0,0,1,1,0,2,3,2,,5,0,,,,,,0,0,0,1,0,1,0,0,0,0,0,0,0,0,0,0,0,0,0,,,,14,,7,,,,,,,,,,2,,,,1,0,0,0,0,0,0,0,0,0,0,0,0,0,,,,,,,,1,,,,,,,,,,,,,,2,0,0,0,0,0,0,0,0,0,0,0,0,0,,0,0,0,0,,0,,,,,,0,0,0,0,0,0,0,0,0,0,0,0,0,0,,,0,0,,,,,0,,,0,0,65,167,36,134,123,84,18,87,13.6,15,0,0,0,0,23.306680053068,3,0,0,1,2,1,,0,,0,0,0,0,0,0,0,0,0,0,0,0,0,0,0,0,0,0,0,0,0,0,0,0,0,0,0,0,0,0,0,0,0,0,0,0,0,0,0,0,0,0,0,0,0,0,0,0,0,0,0,0,0,0,0,0,,,0,0,0,0,0,0,0,0,0,0,0,0,0,0,2,2,1,"Patient was tired of sitting up even with  support ",,,,,,,,,,,,,,,1,2,2,,1,,2,2,,3,0,0,0,0,0,0,0,0,0,0,0,0,0,0,0,0,0,0,0,0,0,0,0,1,0,0,1,0,1,0,0,0,0,0,0,0,0,0,0,0,,,,5,,5,,,,,,1,0,1,0,0,0,0,0,0,0,0,2,1,,AHZM8260NOF,,,,1,1,1,0,0,0,0,0,0,0,0,0,0,0,0,0,,1,,AHZM8259NOF,,1,0,0,0,0,0,0,0,0,0,,0,,,,,1,,,,0,,,,0,,,0,,,2,2,1,1706620863178.jpg,904/24,1,0,0,0,0,0,0,1,0,0,0,0,0,0,0,0,0,0,0,0,,,2,,,,,,,,,,,,,,,,,,,,,,,,,,,,0,,,,,0,,,,0,https://cloud.butterflynetwork.com/-/shared/ApItv154Szif1esmqCX3wg?region=US,0,0,0,0,0,0,0,0,0,0,0,,2,,,,,,,,,,,,,,,,,,,,,,,,,,,,,,,,,,,,,,,,,,,,,,,,,,0,,,0,0,0,0,0,0,0,0,0,0,0,0,0,0,0,0,0,,,,,,,,,,,,,,,,,,,,0,,,,,0,,,,,,,,,,,0,,,,,,,,,,,,,,,,,,,,,,,,,,,,,0,,,0,0,0,0,0,0,0,0,0,0,0,0,0,0,0,0,0,0,0,0,0,0,,,,,,,,,,,,,,,,,,,,,,,0,0,0,0,0,0,0,0,0,0,0,0,,,0,0,0,0,0,0,0,0,0,0,,,,,0,,0,0,0,0,0,0,0,0,0,0,0,0,0,0,0,0,0,0,0,0,0,0,0,0,0,0,0,0,0,0,0,0,0,0,0,0,0,0,0,0,0,0,0,0,0,0,0,0,0,0,0,0,0,0,0,0,0,0,0,0,0,0,0,0,0,0,0,0,0,0,0,0,0,0,0,0,0,0,0,0,0,0,0,0,0,0,0,0,0,0,0,0,0,0,0,0,0,0,,,0
27-285,hds,"2024-01-30 14:31",1,1,0,0,1,1,0,2,6,2,,7,0,,,,,,0,0,0,0,0,0,0,0,0,0,0,0,0,0,0,0,0,0,0,,,,,,,,,,,,,,,,2,,,,1,0,0,0,0,0,0,0,0,0,0,0,0,0,,,,,,,,2,,,,2007,,1,,0,,4,,,5,1,0,0,0,0,0,0,0,0,0,0,0,0,0,,0,0,0,0,,0,,,,,,0,0,0,0,0,0,0,0,0,0,0,0,0,0,,,0,1,1,1,2021,5,,,,0,0,65,182,36,80,93,52,18,98,5.8,15,0,0,1,1,19.623233908948,2,0,0,0,2,0,"Patient refused ",0,,0,0,0,0,0,0,0,0,0,0,0,0,0,0,0,0,0,0,0,0,0,0,0,0,0,0,0,0,0,0,0,0,0,0,0,0,0,0,0,0,0,0,0,0,0,0,0,0,0,0,0,0,0,0,0,0,,,0,0,0,0,0,0,0,0,0,0,0,0,0,0,2,2,0,,,,,,,,,,,,,,,,1,1,,1,,1,2,1,,4,0,0,0,0,0,0,0,0,0,0,0,0,0,0,0,0,0,0,0,0,0,0,1,0,0,0,0,0,0,0,0,0,0,0,0,0,0,0,0,0,,,,,,,,,,,,1,0,1,0,0,0,0,0,0,0,0,2,,,,,,,0,0,0,0,0,0,0,0,0,0,0,0,0,0,0,0,,,,,,0,0,0,0,0,0,0,0,0,0,,,,,,,,,,,,,,,,,,,,,,0,1,1706621024447.jpg,904/24,1,0,0,0,1,0,0,0,0,0,0,0,0,0,0,0,0,0,0,0,,,2,,,,,,,,,,,,,,,,,,,,,,,,,,,,0,,,,,0,,,,0,https://cloud.butterflynetwork.com/-/shared/gMN_FmPXR7m93dDpgYc2cg?region=US,0,0,0,0,0,0,0,0,0,0,0,,2,,,,,,,,,,,,,,,,,,,,,,,,,,,,,,,,,,,,,,,,,,,,,,,,,,0,,,0,0,0,0,0,0,0,0,0,0,0,0,0,0,0,0,0,,,,,,,,,,,,,,,,,,,,0,,,,,0,,,,,,,,,,,0,,,,,,,,,,,,,,,,,,,,,,,,,,,,,0,,,0,0,0,0,0,0,0,0,0,0,0,0,0,0,0,0,0,0,0,0,0,0,,,,,,,,,,,,,,,,,,,,,,,0,0,0,0,0,0,0,0,0,0,0,0,,,0,0,0,0,0,0,0,0,0,0,,,,,0,,0,0,0,0,0,0,0,0,0,0,0,0,0,0,0,0,0,0,0,0,0,0,0,0,0,0,0,0,0,0,0,0,0,0,0,0,0,0,0,0,0,0,0,0,0,0,0,0,0,0,0,0,0,0,0,0,0,0,0,0,0,0,0,0,0,0,0,0,0,0,0,0,0,0,0,0,0,0,0,0,0,0,0,0,0,0,0,0,0,0,0,0,0,0,0,0,0,0,,,0
27-286,hds,"2024-02-01 10:30",1,1,0,0,1,1,,2,16,3,,,,2,,,,,0,1,0,0,0,0,0,0,0,0,0,0,0,0,0,0,0,0,0,,6,0,,,,,,,,,,,,,2,,,,1,0,0,0,0,0,0,0,0,0,0,0,0,0,,,,,,,,1,,,,,,,,,,,,,,1,0,0,0,0,0,0,0,0,0,0,0,0,0,,0,0,0,0,,0,,,,,,0,0,0,0,0,0,0,0,0,0,0,0,0,0,,,0,1,1,1,2021,11,0,,,0,2,60,158,37.9,152,173,132,20,96,7.5,15,0,0,0,0,24.034609838167,2,0,0,0,2,0,"Patient refused said she's tired and she is in pain",0,,0,0,0,0,0,0,0,0,0,0,0,0,0,0,0,0,0,0,0,0,0,0,0,0,0,0,0,0,0,0,0,0,0,0,0,0,0,0,0,0,0,0,0,0,0,0,0,0,0,0,0,0,0,0,0,0,,,0,0,0,0,0,0,0,0,0,0,0,0,0,0,2,1,0,,,,,,,,,,,,,,,,0,,,,,,2,2,,6,0,0,0,0,0,0,0,0,0,0,0,0,0,0,0,0,0,0,0,0,0,0,0,1,0,0,1,0,0,0,0,1,0,0,0,0,0,0,0,0,,,,5,,,,,3,,,1,0,1,0,0,0,0,0,0,0,0,2,1,,AHZM8439NOF,,AHZM9952NOF,,1,1,1,0,0,0,1,0,0,0,0,0,0,0,0,0,,0,,,,0,0,0,0,0,0,0,0,0,0,,0,,,,,1,AHZM8141NOF,,,0,,,,0,,,0,,,2,2,1,1710164052287.jpg,989/24,0,,0,0,0,0,0,0,0,0,0,0,0,0,0,0,0,0,0,0,,,2,,,,,,,,,,,,,,,,,,,,,,,,,,,,0,"989.24 PA",2024-02-01,,,2,,,,0,https://cloud.butterflynetwork.com/-/shared/jEYCXMtbSa-2BQ38H0exfA?region=US,0,0,0,0,0,0,0,0,0,0,0,,2,,,,,,,,,,,,,,,,,,,,,,,,,,,,,,,,,,,,,,,,,,,,,,,,,,0,,,0,0,0,0,0,0,0,0,0,0,0,0,0,0,0,0,0,,,,,,,,,,,,,,,,,,,,0,,,,,0,,,,,,,,,,,0,,,,,,,,,,,,,,,,,,,,,,,,,,,,,0,,,0,0,0,0,0,0,0,0,0,0,0,0,0,0,0,0,0,0,0,0,0,0,,,,,,,,,,,,,,,,,,,,,,,0,0,0,0,0,0,0,0,0,0,0,0,,,0,0,0,0,0,0,0,0,0,0,,,,,0,,0,0,0,0,0,0,0,0,0,0,0,0,0,0,0,0,0,0,0,0,0,0,0,0,0,0,0,0,0,0,0,0,0,0,0,0,0,0,0,0,0,0,0,0,0,0,0,0,0,0,0,0,0,0,0,0,0,0,0,0,0,0,0,0,0,0,0,0,0,0,0,0,0,0,0,0,0,0,0,0,0,0,0,0,0,0,0,0,0,0,0,0,0,0,0,0,0,0,,,0
27-287,hds,"2024-02-05 16:31",1,1,0,0,1,1,,2,16,3,,,,2,,,,,0,1,0,1,0,0,1,0,0,0,0,0,0,0,0,0,0,0,0,,14,0,,,14,,14,,,,,,,,2,,,,1,0,0,0,0,0,0,0,0,0,0,0,0,0,,,,,,,,2,,,,2019,2015,0,,0,,3,5,,,2,0,0,0,0,0,0,0,0,0,0,0,0,0,,0,0,0,0,,1,,,,,2,0,0,0,0,0,0,0,0,0,0,0,0,0,0,,,0,0,,,,,0,,,0,0,51,168,36.5,86,113,68,14,88,5.1,15,0,0,0,0,18.069727891156,2,0,0,0,2,1,,1,0,0,0,0,0,0,0,0,0,0,0,0,0,0,0,0,0,0,0,0,0,0,0,0,0,0,0,0,0,0,0,0,0,0,0,0,0,0,0,0,0,0,0,0,0,0,0,0,0,0,0,0,0,0,0,0,0,,,0,0,0,0,0,0,0,0,0,0,0,0,0,0,2,1,0,,,,,,,,,,,,,,,,0,,,,,,2,2,,3,0,0,0,0,0,1,0,0,0,0,0,0,0,0,0,0,0,0,0,0,0,0,0,1,0,0,1,0,0,0,0,1,0,0,0,0,0,0,0,0,,,,5,,,,,3,,,0,1,1,0,0,0,0,0,0,0,0,2,1,,AIEP2236NOF,,,,1,1,1,0,0,0,1,0,1,0,0,0,0,0,0,0,,1,,AIEP2235NOF,,1,0,0,0,0,0,0,0,0,0,,0,,,,,1,AIEP2416NOF,,,0,,,,0,,,0,,,0,2,1,1709819268076.jpg,1112/24,0,,0,0,0,0,0,0,0,0,0,0,0,0,0,0,0,0,0,0,,,2,,,,,,,,,,,,,,,,,,,,,,,,,,,,0,"1112.24 PA",2024-02-05,,,2,,,,0,https://cloud.butterflynetwork.com/-/shared/8zyBGoIBRgS1gFtSpHX2Gg?region=US,0,0,0,0,0,0,0,0,0,0,0,,2,,,,,,,,,,,,,,,,,,,,,,,,,,,,,,,,,,,,,,,,,,,,,,,,,,0,,,0,0,0,0,0,0,0,0,0,0,0,0,0,0,0,0,0,,,,,,,,,,,,,,,,,,,,0,,,,,0,,,,,,,,,,,0,,,,,,,,,,,,,,,,,,,,,,,,,,,,,0,,,0,0,0,0,0,0,0,0,0,0,0,0,0,0,0,0,0,0,0,0,0,0,,,,,,,,,,,,,,,,,,,,,,,0,0,0,0,0,0,0,0,0,0,0,0,,,0,0,0,0,0,0,0,0,0,0,,,,,0,,0,0,0,0,0,0,0,0,0,0,0,0,0,0,0,0,0,0,0,0,0,0,0,0,0,0,0,0,0,0,0,0,0,0,0,0,0,0,0,0,0,0,0,0,0,0,0,0,0,0,0,0,0,0,0,0,0,0,0,0,0,0,0,0,0,0,0,0,0,0,0,0,0,0,0,0,0,0,0,0,0,0,0,0,0,0,0,0,0,0,0,0,0,0,0,0,0,0,,,0
27-288,hds,"2024-02-06 16:42",1,1,0,0,1,1,,2,16,5,,,,,,6,,,0,1,0,0,0,0,0,0,0,0,0,0,0,0,0,0,0,0,0,,6,1,,,,,,,,,,,,,2,,,,1,0,0,0,0,0,0,0,0,0,0,0,0,0,,,,,,,,1,,,,,,,,,,,,,,3,0,0,0,0,0,0,0,0,0,0,0,0,0,,0,0,0,0,,0,,,,,,0,0,0,0,0,0,0,0,0,0,0,0,0,0,,,0,1,1,1,2021,10,0,,,0,0,58,170,37.1,86,110,69,16,90,5.7,15,0,0,0,0,20.069204152249,2,0,0,0,2,1,,0,,0,0,0,0,0,0,0,0,0,0,0,0,0,0,0,0,0,0,0,0,0,0,0,0,0,0,0,0,0,0,0,0,0,0,0,0,0,0,0,0,0,0,0,0,0,0,0,0,0,0,0,0,0,0,0,0,,,0,0,0,0,0,0,0,0,0,0,0,0,0,0,2,1,0,,,,,,,,,,,,,,,,1,2,1,,1,,2,2,,6,0,0,0,0,0,0,0,0,0,0,0,0,0,0,0,0,0,0,0,0,0,0,0,1,0,0,0,0,1,0,0,1,0,0,0,0,0,0,0,0,,,,,,5,,,3,,,0,1,1,0,0,0,0,0,0,0,0,2,1,,AIEP2435NOF,,,,1,1,1,0,0,0,1,0,0,0,0,0,0,0,0,0,,1,,AHWI7966NOFT,,1,0,0,0,0,0,0,0,0,0,,0,,,,,1,,NICD,,1,,AHWI7967NOF,,0,,,0,,,2,2,1,1710164419636.jpg,1188/24,0,,0,0,0,0,0,0,0,0,0,0,0,0,0,0,0,0,0,0,,,2,,,,,,,,,,,,,,,,,,,,,,,,,,,,0,"1188.24 PA",2024-02-07,,,2,,,,0,https://cloud.butterflynetwork.com/-/shared/oTfrSqzwQVu5UJrZ1opH_g?region=US,0,0,0,0,0,0,0,0,0,0,0,,2,,,,,,,,,,,,,,,,,,,,,,,,,,,,,,,,,,,,,,,,,,,,,,,,,,0,,,0,0,0,0,0,0,0,0,0,0,0,0,0,0,0,0,0,,,,,,,,,,,,,,,,,,,,0,,,,,0,,,,,,,,,,,0,,,,,,,,,,,,,,,,,,,,,,,,,,,,,0,,,0,0,0,0,0,0,0,0,0,0,0,0,0,0,0,0,0,0,0,0,0,0,,,,,,,,,,,,,,,,,,,,,,,0,0,0,0,0,0,0,0,0,0,0,0,,,0,0,0,0,0,0,0,0,0,0,,,,,0,,0,0,0,0,0,0,0,0,0,0,0,0,0,0,0,0,0,0,0,0,0,0,0,0,0,0,0,0,0,0,0,0,0,0,0,0,0,0,0,0,0,0,0,0,0,0,0,0,0,0,0,0,0,0,0,0,0,0,0,0,0,0,0,0,0,0,0,0,0,0,0,0,0,0,0,0,0,0,0,0,0,0,0,0,0,0,0,0,0,0,0,0,0,0,0,0,0,0,,,0
27-289,hds,"2024-01-31 09:47",1,1,0,0,1,1,0,2,7,3,,,,3,,,,,0,0,0,0,0,0,0,1,0,0,0,0,0,0,0,0,0,0,0,,,,,,,,,14,,,,,,,2,,,,1,0,0,0,0,0,0,0,0,0,0,0,0,0,,,,,,,,1,,,,,,0,,0,,,,,,1,0,0,0,0,0,0,0,0,0,0,0,0,0,,0,0,0,0,,1,,,,,2,0,0,0,0,0,0,0,0,0,0,0,0,0,0,,,0,0,,,,,0,,,0,0,73,151,38,101,138,79,16,86,7.3,15,0,0,0,0,32.016139642998,4,0,0,1,2,1,,0,,0,0,0,0,0,0,0,0,0,0,0,0,0,0,0,0,0,0,0,0,0,0,0,0,0,0,0,0,0,0,0,0,0,0,0,0,0,0,0,0,0,0,0,0,0,0,0,0,0,0,0,0,0,0,0,0,,,0,0,0,0,0,0,0,0,0,0,0,0,0,0,2,2,0,,,,,,,,,,,,,,,,1,1,,2,,1,2,2,,3,0,0,0,0,0,0,0,0,0,0,0,0,0,0,0,0,0,0,0,0,0,0,0,1,0,0,1,0,0,0,0,1,0,0,0,0,0,0,0,0,,,,5,,,,,3,,,0,1,1,0,0,0,0,0,0,0,0,2,1,,AHZM8416NOF,,ADIQ6587HOF,,1,1,1,0,1,1,0,0,0,0,0,0,0,0,0,0,,0,,,,0,0,0,0,0,0,0,0,0,0,,0,,,,,1,,,,1,,AHZM8416NOF,,0,,,0,,,0,2,1,1721222219837.jpg,2620/24,0,,0,0,0,0,0,0,0,0,0,0,0,0,0,0,0,0,0,0,,,2,,,,,,,,,,,,,,,,,,,,,,,,,,,,0,,,,,0,,,,0,https://cloud.butterflynetwork.com/-/shared/09AAG20YT8OVlcq4tEgh0w?region=US,0,0,0,0,0,0,0,0,0,0,0,,2,,,,,,,,,,,,,,,,,,,,,,,,,,,,,,,,,,,,,,,,,,,,,,,,,,0,,,0,0,0,0,0,0,0,0,0,0,0,0,0,0,0,0,0,,,,,,,,,,,,,,,,,,,,0,,,,,0,,,,,,,,,,,0,,,,,,,,,,,,,,,,,,,,,,,,,,,,,0,,,0,0,0,0,0,0,0,0,0,0,0,0,0,0,0,0,0,0,0,0,0,0,,,,,,,,,,,,,,,,,,,,,,,0,0,0,0,0,0,0,0,0,0,0,0,,,0,0,0,0,0,0,0,0,0,0,,,,,0,,0,0,0,0,0,0,0,0,0,0,0,0,0,0,0,0,0,0,0,0,0,0,0,0,0,0,0,0,0,0,0,0,0,0,0,0,0,0,0,0,0,0,0,0,0,0,0,0,0,0,0,0,0,0,0,0,0,0,0,0,0,0,0,0,0,0,0,0,0,0,0,0,0,0,0,0,0,0,0,0,0,0,0,0,0,0,0,0,0,0,0,0,0,0,0,0,0,0,,,0
27-290,hds,"2024-02-14 10:33",1,1,0,0,1,1,0,2,11,4,,,,,3,,,,0,1,0,0,0,0,0,0,0,0,0,0,0,0,0,0,0,0,0,,14,1,,,,,,,,,,,,,2,,,,1,0,0,0,0,0,0,0,0,0,0,0,0,0,,,,,,,,2,,,,2019,,0,,0,,3,2,,,2,0,0,0,0,0,0,0,0,0,0,0,0,0,,0,0,0,0,,1,,,,,2,0,0,0,0,0,0,0,0,0,0,0,0,0,0,,,0,0,,,,,0,,,0,0,58,170,36.5,82,69,59,19,99,5.3,15,0,0,1,1,20.069204152249,2,0,0,1,2,1,,0,,0,0,0,0,0,0,0,0,0,0,0,0,0,0,0,0,0,0,0,0,0,0,0,0,0,0,0,0,0,0,0,0,0,0,0,0,0,0,0,0,0,0,0,0,0,0,0,0,0,0,0,0,0,0,0,0,,,0,0,0,0,0,0,0,0,0,0,0,0,0,0,2,2,0,,,,,,,,,,,,,,,,0,,,,,,2,0,,3,0,0,0,0,0,0,0,0,0,0,0,0,0,0,0,0,0,0,0,0,0,0,1,0,0,0,0,0,0,0,0,0,0,0,0,0,0,0,0,0,,,,,,,,,,,,0,0,1,0,0,0,0,0,0,0,0,2,1,,AIEP233NOF,,,,1,1,0,0,1,1,0,0,0,0,0,0,0,0,0,0,,,,,,0,0,0,0,0,0,0,0,0,0,,0,,,,,1,,AHWI7476NOF,,0,,,,0,,,0,,,0,2,1,1710165085690.jpg,1402/24,0,,0,0,0,0,0,0,0,0,0,0,0,0,0,0,0,0,0,0,,,2,,,,,,,,,,,,,,,,,,,,,,,,,,,,0,"1402.24 PA",2024-02-14,,,2,,,,0,https://cloud.butterflynetwork.com/-/shared/Z_iHxOGqQD2XpEYtvto1EQ?region=US,0,0,0,0,0,0,0,0,0,0,0,,2,,,,,,,,,,,,,,,,,,,,,,,,,,,,,,,,,,,,,,,,,,,,,,,,,,0,,,0,0,0,0,0,0,0,0,0,0,0,0,0,0,0,0,0,,,,,,,,,,,,,,,,,,,,0,,,,,0,,,,,,,,,,,0,,,,,,,,,,,,,,,,,,,,,,,,,,,,,0,,,0,0,0,0,0,0,0,0,0,0,0,0,0,0,0,0,0,0,0,0,0,0,,,,,,,,,,,,,,,,,,,,,,,0,0,0,0,0,0,0,0,0,0,0,0,,,0,0,0,0,0,0,0,0,0,0,,,,,0,,0,0,0,0,0,0,0,0,0,0,0,0,0,0,0,0,0,0,0,0,0,0,0,0,0,0,0,0,0,0,0,0,0,0,0,0,0,0,0,0,0,0,0,0,0,0,0,0,0,0,0,0,0,0,0,0,0,0,0,0,0,0,0,0,0,0,0,0,0,0,0,0,0,0,0,0,0,0,0,0,0,0,0,0,0,0,0,0,0,0,0,0,0,0,0,0,0,0,,,0
27-291,hds,"2024-02-19 12:29",1,1,0,0,1,1,,2,16,2,,30,0,,,,,,0,0,0,0,0,0,0,1,0,0,1,0,0,0,0,0,0,0,0,,,,,,,,,3,,,3,,,,2,,,,1,0,0,0,0,0,0,0,0,0,0,0,0,0,,,,,,,,1,,,,,,,,,,,,,,3,0,0,0,0,0,0,0,0,0,0,0,0,0,,0,1,0,0,,0,,,,,,0,0,0,0,0,0,0,0,0,0,0,0,0,0,,,0,1,2,3,2022,6,0,,,0,2,,170,36.8,109,114,77,18,95,11.6,15,0,0,0,0,,2,0,0,0,2,1,,0,,0,0,0,0,0,0,0,0,0,0,0,0,0,0,0,0,0,0,0,0,0,0,0,0,0,0,0,0,0,0,0,0,0,0,0,0,0,0,0,0,0,0,0,0,0,0,0,0,0,0,0,0,0,0,0,0,,,0,0,0,0,0,0,0,0,0,0,0,0,0,0,2,1,0,,,,,,,,,,,,,,,,0,,,,,,2,2,,6,0,0,0,0,0,0,0,0,0,0,0,0,0,0,0,0,0,0,0,0,0,0,0,1,0,0,0,0,1,0,0,0,0,0,0,0,0,0,0,0,,,,,,7,,,,,,0,0,1,0,0,0,0,0,0,0,0,2,1,,AHWJ4716NOF,,,,1,1,1,0,0,0,0,0,0,0,0,0,0,0,0,0,,1,,AHWJ4709NOF,,1,0,0,0,0,0,0,0,0,0,,0,,,,,1,AIEP2546NOF,,,0,,,,0,,,0,,,0,2,1,1710249009261.jpg,1545/24,0,,0,0,0,0,0,0,0,0,0,0,0,0,0,0,0,0,0,0,,,2,,,,,,,,,,,,,,,,,,,,,,,,,,,,0,"1545.24 PA",2024-02-19,,,2,,,,0,https://cloud.butterflynetwork.com/-/shared/WZkMXslISCWo29M5pB41fw?region=US,0,0,0,0,0,0,0,0,0,0,0,,2,,,,,,,,,,,,,,,,,,,,,,,,,,,,,,,,,,,,,,,,,,,,,,,,,,0,,,0,0,0,0,0,0,0,0,0,0,0,0,0,0,0,0,0,,,,,,,,,,,,,,,,,,,,0,,,,,0,,,,,,,,,,,0,,,,,,,,,,,,,,,,,,,,,,,,,,,,,0,,,0,0,0,0,0,0,0,0,0,0,0,0,0,0,0,0,0,0,0,0,0,0,,,,,,,,,,,,,,,,,,,,,,,0,0,0,0,0,0,0,0,0,0,0,0,,,0,0,0,0,0,0,0,0,0,0,,,,,0,,0,0,0,0,0,0,0,0,0,0,0,0,0,0,0,0,0,0,0,0,0,0,0,0,0,0,0,0,0,0,0,0,0,0,0,0,0,0,0,0,0,0,0,0,0,0,0,0,0,0,0,0,0,0,0,0,0,0,0,0,0,0,0,0,0,0,0,0,0,0,0,0,0,0,0,0,0,0,0,0,0,0,0,0,0,0,0,0,0,0,0,0,0,0,0,0,0,0,,,0
27-292,hds,"2024-02-22 09:36",1,1,0,0,1,1,,2,16,2,,14,1,,,,,,0,0,0,1,0,0,0,1,0,0,0,0,0,0,0,0,0,0,0,,,,,,7,,,3,,,,,,,2,,,,1,0,0,0,0,0,0,0,0,0,0,0,0,0,,,,,,,,1,,,,,,,,,,,,,,1,0,0,0,0,0,0,0,0,0,0,0,0,0,,1,1,0,0,,0,,,,,,0,0,0,0,0,0,0,0,0,0,0,0,0,0,,,1,0,,,,,0,,,0,0,55,173,36.4,113,138,83,22,98,28.3,15,1,0,0,1,18.376825152862,3,0,0,0,2,1,,0,,0,0,0,0,0,0,0,0,0,0,0,0,0,0,0,0,0,0,0,0,0,0,0,0,0,0,0,0,0,0,0,0,0,0,0,0,0,0,0,0,0,0,0,0,0,0,0,0,0,0,0,0,0,0,0,0,,,0,0,0,0,0,0,0,0,0,0,0,0,0,0,2,1,0,,,,,,,,,,,,,,,,0,,,,,,2,2,,6,0,0,0,0,0,0,0,0,0,0,0,0,0,0,0,0,0,0,0,0,0,0,0,1,0,0,1,0,0,0,0,1,0,0,0,0,0,0,0,0,,,,5,,,,,3,,,0,0,1,0,0,0,0,0,0,0,0,2,1,,AIEO3021NOF,,,,1,1,1,0,0,0,1,0,0,0,0,0,0,0,0,0,,1,,AHZM8745NOF,,1,1,0,0,0,0,0,0,0,0,,0,,,,,1,AIEP2381NOF,,,0,,,,0,,,0,,,2,2,0,,,,,0,0,0,0,0,0,0,0,0,0,0,0,0,0,0,0,0,0,,,2,,,,,,,,,,,,,,,,,,,,,,,,,,,,0,,,,,2,,,,0,https://cloud.butterflynetwork.com/-/shared/6w9YS-AaQnydJ8PEvKZQEw?region=US,0,0,0,0,0,0,0,0,0,0,0,,2,,,,,,,,,,,,,,,,,,,,,,,,,,,,,,,,,,,,,,,,,,,,,,,,,,0,,,0,0,0,0,0,0,0,0,0,0,0,0,0,0,0,0,0,,,,,,,,,,,,,,,,,,,,0,,,,,0,,,,,,,,,,,0,,,,,,,,,,,,,,,,,,,,,,,,,,,,,0,,,0,0,0,0,0,0,0,0,0,0,0,0,0,0,0,0,0,0,0,0,0,0,,,,,,,,,,,,,,,,,,,,,,,0,0,0,0,0,0,0,0,0,0,0,0,,,0,0,0,0,0,0,0,0,0,0,,,,,0,,0,0,0,0,0,0,0,0,0,0,0,0,0,0,0,0,0,0,0,0,0,0,0,0,0,0,0,0,0,0,0,0,0,0,0,0,0,0,0,0,0,0,0,0,0,0,0,0,0,0,0,0,0,0,0,0,0,0,0,0,0,0,0,0,0,0,0,0,0,0,0,0,0,0,0,0,0,0,0,0,0,0,0,0,0,0,0,0,0,0,0,0,0,0,0,0,0,0,,,0
27-293,hds,"2024-02-22 12:56",1,1,0,0,1,1,,2,16,2,,30,0,,,,,,1,0,1,0,0,0,1,1,0,0,0,0,0,0,0,0,0,0,0,14,,,,2,,,14,14,,,,,,,2,,,,1,0,0,0,0,0,0,0,0,0,0,0,0,0,,,,,,,,2,,,,2008,,0,,0,,3,5,,,3,0,0,0,0,0,0,0,0,0,0,0,0,0,,0,0,0,0,,2,94,2024-02-22,,,,0,0,0,0,0,0,0,0,0,0,0,0,0,0,,,0,0,,,,,0,,,0,0,53,173,37.5,109,93,56,26,94,6.2,15,1,0,1,2,17.708576965485,2,0,0,1,2,1,,0,,0,0,0,0,0,0,0,0,0,0,0,0,0,0,0,0,0,0,0,0,0,0,0,0,0,0,0,0,0,0,0,0,0,0,0,0,0,0,0,0,0,0,0,0,0,0,0,0,0,0,0,0,0,0,0,0,,,0,0,0,0,0,0,0,0,0,0,0,0,0,0,2,1,0,,,,,,,,,,,,,,,,0,,,,,,2,2,,3,0,0,0,0,0,0,0,0,0,0,0,0,0,0,0,0,0,0,0,0,0,0,1,1,0,0,1,0,0,0,0,0,1,0,0,0,0,0,0,0,,,,5,,,,,,5,,0,0,1,0,0,0,0,0,0,0,0,2,1,AIEO3040NOF,,,,,1,1,1,0,1,1,1,0,0,0,0,0,0,0,0,0,,1,AIEO3041NOF,,,1,0,0,0,0,0,0,0,0,0,,0,,,,,1,AHWI7827NOF,,,0,,,,0,,,0,,,0,2,1,1710164735968.jpg,1669/24,0,,0,0,0,0,0,0,0,0,0,0,0,0,0,0,0,0,0,0,,,2,,,,,,,,,,,,,,,,,,,,,,,,,,,,0,"1669.24 PA",2024-02-22,,,2,,,,0,https://cloud.butterflynetwork.com/-/shared/64zMmzv4QWGPxmPdA0GmEg?region=US,0,0,0,0,0,0,0,0,0,0,0,,2,,,,,,,,,,,,,,,,,,,,,,,,,,,,,,,,,,,,,,,,,,,,,,,,,,0,,,0,0,0,0,0,0,0,0,0,0,0,0,0,0,0,0,0,,,,,,,,,,,,,,,,,,,,0,,,,,0,,,,,,,,,,,0,,,,,,,,,,,,,,,,,,,,,,,,,,,,,0,,,0,0,0,0,0,0,0,0,0,0,0,0,0,0,0,0,0,0,0,0,0,0,,,,,,,,,,,,,,,,,,,,,,,0,0,0,0,0,0,0,0,0,0,0,0,,,0,0,0,0,0,0,0,0,0,0,,,,,0,,0,0,0,0,0,0,0,0,0,0,0,0,0,0,0,0,0,0,0,0,0,0,0,0,0,0,0,0,0,0,0,0,0,0,0,0,0,0,0,0,0,0,0,0,0,0,0,0,0,0,0,0,0,0,0,0,0,0,0,0,0,0,0,0,0,0,0,0,0,0,0,0,0,0,0,0,0,0,0,0,0,0,0,0,0,0,0,0,0,0,0,0,0,0,0,0,0,0,,,0
27-294,hds,"2024-03-04 04:00",1,1,0,0,1,1,,2,16,2,,3,0,,,,,,0,0,1,1,0,0,0,0,0,0,1,0,0,0,0,0,0,0,0,,,,,3,3,,,,,,1,,,,2,,,,1,0,0,0,0,0,0,0,0,0,0,0,0,0,,,,,,,,1,,,,,,,,,,,,,,1,0,0,0,0,0,0,0,0,0,0,0,0,0,,0,1,0,0,,0,,,,,,0,0,0,0,0,0,0,0,0,0,0,0,0,0,,,0,0,,,,10,1,2022-01-14,3,0,0,55,167,36.5,123,161,95,22,95,5.6,15,1,0,0,1,19.72103696798,2,0,0,0,2,1,,0,,0,0,0,0,0,0,0,0,0,0,0,0,0,0,0,0,0,0,0,0,0,0,0,0,0,0,0,0,0,0,0,0,0,0,0,0,0,0,0,0,0,0,0,0,0,0,0,0,0,0,0,0,0,0,0,0,,,0,0,0,0,0,0,0,0,0,0,0,0,0,0,2,1,0,,,,,,,,,,,,,,,,0,,,,,,2,2,,6,0,0,0,0,0,0,0,0,0,0,0,0,0,0,0,0,0,0,0,0,0,0,0,1,0,0,1,0,0,0,0,0,0,0,0,0,0,0,0,0,,,,5,,,,,,,,0,1,1,0,0,0,0,0,0,0,0,2,1,,AIFY1290NOF,,,,1,1,1,0,0,0,0,0,0,0,0,0,0,0,0,0,,1,,AHZM9844NOF,,1,0,0,0,0,0,0,0,0,0,,0,,,,,1,,AHZM9845NOF,,0,,,,0,,,0,,,0,2,1,1710164816107.jpg,1992/24,0,,0,0,0,0,0,0,0,0,0,0,0,0,0,0,0,0,0,0,,,2,,,,,,,,,,,,,,,,,,,,,,,,,,,,0,"1992.24 PA",2024-03-04,,,2,,,,0,https://cloud.butterflynetwork.com/-/shared/ZZg-rmiMTrOivwWs0yCjzQ?region=US,0,0,0,0,0,0,0,0,0,0,0,,2,,,,,,,,,,,,,,,,,,,,,,,,,,,,,,,,,,,,,,,,,,,,,,,,,,0,,,0,0,0,0,0,0,0,0,0,0,0,0,0,0,0,0,0,,,,,,,,,,,,,,,,,,,,0,,,,,0,,,,,,,,,,,0,,,,,,,,,,,,,,,,,,,,,,,,,,,,,0,,,0,0,0,0,0,0,0,0,0,0,0,0,0,0,0,0,0,0,0,0,0,0,,,,,,,,,,,,,,,,,,,,,,,0,0,0,0,0,0,0,0,0,0,0,0,,,0,0,0,0,0,0,0,0,0,0,,,,,0,,0,0,0,0,0,0,0,0,0,0,0,0,0,0,0,0,0,0,0,0,0,0,0,0,0,0,0,0,0,0,0,0,0,0,0,0,0,0,0,0,0,0,0,0,0,0,0,0,0,0,0,0,0,0,0,0,0,0,0,0,0,0,0,0,0,0,0,0,0,0,0,0,0,0,0,0,0,0,0,0,0,0,0,0,0,0,0,0,0,0,0,0,0,0,0,0,0,0,,,0
27-295,hds,"2024-02-19 12:43",1,1,0,0,1,1,0,2,11,3,,,,5,,,,,0,0,0,0,0,0,0,1,0,0,0,0,0,0,0,0,0,0,0,,,,,,,,,4,,,,,,,2,,,,1,0,0,0,0,0,0,0,0,0,0,0,0,0,,,,,,,,1,,,,,,,,,,,,,,1,0,0,0,0,0,0,0,0,0,0,0,0,0,,0,0,0,0,,0,,,,,,0,0,0,0,0,0,0,0,0,0,0,0,0,0,,,0,0,,,,,0,,,1,0,70,169,36.2,124,117,64,18,95,8.3,15,0,0,0,0,24.508945765204,2,0,0,0,2,1,,0,,0,0,0,0,0,0,0,0,0,0,0,0,0,0,0,0,0,0,0,0,0,0,0,0,0,0,0,0,0,0,0,0,0,0,0,0,0,0,0,0,0,0,0,0,0,0,0,0,0,0,0,0,0,0,0,0,,,0,0,0,0,0,0,0,0,0,0,0,0,0,0,2,2,0,,,,,,,,,,,,,,,,0,,,,,,2,2,,3,0,0,0,0,0,0,0,0,0,0,0,0,0,0,0,0,0,0,0,0,0,0,0,1,0,0,1,0,1,0,0,0,0,0,0,0,0,0,0,0,,,,5,,5,,,,,,1,0,1,0,0,0,0,0,0,0,0,2,1,,AIEP3737NOF,,,,1,1,1,0,0,0,0,0,0,0,0,0,0,0,0,0,,1,,AHWJ4715NOF,,1,0,0,0,0,0,0,0,0,0,,0,,,,,,,,,0,,,,0,,,0,,,0,0,1,1710164259555.jpg,1579/24,0,,0,0,0,0,0,0,0,0,0,0,0,0,0,0,0,0,0,0,,,2,,,,,,,,,,,,,,,,,,,,,,,,,,,,0,"1579.24 PA",2024-02-20,,,2,,,,0,https://cloud.butterflynetwork.com/-/shared/qkQ_5hcXQ9CtFpymnDrGpw?region=US,0,0,0,0,0,0,0,0,0,0,0,,2,,,,,,,,,,,,,,,,,,,,,,,,,,,,,,,,,,,,,,,,,,,,,,,,,,0,,,0,0,0,0,0,0,0,0,0,0,0,0,0,0,0,0,0,,,,,,,,,,,,,,,,,,,,0,,,,,0,,,,,,,,,,,0,,,,,,,,,,,,,,,,,,,,,,,,,,,,,0,,,0,0,0,0,0,0,0,0,0,0,0,0,0,0,0,0,0,0,0,0,0,0,,,,,,,,,,,,,,,,,,,,,,,0,0,0,0,0,0,0,0,0,0,0,0,,,0,0,0,0,0,0,0,0,0,0,,,,,0,,0,0,0,0,0,0,0,0,0,0,0,0,0,0,0,0,0,0,0,0,0,0,0,0,0,0,0,0,0,0,0,0,0,0,0,0,0,0,0,0,0,0,0,0,0,0,0,0,0,0,0,0,0,0,0,0,0,0,0,0,0,0,0,0,0,0,0,0,0,0,0,0,0,0,0,0,0,0,0,0,0,0,0,0,0,0,0,0,0,0,0,0,0,0,0,0,0,0,,,0
27-296,hds,"2024-03-03 14:40",1,1,0,0,1,1,0,2,13,4,,,,,5,,,,0,0,0,0,0,0,0,0,0,0,0,0,0,0,0,0,0,0,0,,,,,,,,,,,,,,,,2,,,,1,0,0,0,0,0,0,0,0,0,0,0,0,0,,,,,,,,2,,,,2006,,0,,0,,3,5,,,1,0,0,0,0,0,0,0,0,0,0,0,0,0,,0,0,0,0,,2,,,,,,0,0,0,0,0,0,0,0,0,0,0,0,0,0,,,0,1,1,1,2021,8,0,,,0,0,50,167,36.1,121,127,77,26,88,5.6,,1,0,0,1,17.928215425437,1,0,0,0,2,1,,0,,0,0,0,0,0,0,0,0,0,0,0,0,0,0,0,0,0,0,0,0,0,0,0,0,0,0,0,0,0,0,0,0,0,0,0,0,0,0,0,0,0,0,0,0,0,0,0,0,0,0,0,0,0,0,0,0,,,0,0,0,0,0,0,0,0,0,0,0,0,0,0,2,2,0,,,,,,,,,,,,,,,,0,,,,,,2,2,,3,0,0,0,0,0,0,0,0,0,0,0,0,0,0,0,0,0,0,0,0,0,0,1,1,0,1,0,0,0,0,0,1,0,0,0,0,0,0,0,0,,,5,,,,,,3,,,1,0,1,0,0,0,0,0,0,0,0,2,1,,AIFY1278NOF,,,,1,1,1,0,0,0,0,0,0,0,0,0,0,0,0,0,,1,,AHWI7840NOF,,1,0,0,0,0,0,0,0,0,0,,0,,,,,1,,AHZM9843NOF,,0,,,,0,,,0,,,0,2,1,1710164341681.jpg,1974/24,0,,0,0,0,0,0,0,0,0,0,0,0,0,0,0,0,0,0,0,,,2,,,,,,,,,,,,,,,,,,,,,,,,,,,,0,"1974.24 PA",2024-03-04,,,2,,,,0,https://cloud.butterflynetwork.com/-/shared/z3D-EH9wRbuq3L1K5KSMcQ?region=US,0,0,0,0,0,0,0,0,0,0,0,,2,,,,,,,,,,,,,,,,,,,,,,,,,,,,,,,,,,,,,,,,,,,,,,,,,,0,,,0,0,0,0,0,0,0,0,0,0,0,0,0,0,0,0,0,,,,,,,,,,,,,,,,,,,,0,,,,,0,,,,,,,,,,,0,,,,,,,,,,,,,,,,,,,,,,,,,,,,,0,,,0,0,0,0,0,0,0,0,0,0,0,0,0,0,0,0,0,0,0,0,0,0,,,,,,,,,,,,,,,,,,,,,,,0,0,0,0,0,0,0,0,0,0,0,0,,,0,0,0,0,0,0,0,0,0,0,,,,,0,,0,0,0,0,0,0,0,0,0,0,0,0,0,0,0,0,0,0,0,0,0,0,0,0,0,0,0,0,0,0,0,0,0,0,0,0,0,0,0,0,0,0,0,0,0,0,0,0,0,0,0,0,0,0,0,0,0,0,0,0,0,0,0,0,0,0,0,0,0,0,0,0,0,0,0,0,0,0,0,0,0,0,0,0,0,0,0,0,0,0,0,0,0,0,0,0,0,0,,,0
27-297,hds,"2024-03-07 12:08",1,1,0,0,1,1,,2,16,2,,21,0,,,,,,0,0,0,0,0,0,1,0,0,0,0,0,0,0,0,0,0,0,0,,,,,,,,21,,,,,,,,2,,,,1,0,0,0,0,0,0,0,0,0,0,0,0,0,,,,,,,,1,,,,,,,,,,,,,,1,0,0,0,0,0,0,0,0,0,0,0,0,0,,0,0,0,0,,0,,,,,,0,0,0,0,0,0,0,0,0,0,0,0,0,0,,,0,0,,,,,0,,,0,0,46,152,36.0,97,87,51,20,97,5.3,15,0,0,1,1,19.909972299169,1,0,0,0,2,1,,0,,0,0,0,0,0,0,0,0,0,0,0,0,0,0,0,0,0,0,0,0,0,0,0,0,0,0,0,0,0,0,0,0,0,0,0,0,0,0,0,0,0,0,0,0,0,0,0,0,0,0,0,0,0,0,0,0,,,0,0,0,0,0,0,0,0,0,0,0,0,0,0,2,1,0,,,,,,,,,,,,,,,,0,,,,,,2,1,,3,0,0,0,0,0,0,0,0,0,0,0,0,0,0,0,0,0,0,0,0,0,0,1,1,0,0,1,0,0,0,0,1,0,0,0,0,0,0,0,0,,,,7,,,,,3,,,0,0,1,0,0,0,0,0,0,0,0,2,0,,,,,,0,0,0,0,0,0,0,0,0,0,0,0,0,0,0,0,,1,,AIFY1375NOF,,1,1,0,0,0,0,0,0,0,0,,0,,,,,1,,AIFY1397NOF,,0,,,,0,,,0,,,1,2,1,1710164884161.jpg,2153/24,0,,0,0,0,0,0,0,0,0,0,0,0,0,0,0,0,0,0,0,,,2,,,,,,,,,,,,,,,,,,,,,,,,,,,,0,"2153.24 PA",2024-03-07,,,2,,,,0,https://cloud.butterflynetwork.com/-/shared/ClTMWX0WQeyp-AjiH7wo8Q?region=US,0,0,0,0,0,0,0,0,0,0,0,,2,,,,,,,,,,,,,,,,,,,,,,,,,,,,,,,,,,,,,,,,,,,,,,,,,,0,,,0,0,0,0,0,0,0,0,0,0,0,0,0,0,0,0,0,,,,,,,,,,,,,,,,,,,,0,,,,,0,,,,,,,,,,,0,,,,,,,,,,,,,,,,,,,,,,,,,,,,,0,,,0,0,0,0,0,0,0,0,0,0,0,0,0,0,0,0,0,0,0,0,0,0,,,,,,,,,,,,,,,,,,,,,,,0,0,0,0,0,0,0,0,0,0,0,0,,,0,0,0,0,0,0,0,0,0,0,,,,,0,,0,0,0,0,0,0,0,0,0,0,0,0,0,0,0,0,0,0,0,0,0,0,0,0,0,0,0,0,0,0,0,0,0,0,0,0,0,0,0,0,0,0,0,0,0,0,0,0,0,0,0,0,0,0,0,0,0,0,0,0,0,0,0,0,0,0,0,0,0,0,0,0,0,0,0,0,0,0,0,0,0,0,0,0,0,0,0,0,0,0,0,0,0,0,0,0,0,0,,,0
27-298,hds,"2024-03-07 10:18",1,1,0,0,1,1,0,2,,2,,4,1,,,,,,0,0,0,1,0,0,0,0,0,0,0,0,0,0,0,0,0,0,0,,,,,,5,,,,,,,,,,2,,,,1,0,0,0,0,0,0,0,0,0,0,0,0,0,,,,,,,,1,,,,,,,,,,,,,,1,0,0,0,0,0,0,0,0,0,0,0,0,0,,0,1,0,0,,0,,,,,,0,0,0,0,0,0,0,0,0,0,0,0,0,0,,,0,0,,,,,0,,,0,0,45,181,36.8,100,129,61,16,90,6.8,15,0,0,0,0,13.735844449193,2,0,0,0,2,1,,0,,0,0,0,0,0,0,0,0,0,0,0,0,0,0,0,0,0,0,0,0,0,0,0,0,0,0,0,0,0,0,0,0,0,0,0,0,0,0,0,0,0,0,0,0,0,0,0,0,0,0,0,0,0,0,0,0,,,0,0,0,0,0,0,0,0,0,0,0,0,0,0,2,2,0,,,,,,,,,,,,,,,,0,,,,,,2,2,,6,0,0,0,0,0,0,0,0,0,0,0,0,0,0,0,0,0,0,0,0,0,0,0,1,0,0,1,0,0,0,0,0,0,0,0,0,0,0,0,0,,,,5,,,,,,,,0,1,1,0,0,0,0,0,0,0,0,2,1,,AIFY1398NOF,,,,1,1,1,0,0,0,0,0,0,0,0,0,0,0,0,0,,1,,AIEO2130NOF,,1,0,0,0,0,0,0,0,0,0,,0,,,,,1,,Nicd,,0,,,,0,,,0,,,0,2,1,1712905833007.jpg,2179/24,0,,0,0,0,0,0,0,0,0,0,0,0,0,0,0,0,0,0,0,,,2,,,,,,,,,,,,,,,,,,,,,,,,,,,,0,"2179.24 PA",2024-03-08,,,2,,,,0,https://cloud.butterflynetwork.com/-/shared/7k8v8e5IQEW4wfgbLBnQ4Q?region=US,0,0,0,0,0,0,0,0,0,0,0,,2,,,,,,,,,,,,,,,,,,,,,,,,,,,,,,,,,,,,,,,,,,,,,,,,,,0,,,0,0,0,0,0,0,0,0,0,0,0,0,0,0,0,0,0,,,,,,,,,,,,,,,,,,,,0,,,,,0,,,,,,,,,,,0,,,,,,,,,,,,,,,,,,,,,,,,,,,,,0,,,0,0,0,0,0,0,0,0,0,0,0,0,0,0,0,0,0,0,0,0,0,0,,,,,,,,,,,,,,,,,,,,,,,0,0,0,0,0,0,0,0,0,0,0,0,,,0,0,0,0,0,0,0,0,0,0,,,,,0,,0,0,0,0,0,0,0,0,0,0,0,0,0,0,0,0,0,0,0,0,0,0,0,0,0,0,0,0,0,0,0,0,0,0,0,0,0,0,0,0,0,0,0,0,0,0,0,0,0,0,0,0,0,0,0,0,0,0,0,0,0,0,0,0,0,0,0,0,0,0,0,0,0,0,0,0,0,0,0,0,0,0,0,0,0,0,0,0,0,0,0,0,0,0,0,0,0,0,,,0
27-299,hds,"2024-03-14 16:24",1,1,0,0,1,1,,2,16,3,,,,2,,,,,0,1,0,0,0,0,0,0,1,0,1,0,0,0,0,0,0,0,0,,3,1,,,,,,,4,,1,,,,2,,,,1,0,0,0,0,0,0,0,0,0,0,0,0,0,,,,,,,,1,,,,,,,,,,,,,,1,0,0,0,0,0,0,0,0,0,0,0,0,0,,1,0,0,0,,0,,,,,,0,0,0,0,0,0,0,0,0,0,0,0,0,0,,,0,0,,,,,0,,,0,0,62,156,37.5,122,132,68,22,84,7.7,15,1,0,0,1,25.476660092045,2,0,0,0,2,1,,0,,0,0,0,0,0,0,0,0,0,0,0,0,0,0,0,0,0,0,0,0,0,0,0,0,0,0,0,0,0,0,0,0,0,0,0,0,0,0,0,0,0,0,0,0,0,0,0,0,0,0,0,0,0,0,0,0,,,0,0,0,0,0,0,0,0,0,0,0,0,0,0,2,1,0,,,,,,,,,,,,,,,,0,,,,,,2,2,,6,0,0,0,0,0,0,0,0,0,0,0,0,0,0,0,0,0,0,0,0,0,0,0,1,0,0,1,0,0,0,0,0,0,0,0,0,0,0,0,0,,,,5,,,,,,,,0,1,1,0,0,0,0,0,0,0,0,2,1,,AIFY1490NOF,,,,1,1,1,0,0,0,1,0,0,0,0,0,0,0,0,0,,1,,AIFY1751NOF,,1,0,0,0,0,0,0,0,0,0,,0,,,,,1,,NICD,,0,,,,0,,,0,,,2,2,1,1712906052448.jpg,2467/24,0,,0,0,0,0,0,0,0,0,0,0,0,0,0,0,0,0,0,0,,,2,,,,,,,,,,,,,,,,,,,,,,,,,,,,0,"2467.24 PA",2024-03-19,"2467.24 LAT",,2,,,,0,https://cloud.butterflynetwork.com/-/shared/_KK6wwo6Tq6m8wh-SsRO1Q?region=US,0,0,0,0,0,0,0,0,0,0,0,,2,,,,,,,,,,,,,,,,,,,,,,,,,,,,,,,,,,,,,,,,,,,,,,,,,,0,,,0,0,0,0,0,0,0,0,0,0,0,0,0,0,0,0,0,,,,,,,,,,,,,,,,,,,,0,,,,,0,,,,,,,,,,,0,,,,,,,,,,,,,,,,,,,,,,,,,,,,,0,,,0,0,0,0,0,0,0,0,0,0,0,0,0,0,0,0,0,0,0,0,0,0,,,,,,,,,,,,,,,,,,,,,,,0,0,0,0,0,0,0,0,0,0,0,0,,,0,0,0,0,0,0,0,0,0,0,,,,,0,,0,0,0,0,0,0,0,0,0,0,0,0,0,0,0,0,0,0,0,0,0,0,0,0,0,0,0,0,0,0,0,0,0,0,0,0,0,0,0,0,0,0,0,0,0,0,0,0,0,0,0,0,0,0,0,0,0,0,0,0,0,0,0,0,0,0,0,0,0,0,0,0,0,0,0,0,0,0,0,0,0,0,0,0,0,0,0,0,0,0,0,0,0,0,0,0,0,0,,,0
27-300,hds,"2024-03-21 10:16",1,1,0,0,1,1,,2,16,2,,8,1,,,,,,1,0,0,1,0,0,0,0,0,0,1,0,0,0,0,0,0,0,0,2,,,,,8,,,,,,2,,,,2,,,,1,0,0,0,0,0,0,0,0,0,0,0,0,0,,,,,,,,1,,,,,,,,,,,,,,1,0,0,0,0,0,0,0,0,0,0,0,0,0,,0,0,0,0,,0,,,,,,0,0,0,0,0,0,0,0,0,0,0,0,0,0,,,0,1,2,2,2022,,0,,,0,0,88,168,38.5,77,173,111,24,96,6.5,15,1,0,0,1,31.179138321995,2,1,0,0,2,1,,0,,0,0,0,0,0,0,0,0,0,0,0,0,0,0,0,0,0,0,0,0,0,0,0,0,0,0,0,0,0,0,0,0,0,0,0,0,0,0,0,0,0,0,0,0,0,0,0,0,0,0,0,0,0,0,0,0,,,0,0,0,0,0,0,0,0,0,0,0,0,0,0,2,2,0,,,,,,,,,,,,,,,,0,,,,,,2,2,,6,0,0,0,0,0,0,0,0,0,0,0,0,0,0,0,0,0,0,0,0,0,0,0,1,0,0,1,0,0,0,0,0,0,0,0,0,0,0,0,0,,,,5,,,,,,,,0,0,1,0,0,0,0,0,0,0,0,2,1,AIEO3999NOF,,,,,1,1,1,0,0,0,1,0,0,0,0,0,0,0,0,0,,1,AHWI6716NOF,,,1,0,0,0,0,0,0,0,0,0,,0,,,,,1,AHWI6723NOF,,,0,,,,0,,,0,,,2,2,0,,,,,0,0,0,0,0,0,0,0,0,0,0,0,0,0,0,0,0,0,,,2,,,,,,,,,,,,,,,,,,,,,,,,,,,,0,,,,,2,,,,0,https://cloud.butterflynetwork.com/-/shared/IKc9z9VhQJaQIQs4pzE3RQ?region=US,0,0,0,0,0,0,0,0,0,0,0,,2,,,,,,,,,,,,,,,,,,,,,,,,,,,,,,,,,,,,,,,,,,,,,,,,,,0,,,0,0,0,0,0,0,0,0,0,0,0,0,0,0,0,0,0,,,,,,,,,,,,,,,,,,,,0,,,,,0,,,,,,,,,,,0,,,,,,,,,,,,,,,,,,,,,,,,,,,,,0,,,0,0,0,0,0,0,0,0,0,0,0,0,0,0,0,0,0,0,0,0,0,0,,,,,,,,,,,,,,,,,,,,,,,0,0,0,0,0,0,0,0,0,0,0,0,,,0,0,0,0,0,0,0,0,0,0,,,,,0,,0,0,0,0,0,0,0,0,0,0,0,0,0,0,0,0,0,0,0,0,0,0,0,0,0,0,0,0,0,0,0,0,0,0,0,0,0,0,0,0,0,0,0,0,0,0,0,0,0,0,0,0,0,0,0,0,0,0,0,0,0,0,0,0,0,0,0,0,0,0,0,0,0,0,0,0,0,0,0,0,0,0,0,0,0,0,0,0,0,0,0,0,0,0,0,0,0,0,,,0
27-301,hds,"2024-03-21 12:01",1,1,0,0,1,1,,2,16,3,,,,4,,,,,0,1,0,0,0,1,0,0,0,0,0,0,0,0,0,0,0,0,0,,30,1,90,,,,,,,,,,,,2,,,,1,0,0,0,0,0,0,0,0,0,0,0,0,0,,,,,,,,2,,,,2013,,0,,0,,3,5,,,2,0,0,0,0,0,0,0,0,0,0,0,0,0,,0,0,0,0,,0,,,,,,0,0,0,0,0,0,0,0,0,0,0,0,0,0,,,0,0,,,,,0,,,0,0,52,176,37.2,114,119,72,20,78,5.6,15,0,0,0,0,16.787190082645,2,1,0,1,2,1,,0,,0,0,0,0,0,0,0,0,0,0,0,0,0,0,0,0,0,0,0,0,0,0,0,0,0,0,0,0,0,0,0,0,0,0,0,0,0,0,0,0,0,0,0,0,0,0,0,0,0,0,0,0,0,0,0,0,,,0,0,0,0,0,0,0,0,0,0,0,0,0,0,2,1,0,,,,,,,,,,,,,,,,1,3,1,1,1,1,2,2,,7,0,0,0,0,0,0,0,0,0,0,0,0,0,0,0,0,0,0,0,0,0,0,0,1,0,0,1,0,0,0,0,1,0,0,0,0,0,0,0,0,,,,5,,,,,3,,,1,1,1,0,0,0,0,0,0,0,0,2,1,AIFY1726NOF,,AIFY0649NOF,,,1,1,1,0,0,0,1,0,0,0,0,0,0,0,0,0,,1,AIFY0650NOF,,,1,0,0,0,0,0,0,0,0,0,,0,,,,,1,AIFY1862NOF,,,0,,,,0,,,0,,,0,2,1,1712906984591.jpg,2556/24,0,,0,0,0,0,0,0,0,0,0,0,0,0,0,0,0,0,0,0,,,2,,,,,,,,,,,,,,,,,,,,,,,,,,,,0,"2556.24 PA",2024-03-22,,,2,,,,0,,0,1,0,0,0,0,0,0,0,0,0,,0,,,,,,,,,,,,,,,,,,,,,,,,,,,,,,,,,,,,,,,,,,,,,,,,,,0,,,0,0,0,0,0,0,0,0,0,0,0,0,0,0,0,0,0,,,,,,,,,,,,,,,,,,,,0,,,,,0,,,,,,,,,,,0,,,,,,,,,,,,,,,,,,,,,,,,,,,,,0,,,0,0,0,0,0,0,0,0,0,0,0,0,0,0,0,0,0,0,0,0,0,0,,,,,,,,,,,,,,,,,,,,,,,0,0,0,0,0,0,0,0,0,0,0,0,,,0,0,0,0,0,0,0,0,0,0,,,,,0,,0,0,0,0,0,0,0,0,0,0,0,0,0,0,0,0,0,0,0,0,0,0,0,0,0,0,0,0,0,0,0,0,0,0,0,0,0,0,0,0,0,0,0,0,0,0,0,0,0,0,0,0,0,0,0,0,0,0,0,0,0,0,0,0,0,0,0,0,0,0,0,0,0,0,0,0,0,0,0,0,0,0,0,0,0,0,0,0,0,0,0,0,0,0,0,0,0,0,,,0
27-302,hds,"2024-03-18 13:50",1,1,0,0,1,1,0,2,6,2,,5,1,,,,,,0,0,1,0,0,1,0,0,0,0,0,0,0,0,0,0,0,0,0,,,,14,3,,,,,,,,,,,2,,,,1,0,0,0,0,0,0,0,0,0,0,0,0,0,,,,,,,,1,,,,,,,,,,,,,,1,0,0,0,0,0,0,0,0,0,0,0,0,0,,0,0,0,0,,2,,,,,,0,0,0,0,0,0,0,0,0,0,0,0,0,0,,,0,0,,,,,0,,,0,0,45,152,36,130,105,55,14,99,9.5,15,0,0,0,0,19.477146814404,3,0,0,1,2,1,,0,,0,0,0,0,0,0,0,0,0,0,0,0,0,0,0,0,0,0,0,0,0,0,0,0,0,0,0,0,0,0,0,0,0,0,0,0,0,0,0,0,0,0,0,0,0,0,0,0,0,0,0,0,0,0,0,0,,,0,0,0,0,0,0,0,0,0,0,0,0,0,0,2,2,0,,,,,,,,,,,,,,,,0,,,,,,2,2,,3,0,0,0,0,0,0,0,0,0,0,0,0,0,0,0,0,0,0,0,0,0,0,0,1,0,0,1,1,0,0,0,0,0,0,0,0,0,0,0,0,,,,5,5,,,,,,,0,,1,0,0,0,0,0,0,0,0,2,1,,AIFY1706NOF,,,,1,1,1,0,0,0,0,0,0,0,0,0,0,0,0,0,,1,,AIFY1801NOF,,1,0,0,0,0,0,0,0,0,0,,0,,,,,1,,NICD,,0,,,,0,,,0,,,1,2,1,1712906412849.jpg,2443/24,0,,0,0,0,0,0,0,0,0,0,0,0,0,0,0,0,0,0,0,,,2,,,,,,,,,,,,,,,,,,,,,,,,,,,,0,"2443.24 PA",2025-03-18,,,2,,,,0,https://cloud.butterflynetwork.com/-/shared/Vn6PqO-tQuK5eHqw5993XQ?region=US,0,0,0,0,0,0,0,0,0,0,0,,2,,,,,,,,,,,,,,,,,,,,,,,,,,,,,,,,,,,,,,,,,,,,,,,,,,0,,,0,0,0,0,0,0,0,0,0,0,0,0,0,0,0,0,0,,,,,,,,,,,,,,,,,,,,0,,,,,0,,,,,,,,,,,0,,,,,,,,,,,,,,,,,,,,,,,,,,,,,0,,,0,0,0,0,0,0,0,0,0,0,0,0,0,0,0,0,0,0,0,0,0,0,,,,,,,,,,,,,,,,,,,,,,,0,0,0,0,0,0,0,0,0,0,0,0,,,0,0,0,0,0,0,0,0,0,0,,,,,0,,0,0,0,0,0,0,0,0,0,0,0,0,0,0,0,0,0,0,0,0,0,0,0,0,0,0,0,0,0,0,0,0,0,0,0,0,0,0,0,0,0,0,0,0,0,0,0,0,0,0,0,0,0,0,0,0,0,0,0,0,0,0,0,0,0,0,0,0,0,0,0,0,0,0,0,0,0,0,0,0,0,0,0,0,0,0,0,0,0,0,0,0,0,0,0,0,0,0,,,0
27-303,hds,"2024-03-25 15:12",1,1,0,0,1,1,0,2,3,3,,,,14,,,,,0,1,0,0,0,0,0,0,0,0,0,0,0,0,0,0,0,0,0,,6,1,,,,,,,,,,,,,2,,,,1,0,0,0,0,0,0,0,0,0,0,0,0,0,,,,,,,,2,,,,2006,2014,0,,0,,3,5,,,3,0,0,0,0,0,0,0,0,0,0,0,0,0,,0,0,0,0,,0,,,,,,0,0,0,0,0,0,0,0,0,0,0,0,0,0,,,0,0,,,,,0,,,0,0,51,154,36,135,85,62,18,97,6.1,15,0,0,1,1,21.504469556418,2,0,0,0,2,0,"Network problem",0,,0,0,0,0,0,0,0,0,0,0,0,0,0,0,0,0,0,0,0,0,0,0,0,0,0,0,0,0,0,0,0,0,0,0,0,0,0,0,0,0,0,0,0,0,0,0,0,0,0,0,0,0,0,0,0,0,,,0,0,0,0,0,0,0,0,0,0,0,0,0,0,2,2,0,,,,,,,,,,,,,,,,0,,,,,,2,2,,3,0,0,0,0,0,0,0,0,0,0,0,0,0,0,0,0,0,0,0,0,0,0,0,1,0,0,0,1,0,0,0,1,0,0,0,0,0,0,0,0,,,,,5,,,,3,,,0,1,1,0,0,0,0,0,0,0,0,2,1,,,,AIFY1806NOF,,1,1,1,0,0,0,0,0,0,0,0,0,0,0,0,0,,1,,AIFY1803NOF,,1,0,0,0,0,0,0,0,0,0,,0,,,,,1,,NICD,,0,,,,0,,,0,,,0,2,1,1712906821554.jpg,2620/24,0,,0,0,0,0,0,0,0,0,0,0,0,0,0,0,0,0,0,0,,,2,,,,,,,,,,,,,,,,,,,,,,,,,,,,0,"2620.24 PA",2024-03-25,,,2,,,,0,https://cloud.butterflynetwork.com/-/shared/on2ei04pSFCZH11pf47DHA?region=US,0,0,0,0,0,0,0,0,0,0,0,,2,,,,,,,,,,,,,,,,,,,,,,,,,,,,,,,,,,,,,,,,,,,,,,,,,,0,,,0,0,0,0,0,0,0,0,0,0,0,0,0,0,0,0,0,,,,,,,,,,,,,,,,,,,,0,,,,,0,,,,,,,,,,,0,,,,,,,,,,,,,,,,,,,,,,,,,,,,,0,,,0,0,0,0,0,0,0,0,0,0,0,0,0,0,0,0,0,0,0,0,0,0,,,,,,,,,,,,,,,,,,,,,,,0,0,0,0,0,0,0,0,0,0,0,0,,,0,0,0,0,0,0,0,0,0,0,,,,,0,,0,0,0,0,0,0,0,0,0,0,0,0,0,0,0,0,0,0,0,0,0,0,0,0,0,0,0,0,0,0,0,0,0,0,0,0,0,0,0,0,0,0,0,0,0,0,0,0,0,0,0,0,0,0,0,0,0,0,0,0,0,0,0,0,0,0,0,0,0,0,0,0,0,0,0,0,0,0,0,0,0,0,0,0,0,0,0,0,0,0,0,0,0,0,0,0,0,0,,,0
27-304,hds,"2024-03-27 16:14",1,1,0,0,1,1,,2,16,2,,7,1,,,,,,0,0,1,1,0,1,0,1,0,0,1,0,0,0,0,0,0,0,0,,,,30,2,7,,,7,,,6,,,,2,,,,1,0,0,0,0,0,0,0,0,0,0,0,0,0,,,,,,,,1,,,,,,,,,,,,,,1,0,0,0,0,0,0,0,0,0,0,0,0,0,,0,1,0,0,,1,,,,,2,0,0,0,0,0,0,0,0,0,0,0,0,0,0,,,0,,,,,,,,,,0,88,165,36.3,98,86,50,20,96,6.2,15,0,0,1,1,32.323232323232,2,0,0,0,2,0,"Network problem",0,,0,0,0,0,0,0,0,0,0,0,0,0,0,0,0,0,0,0,0,0,0,0,0,0,0,0,0,0,0,0,0,0,0,0,0,0,0,0,0,0,0,0,0,0,0,0,0,0,0,0,0,0,0,0,0,0,,,0,0,0,0,0,0,0,0,0,0,0,0,0,0,2,1,0,,,,,,,,,,,,,,,,0,,,,,,2,2,,6,0,0,0,0,0,0,0,0,0,0,0,0,0,0,0,0,0,0,0,0,0,0,0,1,0,0,1,0,0,0,0,0,0,0,0,0,0,0,0,0,,,,5,,,,,,,,0,0,1,0,0,0,0,0,0,0,0,2,1,,AIEO2595NOF,,,,1,1,1,0,1,1,0,0,0,0,0,0,0,0,0,0,,1,,AIEO2896NOF,,1,0,0,0,0,0,0,0,0,0,,0,,,,,1,AIEO2897NOF,,,0,,,,0,,,0,,,0,2,1,1712907137102.jpg,2694/24,0,,0,0,0,0,0,0,0,0,0,0,0,0,0,0,0,0,0,0,,,2,,,,,,,,,,,,,,,,,,,,,,,,,,,,0,"2694.24 PA",2024-03-28,,,2,,,,0,https://cloud.butterflynetwork.com/-/shared/wz4t3hMHTmWD4vcVpXqwKA?region=US,0,0,0,0,0,0,0,0,0,0,0,,2,,,,,,,,,,,,,,,,,,,,,,,,,,,,,,,,,,,,,,,,,,,,,,,,,,0,,,0,0,0,0,0,0,0,0,0,0,0,0,0,0,0,0,0,,,,,,,,,,,,,,,,,,,,0,,,,,0,,,,,,,,,,,0,,,,,,,,,,,,,,,,,,,,,,,,,,,,,0,,,0,0,0,0,0,0,0,0,0,0,0,0,0,0,0,0,0,0,0,0,0,0,,,,,,,,,,,,,,,,,,,,,,,0,0,0,0,0,0,0,0,0,0,0,0,,,0,0,0,0,0,0,0,0,0,0,,,,,0,,0,0,0,0,0,0,0,0,0,0,0,0,0,0,0,0,0,0,0,0,0,0,0,0,0,0,0,0,0,0,0,0,0,0,0,0,0,0,0,0,0,0,0,0,0,0,0,0,0,0,0,0,0,0,0,0,0,0,0,0,0,0,0,0,0,0,0,0,0,0,0,0,0,0,0,0,0,0,0,0,0,0,0,0,0,0,0,0,0,0,0,0,0,0,0,0,0,0,,,0
27-305,hds,"2024-04-03 13:57",1,1,0,0,1,1,,2,16,2,,5,1,,,,,,1,0,0,1,0,0,1,0,1,0,1,0,0,0,0,0,0,0,0,5,,,,,3,,5,,5,,3,,,,2,,,,1,0,0,0,0,0,0,0,0,0,0,0,0,0,,,,,,,,1,,,,,,,,,,,,,,1,0,0,0,0,0,0,0,0,0,0,0,0,0,,0,0,0,0,,0,,,,,,0,0,0,0,0,0,0,0,0,0,0,0,0,0,,,0,0,,,,,0,,,0,0,60,171,37.9,71,99,56,20,95,5.5,15,0,0,1,1,20.519134092541,2,0,0,0,2,0,Network,0,,0,0,0,0,0,0,0,0,0,0,0,0,0,0,0,0,0,0,0,0,0,0,0,0,0,0,0,0,0,0,0,0,0,0,0,0,0,0,0,0,0,0,0,0,0,0,0,0,0,0,0,0,0,0,0,0,,,0,0,0,0,0,0,0,0,0,0,0,0,0,0,2,1,0,,,,,,,,,,,,,,,,0,,,,,,2,2,,3,0,0,0,0,0,0,0,0,0,0,0,0,0,0,0,0,0,0,0,0,0,0,0,1,0,0,1,0,0,0,0,0,0,0,0,0,0,0,0,0,,,,5,,,,,,,,0,0,1,0,0,0,0,0,0,0,0,2,1,,AIFY1339NOF,,,,1,1,1,0,0,0,1,0,0,0,0,0,0,0,0,0,,1,,AIEO2671NOF,,1,0,0,0,0,0,0,0,0,0,,0,,,,,1,,NICD,,0,,,,0,,,0,,,0,2,0,,,,,0,0,0,0,0,0,0,0,0,0,0,0,0,0,0,0,0,0,,,2,,,,,,,,,,,,,,,,,,,,,,,,,,,,0,,,,,2,,,,0,https://cloud.butterflynetwork.com/-/shared/ciYZFwMsR16X_SLxugST-Q?region=US,0,0,0,0,0,0,0,0,0,0,0,,2,,,,,,,,,,,,,,,,,,,,,,,,,,,,,,,,,,,,,,,,,,,,,,,,,,0,,,0,0,0,0,0,0,0,0,0,0,0,0,0,0,0,0,0,,,,,,,,,,,,,,,,,,,,0,,,,,0,,,,,,,,,,,0,,,,,,,,,,,,,,,,,,,,,,,,,,,,,0,,,0,0,0,0,0,0,0,0,0,0,0,0,0,0,0,0,0,0,0,0,0,0,,,,,,,,,,,,,,,,,,,,,,,0,0,0,0,0,0,0,0,0,0,0,0,,,0,0,0,0,0,0,0,0,0,0,,,,,0,,0,0,0,0,0,0,0,0,0,0,0,0,0,0,0,0,0,0,0,0,0,0,0,0,0,0,0,0,0,0,0,0,0,0,0,0,0,0,0,0,0,0,0,0,0,0,0,0,0,0,0,0,0,0,0,0,0,0,0,0,0,0,0,0,0,0,0,0,0,0,0,0,0,0,0,0,0,0,0,0,0,0,0,0,0,0,0,0,0,0,0,0,0,0,0,0,0,0,,,0
27-306,hds,"2024-04-04 14:20",1,1,0,0,1,1,0,2,11,4,,,,,14,,,,0,0,0,0,0,1,1,1,0,0,0,0,0,0,0,0,0,0,0,,,,13,,,,13,7,,,,,,,2,,,,1,0,0,0,0,0,0,0,0,0,0,0,0,0,,,,,,,,1,,,,,,,,,,,,,,2,0,0,0,0,0,0,0,0,0,0,0,0,0,,0,0,0,0,,2,,,,,,0,0,0,0,0,0,0,0,0,0,0,0,0,0,,,0,0,,,,,0,,,1,0,50,165,37,118,121,63,18,79,6.5,15,0,0,0,0,18.365472910927,3,0,0,1,2,1,,0,,0,0,0,0,0,0,0,0,0,0,0,0,0,0,0,0,0,0,0,0,0,0,0,0,0,0,0,0,0,0,0,0,0,0,0,0,0,0,0,0,0,0,0,0,0,0,0,0,0,0,0,0,0,0,0,0,,,0,0,0,0,0,0,0,0,0,0,0,0,0,0,2,2,0,,,,,,,,,,,,,,,,0,,,,,,2,2,,3,0,0,0,0,0,0,0,0,0,0,0,0,0,0,0,0,0,0,0,0,0,0,1,1,0,0,1,0,0,0,0,0,1,0,0,0,0,0,0,0,,,,5,,,,,,5,,1,1,1,0,0,0,0,0,0,0,0,2,1,,AILL1602NOF,,,,1,1,1,0,0,0,0,0,0,0,0,0,0,0,0,0,,1,,AHZM803NOF,,1,0,0,0,0,0,0,0,0,0,,0,,,,,1,,AHZM8033NOF,,0,,,,0,,,0,,,0,2,1,1712908618630.jpg,2893/24,,,0,0,0,0,0,0,0,0,0,0,0,0,0,0,0,0,0,0,,,2,,,,,,,,,,,,,,,,,,,,,,,,,,,,0,"2893.24 PA",2024-04-08,,,2,,,,0,https://cloud.butterflynetwork.com/-/shared/_OOJTRHKT6KuOWAHl99eMg?region=US,0,0,0,0,0,0,0,0,0,0,0,,2,,,,,,,,,,,,,,,,,,,,,,,,,,,,,,,,,,,,,,,,,,,,,,,,,,0,,,0,0,0,0,0,0,0,0,0,0,0,0,0,0,0,0,0,,,,,,,,,,,,,,,,,,,,0,,,,,0,,,,,,,,,,,0,,,,,,,,,,,,,,,,,,,,,,,,,,,,,0,,,0,0,0,0,0,0,0,0,0,0,0,0,0,0,0,0,0,0,0,0,0,0,,,,,,,,,,,,,,,,,,,,,,,0,0,0,0,0,0,0,0,0,0,0,0,,,0,0,0,0,0,0,0,0,0,0,,,,,0,,0,0,0,0,0,0,0,0,0,0,0,0,0,0,0,0,0,0,0,0,0,0,0,0,0,0,0,0,0,0,0,0,0,0,0,0,0,0,0,0,0,0,0,0,0,0,0,0,0,0,0,0,0,0,0,0,0,0,0,0,0,0,0,0,0,0,0,0,0,0,0,0,0,0,0,0,0,0,0,0,0,0,0,0,0,0,0,0,0,0,0,0,0,0,0,0,0,0,,,0
27-307,hds,"2024-04-01 09:53",1,1,0,0,1,1,0,2,14,3,,,,3,,,,,0,0,0,0,0,0,0,0,0,0,0,0,0,0,0,0,0,0,0,,,,,,,,,,,,,,,,2,,,,1,0,0,0,0,0,0,0,0,0,0,0,0,0,,,,,,,,1,,,,,,,,,,,,,,1,0,0,0,0,0,0,0,0,0,0,0,0,0,,0,0,0,0,,1,,,,,,0,0,0,0,0,0,0,0,0,0,0,0,0,0,,,0,1,1,2,2021,5,0,,,0,0,62,152,38,101,121,58,18,100,5.6,15,0,0,0,0,26.835180055402,2,0,0,0,2,0,"Network problem ",0,,0,0,0,0,0,0,0,0,0,0,0,0,0,0,0,0,0,0,0,0,0,0,0,0,0,0,0,0,0,0,0,0,0,0,0,0,0,0,0,0,0,0,0,0,0,0,0,0,0,0,0,0,0,0,0,0,,,0,0,0,0,0,0,0,0,0,0,0,0,0,0,2,1,0,,,,,,,,,,,,,,,,0,,,,,,2,2,,3,0,0,0,0,0,0,0,0,0,0,0,0,0,0,0,0,0,0,0,0,0,0,0,1,0,0,0,0,0,0,0,1,1,0,0,0,0,0,0,0,,,,,,,,,3,5,,0,1,1,0,0,0,0,0,0,0,0,2,1,,AIEO2348NOF,,,,1,1,1,0,0,0,0,0,0,0,0,0,0,0,0,0,,1,,AIEO2349NOF,,1,0,0,0,0,0,0,0,0,0,,0,,,,,0,,,,0,,,,0,,,0,,,0,2,1,1712907264816.jpg,2758/24,0,,0,0,0,0,0,0,0,0,0,0,0,0,0,0,0,0,0,0,,,2,,,,,,,,,,,,,,,,,,,,,,,,,,,,0,"2758.24 PA",2024-04-02,,,2,,,,0,https://cloud.butterflynetwork.com/-/shared/d6v7m0qdQJGSRWRduEINMw?region=US,0,0,0,0,0,0,0,0,0,0,0,,2,,,,,,,,,,,,,,,,,,,,,,,,,,,,,,,,,,,,,,,,,,,,,,,,,,0,,,0,0,0,0,0,0,0,0,0,0,0,0,0,0,0,0,0,,,,,,,,,,,,,,,,,,,,0,,,,,0,,,,,,,,,,,0,,,,,,,,,,,,,,,,,,,,,,,,,,,,,0,,,0,0,0,0,0,0,0,0,0,0,0,0,0,0,0,0,0,0,0,0,0,0,,,,,,,,,,,,,,,,,,,,,,,0,0,0,0,0,0,0,0,0,0,0,0,,,0,0,0,0,0,0,0,0,0,0,,,,,0,,0,0,0,0,0,0,0,0,0,0,0,0,0,0,0,0,0,0,0,0,0,0,0,0,0,0,0,0,0,0,0,0,0,0,0,0,0,0,0,0,0,0,0,0,0,0,0,0,0,0,0,0,0,0,0,0,0,0,0,0,0,0,0,0,0,0,0,0,0,0,0,0,0,0,0,0,0,0,0,0,0,0,0,0,0,0,0,0,0,0,0,0,0,0,0,0,0,0,,,0
27-308,hds,"2024-04-09 14:52",1,1,0,0,1,1,,2,16,2,,21,0,,,,,,1,0,1,0,0,0,1,0,0,0,0,0,0,0,0,0,0,0,0,21,,,,2,,,21,,,,,,,,2,,,,1,0,0,0,0,0,0,0,0,0,0,0,0,0,,,,,,,,1,,,,,,,,,,,,,,1,0,0,0,0,0,0,0,0,0,0,0,0,0,,0,0,0,0,,1,,,,,2,0,0,0,0,0,0,0,0,0,0,0,0,0,0,,,0,0,,,,,0,,,0,0,62,162,37.5,128,100,65,24,97,10.2,15,1,0,1,2,23.62444749276,2,0,0,0,2,1,,0,,0,0,0,0,0,0,0,0,0,0,0,0,0,0,0,0,0,0,0,0,0,0,0,0,0,0,0,0,0,0,0,0,0,0,0,0,0,0,0,0,0,0,0,0,0,0,0,0,0,0,0,0,0,0,0,0,,,0,0,0,0,0,0,0,0,0,0,0,0,0,0,2,1,0,,,,,,,,,,,,,,,,0,,,,,,2,2,,3,0,0,0,0,0,0,0,0,0,0,0,0,0,0,0,0,0,0,0,0,0,0,0,1,0,0,1,0,0,0,0,1,0,0,0,0,0,0,0,0,,,,5,,,,,3,,,0,0,1,0,0,0,0,0,0,0,0,2,1,,AILL1742NOF,,,,1,1,1,0,0,0,0,0,0,0,0,0,0,0,0,0,,1,,AILL6804NOF,,1,0,0,0,0,0,0,0,0,0,,0,,,,,1,,NICD,,0,,,,0,,,0,,,0,2,1,1712908998398.jpg,2957/24,0,,0,0,0,0,0,0,0,0,0,0,0,0,0,0,0,0,0,0,,,2,,,,,,,,,,,,,,,,,,,,,,,,,,,,0,,,,,0,,,,0,https://cloud.butterflynetwork.com/-/shared/zP9OSHrPREmzhtUd44sO7g?region=US,0,0,0,0,0,0,0,0,0,0,0,,2,,,,,,,,,,,,,,,,,,,,,,,,,,,,,,,,,,,,,,,,,,,,,,,,,,0,,,0,0,0,0,0,0,0,0,0,0,0,0,0,0,0,0,0,,,,,,,,,,,,,,,,,,,,0,,,,,0,,,,,,,,,,,0,,,,,,,,,,,,,,,,,,,,,,,,,,,,,0,,,0,0,0,0,0,0,0,0,0,0,0,0,0,0,0,0,0,0,0,0,0,0,,,,,,,,,,,,,,,,,,,,,,,0,0,0,0,0,0,0,0,0,0,0,0,,,0,0,0,0,0,0,0,0,0,0,,,,,0,,0,0,0,0,0,0,0,0,0,0,0,0,0,0,0,0,0,0,0,0,0,0,0,0,0,0,0,0,0,0,0,0,0,0,0,0,0,0,0,0,0,0,0,0,0,0,0,0,0,0,0,0,0,0,0,0,0,0,0,0,0,0,0,0,0,0,0,0,0,0,0,0,0,0,0,0,0,0,0,0,0,0,0,0,0,0,0,0,0,0,0,0,0,0,0,0,0,0,,,0
27-309,hds,"2024-04-16 11:28",1,1,0,0,1,1,,2,16,2,,8,1,,,,,,0,0,0,1,0,0,0,1,0,0,0,0,0,0,0,0,0,0,0,,,,,,7,,,4,,,,,,,2,,,,1,0,0,0,0,0,0,0,0,0,0,0,0,0,,,,,,,,1,,,,,,,,,,,,,,1,0,0,0,0,0,0,0,0,0,0,0,0,0,,0,0,0,0,,0,,,,,,0,0,0,0,0,0,0,0,0,0,0,0,0,0,,,0,1,2,3,2022,10,0,,,0,0,46,158,36.0,92,128,62,18,95,5.5,15,0,0,0,0,18.426534209261,1,0,0,0,2,0,"Patient refused",0,,0,0,0,0,0,0,0,0,0,0,0,0,0,0,0,0,0,0,0,0,0,0,0,0,0,0,0,0,0,0,0,0,0,0,0,0,0,0,0,0,0,0,0,0,0,0,0,0,0,0,0,0,0,0,0,0,,,0,0,0,0,0,0,0,0,0,0,0,0,0,0,2,1,0,,,,,,,,,,,,,,,,0,,,,,,2,1,,3,0,0,0,0,0,0,0,0,0,0,0,0,0,0,0,0,0,0,0,0,0,0,0,1,0,0,1,0,0,0,0,1,0,0,0,0,0,0,0,0,,,,7,,,,,3,,,0,0,1,0,0,0,0,0,0,0,0,2,1,,AIDJ0723NOF,,,,1,1,1,0,0,0,0,0,0,0,0,0,0,0,0,0,,1,,AIDJ0725NOF,,1,1,0,0,0,0,0,0,0,0,,0,,,,,1,,AIDJ0728NOF,,0,,,,0,,,0,,,2,2,1,1721134395767.jpg,3113/24,0,,0,0,0,0,0,0,0,0,0,0,0,0,0,0,0,0,0,0,,,2,,,,,,,,,,,,,,,,,,,,,,,,,,,,0,"3113.24 PA",2024-04-16,,,2,,,,0,https://cloud.butterflynetwork.com/-/shared/vXNAD-LOTDG8flsWnMX-Vg?region=US,0,0,0,0,0,0,0,0,0,0,0,,2,,,,,,,,,,,,,,,,,,,,,,,,,,,,,,,,,,,,,,,,,,,,,,,,,,0,,,0,0,0,0,0,0,0,0,0,0,0,0,0,0,0,0,0,,,,,,,,,,,,,,,,,,,,0,,,,,0,,,,,,,,,,,0,,,,,,,,,,,,,,,,,,,,,,,,,,,,,0,,,0,0,0,0,0,0,0,0,0,0,0,0,0,0,0,0,0,0,0,0,0,0,,,,,,,,,,,,,,,,,,,,,,,0,0,0,0,0,0,0,0,0,0,0,0,,,0,0,0,0,0,0,0,0,0,0,,,,,0,,0,0,0,0,0,0,0,0,0,0,0,0,0,0,0,0,0,0,0,0,0,0,0,0,0,0,0,0,0,0,0,0,0,0,0,0,0,0,0,0,0,0,0,0,0,0,0,0,0,0,0,0,0,0,0,0,0,0,0,0,0,0,0,0,0,0,0,0,0,0,0,0,0,0,0,0,0,0,0,0,0,0,0,0,0,0,0,0,0,0,0,0,0,0,0,0,0,0,,,0
27-310,hds,"2024-04-29 14:48",1,1,0,0,1,1,,2,16,2,,14,1,,,,,,0,0,0,0,0,1,1,0,0,0,0,0,0,0,0,0,0,0,0,,,,30,,,,14,,,,,,,,2,,,,1,0,0,0,0,0,0,0,0,0,0,0,0,0,,,,,,,,1,,,,,,,,,,,,,,1,0,0,0,0,0,0,0,0,0,0,0,0,0,,0,0,0,0,,1,,,,,2,0,0,0,0,0,0,0,0,0,0,0,0,0,0,,,0,0,,,,,0,,,0,0,58,156,36,100,135,76,20,95,11.9,15,0,0,0,0,23.833004602235,2,0,0,0,2,1,,0,,0,0,0,0,0,0,0,0,0,0,0,0,0,0,0,0,0,0,0,0,0,0,0,0,0,0,0,0,0,0,0,0,0,0,0,0,0,0,0,0,0,0,0,0,0,0,0,0,0,0,0,0,0,0,0,0,,,0,0,0,0,0,0,0,0,0,0,0,0,0,0,2,1,0,,,,,,,,,,,,,,,,0,,,,,,2,2,,3,0,0,0,0,0,0,0,0,0,0,0,0,0,0,0,0,0,0,0,0,0,0,0,1,0,0,1,0,0,0,0,0,1,0,0,0,0,0,0,0,,,,5,,,,,,5,,0,0,1,0,0,0,0,0,0,0,0,2,1,,AIJR6954NOF,,,,1,1,1,0,0,0,0,0,0,0,0,0,0,0,0,0,,1,,AIJS1752NOF,,1,0,0,0,0,0,0,0,0,0,,0,,,,,1,AIJS1432NOF,,,0,,,,0,,,0,,,0,2,1,1721134777595.jpg,3560/24,0,,0,0,0,0,0,0,0,0,0,0,0,0,0,0,0,0,0,0,,,2,,,,,,,,,,,,,,,,,,,,,,,,,,,,0,,,,,0,,,,0,https://cloud.butterflynetwork.com/-/shared/xsgIIreLTeaTVkkGD8t5Og?region=US,0,0,0,0,0,0,0,0,0,0,0,,2,,,,,,,,,,,,,,,,,,,,,,,,,,,,,,,,,,,,,,,,,,,,,,,,,,0,,,0,0,0,0,0,0,0,0,0,0,0,0,0,0,0,0,0,,,,,,,,,,,,,,,,,,,,0,,,,,0,,,,,,,,,,,0,,,,,,,,,,,,,,,,,,,,,,,,,,,,,0,,,0,0,0,0,0,0,0,0,0,0,0,0,0,0,0,0,0,0,0,0,0,0,,,,,,,,,,,,,,,,,,,,,,,0,0,0,0,0,0,0,0,0,0,0,0,,,0,0,0,0,0,0,0,0,0,0,,,,,0,,0,0,0,0,0,0,0,0,0,0,0,0,0,0,0,0,0,0,0,0,0,0,0,0,0,0,0,0,0,0,0,0,0,0,0,0,0,0,0,0,0,0,0,0,0,0,0,0,0,0,0,0,0,0,0,0,0,0,0,0,0,0,0,0,0,0,0,0,0,0,0,0,0,0,0,0,0,0,0,0,0,0,0,0,0,0,0,0,0,0,0,0,0,0,0,0,0,0,,,0
27-311,hds,"2024-04-18 10:25",1,1,0,0,1,1,0,2,8,2,,14,1,,,,,,0,0,0,0,0,1,1,0,0,0,0,0,0,0,0,0,0,0,0,,,,14,,,,10,,,,,,,,2,,,,1,0,0,0,0,0,0,0,0,0,0,0,0,0,,,,,,,,2,,,,2016,,0,,0,,3,5,,,1,0,0,0,0,0,0,0,0,0,0,0,0,0,,0,0,0,0,,1,,,,,2,0,0,0,0,0,0,0,0,0,0,0,0,0,0,,,0,1,1,2,2021,10,0,,,0,0,50,162,36.2,89,93,50,89,88,5.0,,1,0,1,2,19.051973784484,3,0,0,1,2,0,"Patient was coughing nonstop ",0,,0,0,0,0,0,0,0,0,0,0,0,0,0,0,0,0,0,0,0,0,0,0,0,0,0,0,0,0,0,0,0,0,0,0,0,0,0,0,0,0,0,0,0,0,0,0,0,0,0,0,0,0,0,0,0,0,,,0,0,0,0,0,0,0,0,0,0,0,0,0,0,2,2,0,,,,,,,,,,,,,,,,1,2,2,,1,,2,2,,3,0,0,0,1,0,0,0,0,0,0,0,0,0,0,0,0,0,0,0,0,0,0,0,1,0,0,1,0,0,0,0,1,0,0,0,0,0,0,0,0,,,,5,,,,,3,,,0,1,1,0,0,0,0,0,0,0,0,2,1,,AJJS0410NOF,,,,1,1,1,0,0,0,0,0,0,0,0,0,0,0,0,0,,1,,AJJS1108NOF,,1,0,0,0,0,0,0,0,0,0,,0,,,,,1,,AIJS0413NOF,,0,,,,0,,,0,,,0,2,1,1721222120523.jpg,3289/24,0,,0,0,0,0,0,0,0,0,0,0,0,0,0,0,0,0,0,0,,,2,,,,,,,,,,,,,,,,,,,,,,,,,,,,0,,,,,0,,,,0,https://cloud.butterflynetwork.com/-/shared/4_DSywICTOe8Ne7z8qrjgg?region=US,0,0,0,0,0,0,0,0,0,0,0,,2,,,,,,,,,,,,,,,,,,,,,,,,,,,,,,,,,,,,,,,,,,,,,,,,,,0,,,0,0,0,0,0,0,0,0,0,0,0,0,0,0,0,0,0,,,,,,,,,,,,,,,,,,,,0,,,,,0,,,,,,,,,,,0,,,,,,,,,,,,,,,,,,,,,,,,,,,,,0,,,0,0,0,0,0,0,0,0,0,0,0,0,0,0,0,0,0,0,0,0,0,0,,,,,,,,,,,,,,,,,,,,,,,0,0,0,0,0,0,0,0,0,0,0,0,,,0,0,0,0,0,0,0,0,0,0,,,,,0,,0,0,0,0,0,0,0,0,0,0,0,0,0,0,0,0,0,0,0,0,0,0,0,0,0,0,0,0,0,0,0,0,0,0,0,0,0,0,0,0,0,0,0,0,0,0,0,0,0,0,0,0,0,0,0,0,0,0,0,0,0,0,0,0,0,0,0,0,0,0,0,0,0,0,0,0,0,0,0,0,0,0,0,0,0,0,0,0,0,0,0,0,0,0,0,0,0,0,,,0
27-312,hds,"2024-05-07 14:40",1,1,0,0,1,1,0,2,12,2,,14,0,,,,,,0,0,0,1,0,0,0,0,0,0,0,0,0,0,0,0,0,0,0,,,,,,10,,,,,,,,,,2,,,,1,0,0,0,0,0,0,0,0,0,0,0,0,0,,,,,,,,1,,,,,,,,,,,,,,1,0,0,0,0,0,0,0,0,0,0,0,0,0,,0,1,0,0,,3,,,,,,0,0,0,0,0,0,0,0,0,0,0,0,0,0,,,0,1,1,1,2021,,0,,,0,0,80,152,36.7,71,109,56,18,94,5.3,15,0,0,0,0,34.626038781163,2,0,0,0,2,1,,0,,0,0,0,0,0,0,0,0,0,0,0,0,0,0,0,0,0,0,0,0,0,0,0,0,0,0,0,0,0,0,0,0,0,0,0,0,0,0,0,0,0,0,0,0,0,0,0,0,0,0,0,0,0,0,0,0,,,0,0,0,0,0,0,0,0,0,0,0,0,0,0,2,2,0,,,,,,,,,,,,,,,,0,,,,,,2,2,,3,0,0,0,0,0,0,0,0,0,0,0,0,0,0,0,0,0,0,0,0,0,0,0,1,0,0,0,0,1,0,0,1,0,0,0,0,0,0,0,0,,,,,,5,,,3,,,0,0,1,0,0,0,0,0,0,0,0,2,1,,AIJR6336NOF,,,,1,1,0,0,0,0,0,0,0,0,0,0,0,0,0,0,,0,,,,0,0,0,0,0,0,0,0,0,0,,0,,,,,1,,AIJS1400NOF,,0,,,,0,,,0,,,2,2,1,1721222368375.jpg,3776/24,0,,0,0,0,0,0,0,0,0,0,0,0,0,0,0,0,0,0,0,,,2,,,,,,,,,,,,,,,,,,,,,,,,,,,,0,"3776.24 PA",2024-05-09,,,2,,,,0,https://cloud.butterflynetwork.com/-/shared/mjP19fypSNaZ2lly_eew6Q?region=US,0,0,0,0,0,0,0,0,0,0,0,,2,,,,,,,,,,,,,,,,,,,,,,,,,,,,,,,,,,,,,,,,,,,,,,,,,,0,,,0,0,0,0,0,0,0,0,0,0,0,0,0,0,0,0,0,,,,,,,,,,,,,,,,,,,,0,,,,,0,,,,,,,,,,,0,,,,,,,,,,,,,,,,,,,,,,,,,,,,,0,,,0,0,0,0,0,0,0,0,0,0,0,0,0,0,0,0,0,0,0,0,0,0,,,,,,,,,,,,,,,,,,,,,,,0,0,0,0,0,0,0,0,0,0,0,0,,,0,0,0,0,0,0,0,0,0,0,,,,,0,,0,0,0,0,0,0,0,0,0,0,0,0,0,0,0,0,0,0,0,0,0,0,0,0,0,0,0,0,0,0,0,0,0,0,0,0,0,0,0,0,0,0,0,0,0,0,0,0,0,0,0,0,0,0,0,0,0,0,0,0,0,0,0,0,0,0,0,0,0,0,0,0,0,0,0,0,0,0,0,0,0,0,0,0,0,0,0,0,0,0,0,0,0,0,0,0,0,0,,,0
27-313,hds,"2024-05-14 13:03",1,1,0,0,1,1,,2,16,3,,,,1,,,,,0,1,0,1,0,0,0,1,0,0,0,0,0,0,0,0,0,0,0,,7,1,,,3,,,3,,,,,,,2,,,,1,0,0,0,0,0,0,0,0,0,0,0,0,0,,,,,,,,1,,,,,,,,,,,,,,1,0,0,0,0,0,0,0,0,0,0,0,0,0,,0,0,0,0,,0,,,,,,0,0,0,0,0,0,0,0,0,0,0,0,0,0,,,0,1,2,2,2022,,0,,,0,0,85,162,38,146,140,95,20,86,10.6,15,0,0,0,0,32.388355433623,2,0,0,0,2,1,,0,0,0,0,0,0,0,0,0,0,0,0,0,0,0,0,0,0,0,0,0,0,0,0,0,0,0,0,0,0,0,0,0,0,0,0,0,0,0,0,0,0,0,0,0,0,0,0,0,0,0,0,0,0,0,0,0,0,,,0,0,0,0,0,0,0,0,0,0,0,0,0,0,2,1,0,,,,,,,,,,,,,,,,0,,,,,,2,2,,6,0,0,0,0,0,0,0,0,0,0,0,0,0,0,0,0,0,0,0,0,0,0,0,1,0,0,1,0,0,0,0,1,0,0,0,0,0,0,0,0,,,,5,,,,,3,,,0,1,1,0,0,0,0,0,0,0,0,2,1,AIKO3072NOF,,,,,1,1,1,0,0,0,1,0,0,0,0,0,0,0,0,0,,1,AIKO3073NOF,,,1,0,0,0,0,0,0,0,0,0,,0,,,,,1,,AIJR7175NOF,,0,,,,0,,,0,,,2,2,1,1721135067562.jpg,3998/24,0,,0,0,0,0,0,0,0,0,0,0,0,0,0,0,0,0,0,0,,,2,,,,,,,,,,,,,,,,,,,,,,,,,,,,0,"3998.24 PA",2024-05-16,,,2,,,,0,https://cloud.butterflynetwork.com/-/shared/u2aB5tLGTd66ueohWBqCFA?region=US,0,0,0,0,0,0,0,0,0,0,0,,2,,,,,,,,,,,,,,,,,,,,,,,,,,,,,,,,,,,,,,,,,,,,,,,,,,0,,,0,0,0,0,0,0,0,0,0,0,0,0,0,0,0,0,0,,,,,,,,,,,,,,,,,,,,0,,,,,0,,,,,,,,,,,0,,,,,,,,,,,,,,,,,,,,,,,,,,,,,0,,,0,0,0,0,0,0,0,0,0,0,0,0,0,0,0,0,0,0,0,0,0,0,,,,,,,,,,,,,,,,,,,,,,,0,0,0,0,0,0,0,0,0,0,0,0,,,0,0,0,0,0,0,0,0,0,0,,,,,0,,0,0,0,0,0,0,0,0,0,0,0,0,0,0,0,0,0,0,0,0,0,0,0,0,0,0,0,0,0,0,0,0,0,0,0,0,0,0,0,0,0,0,0,0,0,0,0,0,0,0,0,0,0,0,0,0,0,0,0,0,0,0,0,0,0,0,0,0,0,0,0,0,0,0,0,0,0,0,0,0,0,0,0,0,0,0,0,0,0,0,0,0,0,0,0,0,0,0,,,0
27-314,hds,"2024-05-16 16:30",1,1,0,0,1,1,,2,16,2,,30,1,,,,,,0,0,0,0,0,0,0,1,0,0,1,0,0,0,0,0,0,0,0,,,,,,,,,14,,,3,,,,2,,,,1,0,0,0,0,0,0,0,0,0,0,0,0,0,,,,,,,,1,,,,,,,,,,,,,,2,0,0,0,0,0,0,0,0,0,0,0,0,0,,0,0,0,0,,0,,,,,,0,0,0,0,0,0,0,0,0,0,0,0,0,0,,,0,0,,,,,0,,,1,0,58,172,36.5,115,135,82,18,95,4.8,15,0,0,0,0,19.605191995673,2,0,0,0,2,0,"Patient refused",0,,0,0,0,0,0,0,0,0,0,0,0,0,0,0,0,0,0,0,0,0,0,0,0,0,0,0,0,0,0,0,0,0,0,0,0,0,0,0,0,0,0,0,0,0,0,0,0,0,0,0,0,0,0,0,0,0,,,0,0,0,0,0,0,0,0,0,0,0,0,0,0,2,1,0,,,,,,,,,,,,,,,,0,,,,,,2,2,,6,0,0,0,0,0,0,0,0,0,0,0,0,0,0,0,0,0,0,0,0,0,0,0,1,0,0,1,0,0,0,0,1,0,0,0,0,0,0,0,0,,,,5,,,,,3,,,0,0,1,0,0,0,0,0,0,0,0,2,1,,AIKO2030NOF,,,,1,1,1,0,0,0,0,0,0,0,0,0,0,0,0,0,,1,,AIKO2031NOF,,1,0,0,0,0,0,0,0,0,0,,0,,,,,1,,AIJR7078NOF,,0,,,,0,,,0,,,0,2,1,1721135172809.jpg,4030/24,0,,0,0,0,0,0,0,0,0,0,0,0,0,0,0,0,0,0,0,,,2,,,,,,,,,,,,,,,,,,,,,,,,,,,,0,"4030.24 PA",2024-05-17,,,2,,,,0,https://cloud.butterflynetwork.com/-/shared/DnXp1m4DTM6phwFXsZlALA?region=US,0,0,0,0,0,0,0,0,0,0,0,,2,,,,,,,,,,,,,,,,,,,,,,,,,,,,,,,,,,,,,,,,,,,,,,,,,,0,,,0,0,0,0,0,0,0,0,0,0,0,0,0,0,0,0,0,,,,,,,,,,,,,,,,,,,,0,,,,,0,,,,,,,,,,,0,,,,,,,,,,,,,,,,,,,,,,,,,,,,,0,,,0,0,0,0,0,0,0,0,0,0,0,0,0,0,0,0,0,0,0,0,0,0,,,,,,,,,,,,,,,,,,,,,,,0,0,0,0,0,0,0,0,0,0,0,0,,,0,0,0,0,0,0,0,0,0,0,,,,,0,,0,0,0,0,0,0,0,0,0,0,0,0,0,0,0,0,0,0,0,0,0,0,0,0,0,0,0,0,0,0,0,0,0,0,0,0,0,0,0,0,0,0,0,0,0,0,0,0,0,0,0,0,0,0,0,0,0,0,0,0,0,0,0,0,0,0,0,0,0,0,0,0,0,0,0,0,0,0,0,0,0,0,0,0,0,0,0,0,0,0,0,0,0,0,0,0,0,0,,,0
27-315,hds,"2024-05-28 11:30",1,1,0,0,1,1,,2,16,3,,,,2,,,,,0,1,0,1,0,0,0,0,0,0,0,0,0,0,0,0,0,0,0,,5,1,,,4,,,,,,,,,,2,,,,1,0,0,0,0,0,0,0,0,0,0,0,0,0,,,,,,,,2,,,,2023,,0,,0,,3,3,,,1,0,0,0,0,0,0,0,0,0,0,0,0,0,,0,0,0,0,,1,,,,,2,0,0,0,0,0,0,0,0,0,0,0,0,0,0,,,0,0,,,,,0,,,0,2,46,158,39.5,104,97,58,24,84,5.7,15,1,0,1,2,18.426534209261,2,0,0,0,2,0,"Network Problem",0,,0,0,0,0,0,0,0,0,0,0,0,0,0,0,0,0,0,0,0,0,0,0,0,0,0,0,0,0,0,0,0,0,0,0,0,0,0,0,0,0,0,0,0,0,0,0,0,0,0,0,0,0,0,0,0,0,,,0,0,0,0,0,0,0,0,0,0,0,0,0,0,2,1,0,,,,,,,,,,,,,,,,0,,,,,,2,2,,3,0,0,0,0,0,0,0,0,0,0,0,0,0,0,0,0,0,0,0,0,0,0,0,1,0,0,1,0,0,0,0,0,0,0,0,0,0,0,0,0,,,,7,,,,,,,,0,1,1,0,0,0,0,0,0,0,0,2,1,,,,AIKO3591NOF,,1,1,1,0,0,0,1,0,0,0,0,0,0,0,0,0,,1,,AIKO3592NOF,,1,0,0,0,0,0,0,0,0,0,,0,,,,,1,,AIKO3595NOF,,0,,,,0,,,0,,,2,2,1,1721135315362.jpg,4323/24,0,,0,0,0,0,0,0,0,0,0,0,0,0,0,0,0,0,0,0,,,2,,,,,,,,,,,,,,,,,,,,,,,,,,,,0,"4323.24 PA",2024-05-28,,,2,,,,0,https://cloud.butterflynetwork.com/-/shared/2UXNsWpaSuWOLRYf-BdMkg?region=US,0,0,0,0,0,0,0,0,0,0,0,,2,,,,,,,,,,,,,,,,,,,,,,,,,,,,,,,,,,,,,,,,,,,,,,,,,,0,,,0,0,0,0,0,0,0,0,0,0,0,0,0,0,0,0,0,,,,,,,,,,,,,,,,,,,,0,,,,,0,,,,,,,,,,,0,,,,,,,,,,,,,,,,,,,,,,,,,,,,,0,,,0,0,0,0,0,0,0,0,0,0,0,0,0,0,0,0,0,0,0,0,0,0,,,,,,,,,,,,,,,,,,,,,,,0,0,0,0,0,0,0,0,0,0,0,0,,,0,0,0,0,0,0,0,0,0,0,,,,,0,,0,0,0,0,0,0,0,0,0,0,0,0,0,0,0,0,0,0,0,0,0,0,0,0,0,0,0,0,0,0,0,0,0,0,0,0,0,0,0,0,0,0,0,0,0,0,0,0,0,0,0,0,0,0,0,0,0,0,0,0,0,0,0,0,0,0,0,0,0,0,0,0,0,0,0,0,0,0,0,0,0,0,0,0,0,0,0,0,0,0,0,0,0,0,0,0,0,0,,,0
27-316,hds,"2024-05-28 13:57",1,1,0,0,1,1,0,2,6,2,,7,1,,,,,,0,0,1,1,0,0,0,0,0,0,0,0,0,0,0,0,0,0,0,,,,,6,6,,,,,,,,,,2,,,,1,0,0,0,0,0,0,0,0,0,0,0,0,0,,,,,,,,1,,,,,,,,,,,,,,1,,0,0,0,0,0,0,0,0,0,0,0,0,,0,0,0,0,,0,,,,,,0,0,0,0,0,0,0,0,0,0,0,0,0,0,,,0,0,,,,,0,,,0,0,41,161,35.6,113,101,61,18,97,6,,0,0,0,0,15.817290999576,2,0,0,1,2,1,,0,,0,0,0,0,0,0,0,0,0,0,0,0,0,0,0,0,0,0,0,0,0,0,0,0,0,0,0,0,0,0,0,0,0,0,0,0,0,0,0,0,0,0,0,0,0,0,0,0,0,0,0,0,0,0,0,0,,,0,0,0,0,0,0,0,0,0,0,0,0,0,0,2,2,0,,,,,,,,,,,,,,,,0,,,,,,2,2,,3,0,0,0,0,0,0,0,0,0,0,0,0,0,0,0,0,0,0,0,0,0,0,0,1,0,0,1,0,0,0,0,0,0,0,0,0,0,0,0,0,,,,5,,,,,,,,0,0,1,0,0,0,0,0,0,0,0,2,0,,,,,,0,0,0,0,0,0,0,0,0,0,0,0,0,0,0,0,,1,,AIJR6070NOF,,0,1,0,0,0,0,0,0,0,0,,0,,,,,0,,,,0,,,,0,,,0,,,0,2,1,1721222464477.jpg,4281/24,0,,0,0,0,0,0,0,0,0,0,0,0,0,0,0,0,0,0,0,,,2,,,,,,,,,,,,,,,,,,,,,,,,,,,,0,"4281.24 PA",2024-05-27,,,2,,,,0,https://cloud.butterflynetwork.com/-/shared/0Uvb-PF2TRmye27nQx4O9g?region=US,0,0,0,0,0,0,0,0,0,0,0,,2,,,,,,,,,,,,,,,,,,,,,,,,,,,,,,,,,,,,,,,,,,,,,,,,,,0,,,0,0,0,0,0,0,0,0,0,0,0,0,0,0,0,0,0,,,,,,,,,,,,,,,,,,,,0,,,,,0,,,,,,,,,,,0,,,,,,,,,,,,,,,,,,,,,,,,,,,,,0,,,0,0,0,0,0,0,0,0,0,0,0,0,0,0,0,0,0,0,0,0,0,0,,,,,,,,,,,,,,,,,,,,,,,0,0,0,0,0,0,0,0,0,0,0,0,,,0,0,0,0,0,0,0,0,0,0,,,,,0,,0,0,0,0,0,0,0,0,0,0,0,0,0,0,0,0,0,0,0,0,0,0,0,0,0,0,0,0,0,0,0,0,0,0,0,0,0,0,0,0,0,0,0,0,0,0,0,0,0,0,0,0,0,0,0,0,0,0,0,0,0,0,0,0,0,0,0,0,0,0,0,0,0,0,0,0,0,0,0,0,0,0,0,0,0,0,0,0,0,0,0,0,0,0,0,0,0,0,,,0
27-317,hds,"2024-06-13 14:19",1,1,0,0,1,1,0,2,12,2,,14,1,,,,,,0,0,0,1,0,0,0,0,0,0,0,0,0,0,0,0,0,0,0,,,,,,5,,,,,,,,,,2,,,,1,0,0,0,0,0,0,0,0,0,0,0,0,0,,,,,,,,2,,,,2014,,,,,,,,,,1,0,0,0,0,0,0,0,0,0,0,0,0,0,,0,0,0,0,,1,,,,,2,0,0,0,0,0,0,0,0,0,0,0,0,0,0,,,0,1,1,1,2021,8,0,,,0,0,90,166,37,94,132,62,16,88,6.3,15,0,0,0,0,32.660763536072,2,0,0,0,2,0,"Patient was restless ",0,,0,0,0,0,0,0,0,0,0,0,0,0,0,0,0,0,0,0,0,0,0,0,0,0,0,0,0,0,0,0,0,0,0,0,0,0,0,0,0,0,0,0,0,0,0,0,0,0,0,0,0,0,0,0,0,0,,,0,0,0,0,0,0,0,0,0,0,0,0,0,0,2,2,1,"Patient was restless ",,,,,,,,,,,,,,,0,,,,,,2,2,,6,0,0,1,0,0,0,0,0,0,0,0,0,0,0,0,0,0,0,0,0,0,0,0,1,0,0,1,0,0,0,0,1,0,0,0,0,0,0,0,0,,,,5,,,,,3,,,0,1,1,0,0,0,0,0,0,0,0,2,1,,AIJS5629NOF,,,,1,1,0,0,0,0,0,0,0,0,0,0,0,0,0,0,,1,,AIDJ9502NOF,,1,0,0,0,0,0,0,0,0,0,,,,,,,1,,AIJS5704NOF,,0,,,,0,,,0,,,0,2,1,1721222667086.jpg,4742/24,0,,0,0,0,0,0,0,0,0,0,0,0,0,0,0,0,0,0,0,,,2,,,,,,,,,,,,,,,,,,,,,,,,,,,,0,"4742.24 PA",2024-06-18,,,2,,,,0,https://cloud.butterflynetwork.com/-/shared/lmZzDgMdSSOfdSaEefDMcQ?region=US,0,0,0,0,0,0,0,0,0,0,0,,2,,,,,,,,,,,,,,,,,,,,,,,,,,,,,,,,,,,,,,,,,,,,,,,,,,0,,,0,0,0,0,0,0,0,0,0,0,0,0,0,0,0,0,0,,,,,,,,,,,,,,,,,,,,0,,,,,0,,,,,,,,,,,0,,,,,,,,,,,,,,,,,,,,,,,,,,,,,0,,,0,0,0,0,0,0,0,0,0,0,0,0,0,0,0,0,0,0,0,0,0,0,,,,,,,,,,,,,,,,,,,,,,,0,0,0,0,0,0,0,0,0,0,0,0,,,0,0,0,0,0,0,0,0,0,0,,,,,0,,0,0,0,0,0,0,0,0,0,0,0,0,0,0,0,0,0,0,0,0,0,0,0,0,0,0,0,0,0,0,0,0,0,0,0,0,0,0,0,0,0,0,0,0,0,0,0,0,0,0,0,0,0,0,0,0,0,0,0,0,0,0,0,0,0,0,0,0,0,0,0,0,0,0,0,0,0,0,0,0,0,0,0,0,0,0,0,0,0,0,0,0,0,0,0,0,0,0,,,0
27-318,hds,"2024-06-14 13:20",1,1,0,0,1,1,,2,16,2,,5,1,,,,,,1,0,0,1,0,0,1,0,1,0,0,0,0,0,0,0,0,0,0,5,,,,,5,,5,,5,,,,,,2,,,,1,0,0,0,0,0,0,0,0,0,0,0,0,0,,,,,,,,1,,,,,,,,,,,,,,1,0,0,0,0,0,0,0,0,0,0,0,0,0,,0,0,0,0,,2,,,,,,0,0,0,0,0,0,0,0,0,0,0,0,0,0,,,0,1,1,1,2022,8,0,,,0,0,74,169,38,109,98,56,22,96,7.2,15,1,0,1,2,25.909456951787,2,0,0,0,2,0,"Network Problem",0,,0,0,0,0,0,0,0,0,0,0,0,0,0,0,0,0,0,0,0,0,0,0,0,0,0,0,0,0,0,0,0,0,0,0,0,0,0,0,0,0,0,0,0,0,0,0,0,0,0,0,0,0,0,0,0,0,,,0,0,0,0,0,0,0,0,0,0,0,0,0,0,2,1,0,,,,,,,,,,,,,,,,0,,,,,,2,2,,6,0,0,0,0,0,0,0,0,0,0,0,0,0,0,0,0,0,0,0,0,0,0,0,1,0,0,1,0,0,0,0,0,0,0,0,0,0,0,0,0,,,,5,,,,,,,,0,0,1,0,0,0,0,0,0,0,0,2,1,,AIDJ8150NOF,,,,1,1,1,0,0,0,0,0,0,0,0,0,0,0,0,0,,1,,AIDJ8314NOF,,1,0,0,0,0,0,0,0,0,0,,0,,,,,1,,AIJS5703NOF,,0,,,,0,,,0,,,0,2,1,1721135468365.jpg,4695/24,0,,0,0,0,0,0,0,0,0,0,0,0,0,0,0,0,0,0,0,,,2,,,,,,,,,,,,,,,,,,,,,,,,,,,,0,"4695.24 PA",2024-06-14,,,2,,,,0,https://cloud.butterflynetwork.com/-/shared/WzNOMBANTuGi45nx0GjBmQ?region=US,0,0,0,0,0,0,0,0,0,0,0,,2,,,,,,,,,,,,,,,,,,,,,,,,,,,,,,,,,,,,,,,,,,,,,,,,,,0,,,0,0,0,0,0,0,0,0,0,0,0,0,0,0,0,0,0,,,,,,,,,,,,,,,,,,,,0,,,,,0,,,,,,,,,,,0,,,,,,,,,,,,,,,,,,,,,,,,,,,,,0,,,0,0,0,0,0,0,0,0,0,0,0,0,0,0,0,0,0,0,0,0,0,0,,,,,,,,,,,,,,,,,,,,,,,0,0,0,0,0,0,0,0,0,0,0,0,,,0,0,0,0,0,0,0,0,0,0,,,,,0,,0,0,0,0,0,0,0,0,0,0,0,0,0,0,0,0,0,0,0,0,0,0,0,0,0,0,0,0,0,0,0,0,0,0,0,0,0,0,0,0,0,0,0,0,0,0,0,0,0,0,0,0,0,0,0,0,0,0,0,0,0,0,0,0,0,0,0,0,0,0,0,0,0,0,0,0,0,0,0,0,0,0,0,0,0,0,0,0,0,0,0,0,0,0,0,0,0,0,,,0
27-319,hds,"2024-07-01 14:44",1,1,0,0,1,1,,2,16,3,,,,1,,,,,0,1,0,1,0,0,1,0,0,0,0,0,0,0,0,0,0,0,0,,3,1,,,3,,7,,,,,,,,2,,,,1,0,0,0,0,0,0,0,0,0,0,0,0,0,,,,,,,,1,,,,,,,,,,,,,,1,0,0,0,0,0,0,0,0,0,0,0,0,0,,0,0,0,0,,1,,,,,2,0,0,0,0,0,0,0,0,0,0,0,0,0,0,,,0,1,1,2,2022,11,0,,,0,2,100,172,36.7,150,119,59,22,99,6.8,15,1,0,0,1,33.802055164954,2,0,0,0,2,0,Network,0,,0,0,0,0,0,0,0,0,0,0,0,0,0,0,0,0,0,0,0,0,0,0,0,0,0,0,0,0,0,0,0,0,0,0,0,0,0,0,0,0,0,0,0,0,0,0,0,0,0,0,0,0,0,0,0,0,,,0,0,0,0,0,0,0,0,0,0,0,0,0,0,2,1,0,,,,,,,,,,,,,,,,0,,,,,,2,2,,6,0,0,0,0,0,0,0,0,0,0,0,0,0,0,0,0,0,0,0,0,0,0,0,1,0,0,0,0,1,0,0,1,0,0,0,0,0,0,0,0,,,,,,5,,,3,,,0,0,1,0,0,0,0,0,0,0,0,2,1,,AIDJ8541NOF,,,,1,1,1,0,0,0,1,0,0,0,0,0,0,0,0,0,,1,,AIJS5741NOF,,1,0,0,0,0,0,0,0,0,0,,0,,,,,0,,,,0,,,,0,,,0,,,0,2,1,1721135552776.jpg,5245/24,0,,0,0,0,0,0,0,0,0,0,0,0,0,0,0,0,0,0,0,,,2,,,,,,,,,,,,,,,,,,,,,,,,,,,,0,"5245.24 PA",2024-07-02,,,2,,,,0,https://cloud.butterflynetwork.com/-/shared/lCF3uuGESbiuEEP50tOuWw?region=US,0,0,0,0,0,0,0,0,0,0,0,,2,,,,,,,,,,,,,,,,,,,,,,,,,,,,,,,,,,,,,,,,,,,,,,,,,,0,,,0,0,0,0,0,0,0,0,0,0,0,0,0,0,0,0,0,,,,,,,,,,,,,,,,,,,,0,,,,,0,,,,,,,,,,,0,,,,,,,,,,,,,,,,,,,,,,,,,,,,,0,,,0,0,0,0,0,0,0,0,0,0,0,0,0,0,0,0,0,0,0,0,0,0,,,,,,,,,,,,,,,,,,,,,,,0,0,0,0,0,0,0,0,0,0,0,0,,,0,0,0,0,0,0,0,0,0,0,,,,,0,,0,0,0,0,0,0,0,0,0,0,0,0,0,0,0,0,0,0,0,0,0,0,0,0,0,0,0,0,0,0,0,0,0,0,0,0,0,0,0,0,0,0,0,0,0,0,0,0,0,0,0,0,0,0,0,0,0,0,0,0,0,0,0,0,0,0,0,0,0,0,0,0,0,0,0,0,0,0,0,0,0,0,0,0,0,0,0,0,0,0,0,0,0,0,0,0,0,0,,,0
27-320,hds,"2024-07-24 20:39",1,1,0,0,1,1,,2,16,2,,5,1,,,,,,0,0,0,0,0,0,0,1,0,0,1,0,0,0,0,0,0,0,0,,,,,,,,,5,,,3,,,,2,,,,1,0,0,0,0,0,0,0,0,0,0,0,0,0,,,,,,,,1,,,,,,,,,,,,,,1,0,0,0,0,0,0,0,0,0,0,0,0,0,,0,1,0,0,,1,,,,,2,0,0,0,0,0,0,0,0,0,0,0,0,0,0,,,0,0,,,,,0,,,1,2,,,36.8,93,103,67,24,100,9.0,15,1,0,0,1,,3,1,0,1,2,,,,,0,0,0,0,0,0,0,0,0,0,0,0,0,0,0,0,0,0,0,0,0,0,0,0,0,0,0,0,0,0,0,0,0,0,0,0,0,0,0,0,0,0,0,0,0,0,0,0,0,0,0,0,0,0,0,0,,,0,0,0,0,0,0,0,0,0,0,0,0,0,0,0,2,0,,,,,,,,,,,,,,,,0,,,,,,2,2,,6,1,0,0,0,0,0,0,0,0,0,0,0,0,0,0,0,0,0,0,0,0,0,0,1,0,0,1,0,0,0,0,1,0,0,0,0,0,0,0,0,,,,5,,,,,3,,,0,0,1,0,0,0,0,0,0,0,0,2,1,,AIQE9546NOF,,,,1,1,1,0,0,0,1,0,0,0,0,0,0,0,0,0,,1,,AIQE9545NOF,,1,0,0,0,0,0,0,0,0,0,,0,,,,,1,,NICD,,0,,,,0,,,0,,,0,2,1,1733751444130.jpg,5918/24,0,,0,0,0,0,0,0,0,0,0,0,0,0,0,0,0,0,0,0,,,2,,,,,,,,,,,,,,,,,,,,,,,,,,,,0,"5918.24 PA",2024-07-25,,,2,,,,0,https://cloud.butterflynetwork.com/-/shared/BKybQXw-TM-2dpY5e7dKtQ?region=US,0,0,0,0,0,0,0,0,0,0,0,,2,,,,,,,,,,,,,,,,,,,,,,,,,,,,,,,,,,,,,,,,,,,,,,,,,,0,,,0,0,0,0,0,0,0,0,0,0,0,0,0,0,0,0,0,,,,,,,,,,,,,,,,,,,,0,,,,,0,,,,,,,,,,,0,,,,,,,,,,,,,,,,,,,,,,,,,,,,,0,,,0,0,0,0,0,0,0,0,0,0,0,0,0,0,0,0,0,0,0,0,0,0,,,,,,,,,,,,,,,,,,,,,,,0,0,0,0,0,0,0,0,0,0,0,0,,,0,0,0,0,0,0,0,0,0,0,,,,,0,,0,0,0,0,0,0,0,0,0,0,0,0,0,0,0,0,0,0,0,0,0,0,0,0,0,0,0,0,0,0,0,0,0,0,0,0,0,0,0,0,0,0,0,0,0,0,0,0,0,0,0,0,0,0,0,0,0,0,0,0,0,0,0,0,0,0,0,0,0,0,0,0,0,0,0,0,0,0,0,0,0,0,0,0,0,0,0,0,0,0,0,0,0,0,0,0,0,0,,,0
27-321,hds,"2024-07-19 14:47",1,1,0,0,1,1,0,2,7,4,,,,,10,,,,0,0,0,0,0,1,1,0,0,0,0,0,0,0,0,0,0,0,0,,,,15,,,,15,,,,,,,,2,,,,3,1,0,0,0,0,0,0,0,0,0,0,0,0,,2,,,,,,1,,,,,,,,,,,,,,1,0,0,0,0,0,0,0,0,0,0,0,0,0,,0,0,0,0,,0,,,,,,0,0,0,0,0,0,0,0,0,0,0,0,0,0,,,0,0,,,,,0,,,0,,,,,,,,,,,,0,0,0,0,,,,,,0,0,"Patient refused ",0,,0,0,0,0,0,0,0,0,0,0,0,0,0,0,0,0,0,0,0,0,0,0,0,0,0,0,0,0,0,0,0,0,0,0,0,0,0,0,0,0,0,0,0,0,0,0,0,0,0,0,0,0,0,0,0,0,,,0,0,0,0,0,0,0,0,0,0,0,0,0,0,2,2,0,,,,,,,,,,,,,,,,0,,,,,,2,2,,3,0,0,0,0,0,0,0,0,0,0,0,0,0,0,0,0,0,0,0,0,0,0,0,1,1,0,0,0,1,0,0,0,0,0,0,0,0,0,0,0,,5,,,,5,,,,,,0,1,1,0,0,0,0,0,0,0,0,2,1,,AIJS4588NOF,,,,0,1,0,0,0,0,0,0,0,0,0,0,0,0,0,0,,1,,AIJS4583NOF,,1,0,0,0,0,0,0,0,0,0,,0,,,,,0,,,,0,,,,0,,,0,,,2,2,1,1733405197874.jpg,5653/24,0,,0,0,0,0,0,0,0,0,0,0,0,0,0,0,0,0,0,0,,,2,,,,,,,,,,,,,,,,,,,,,,,,,,,,0,"5653.24 PA",2024-07-16,,,2,,,,0,https://cloud.butterflynetwork.com/-/shared/jCWUcHbrRzCTJmRixQSwzw?region=US,0,0,0,0,0,0,0,0,0,0,0,,2,,,,,,,,,,,,,,,,,,,,,,,,,,,,,,,,,,,,,,,,,,,,,,,,,,0,,,0,0,0,0,0,0,0,0,0,0,0,0,0,0,0,0,0,,,,,,,,,,,,,,,,,,,,0,,,,,0,,,,,,,,,,,0,,,,,,,,,,,,,,,,,,,,,,,,,,,,,0,,,0,0,0,0,0,0,0,0,0,0,0,0,0,0,0,0,0,0,0,0,0,0,,,,,,,,,,,,,,,,,,,,,,,0,0,0,0,0,0,0,0,0,0,0,0,,,0,0,0,0,0,0,0,0,0,0,,,,,0,,0,0,0,0,0,0,0,0,0,0,0,0,0,0,0,0,0,0,0,0,0,0,0,0,0,0,0,0,0,0,0,0,0,0,0,0,0,0,0,0,0,0,0,0,0,0,0,0,0,0,0,0,0,0,0,0,0,0,0,0,0,0,0,0,0,0,0,0,0,0,0,0,0,0,0,0,0,0,0,0,0,0,0,0,0,0,0,0,0,0,0,0,0,0,0,0,0,0,,,0
27-322,hds,"2024-08-06 20:46",1,1,0,0,1,1,,2,16,3,,,,2,,,,,0,1,0,0,0,0,0,0,0,0,0,0,0,0,0,0,0,0,0,,3,1,,,,,,,,,,,,,2,,,,1,0,0,0,0,0,0,0,0,0,0,0,0,0,,,,,,,,1,,,,,,,,,,,,,,1,0,0,0,0,0,0,0,0,0,0,0,0,0,,0,0,0,0,,1,,,,,2,0,0,0,0,0,0,0,0,0,0,0,0,0,0,,,0,1,1,1,2022,11,0,,,0,2,68,161,,,,,22,100,5.5,15,1,0,0,1,26.233555804174,2,0,0,0,0,1,,0,,0,0,0,0,0,0,0,0,0,0,0,0,0,0,0,0,0,0,0,0,0,0,0,0,0,0,0,0,0,0,0,0,0,0,0,0,0,0,0,0,0,0,0,0,0,0,0,0,0,0,0,0,0,0,0,0,,,0,0,0,0,0,0,0,0,0,0,0,0,0,0,2,1,0,,,,,,,,,,,,,,,,0,,,,,,2,2,,3,0,0,0,0,0,0,0,0,0,0,0,0,0,0,0,0,0,0,0,0,0,0,1,1,0,0,1,0,0,0,0,1,0,0,0,0,0,0,0,0,,,,7,,,,,3,,,0,0,1,0,0,0,0,0,0,0,0,2,1,,,,,,0,0,0,0,0,0,0,0,0,0,0,0,0,0,0,0,,1,,,,0,0,0,0,0,0,0,0,0,0,,0,,,,,1,,,,0,,,,0,,,0,,,0,0,1,,,0,,0,0,0,0,0,0,0,0,0,0,0,0,0,0,0,0,0,0,,,0,,,,,,,,,,,,,,,,,,,,,,,,,,,,0,,,,,0,,,,0,,1,0,0,0,0,0,0,0,0,0,0,,0,,,,,,,,,,,,,,,,,,,,,,,,,,,,,,,,,,,,,,,,,,,,,,,,,,0,,,0,0,0,0,0,0,0,0,0,0,0,0,0,0,0,0,0,,,,,,,,,,,,,,,,,,,,0,,,,,0,,,,,,,,,,,0,,,,,,,,,,,,,,,,,,,,,,,,,,,,,0,,,0,0,0,0,0,0,0,0,0,0,0,0,0,0,0,0,0,0,0,0,0,0,,,,,,,,,,,,,,,,,,,,,,,0,0,0,0,0,0,0,0,0,0,0,0,,,0,0,0,0,0,0,0,0,0,0,,,,,0,,0,0,0,0,0,0,0,0,0,0,0,0,0,0,0,0,0,0,0,0,0,0,0,0,0,0,0,0,0,0,0,0,0,0,0,0,0,0,0,0,0,0,0,0,0,0,0,0,0,0,0,0,0,0,0,0,0,0,0,0,0,0,0,0,0,0,0,0,0,0,0,0,0,0,0,0,0,0,0,0,0,0,0,0,0,0,0,0,0,0,0,0,0,0,0,0,0,0,,,0
27-323,hds,"2024-08-06 20:46",1,1,0,0,1,1,,2,16,3,,,,2,,,,,0,1,0,0,0,0,0,0,0,0,0,0,0,0,0,0,0,0,0,,3,1,,,,,,,,,,,,,2,,,,1,0,0,0,0,0,0,0,0,0,0,0,0,0,,,,,,,,1,,,,,,,,,,,,,,1,0,0,0,0,0,0,0,0,0,0,0,0,0,,0,0,0,0,,1,,,,,2,0,0,0,0,0,0,0,0,0,0,0,0,0,0,,,0,1,1,1,2022,11,0,,,0,2,68,161,36.7,103,123,87,22,100,5.5,15,1,0,0,1,26.233555804174,2,0,0,0,2,1,,0,,0,0,0,0,0,0,0,0,0,0,0,0,0,0,0,0,0,0,0,0,0,0,0,0,0,0,0,0,0,0,0,0,0,0,0,0,0,0,0,0,0,0,0,0,0,0,0,0,0,0,0,0,0,0,0,0,,,0,0,0,0,0,0,0,0,0,0,0,0,0,0,2,1,0,,,,,,,,,,,,,,,,0,,,,,,2,2,,3,0,0,0,0,0,0,0,0,0,0,0,0,0,0,0,0,0,0,0,0,0,0,1,1,0,0,1,0,0,0,0,1,0,0,0,0,0,0,0,0,,,,7,,,,,3,,,0,0,1,0,0,0,0,0,0,0,0,2,1,,AIQE8104NOF,,ADLO3885HOF,,1,1,1,0,1,1,1,0,0,0,0,0,0,0,0,0,,1,,AIQE8103NOF,,1,0,0,0,0,0,0,0,0,0,,0,,,,,1,,AIQE8144NOF,,0,,,,0,,,0,,,0,2,1,1733403805505.jpg,6308/24,0,,0,0,0,0,0,0,0,0,0,0,0,0,0,0,0,0,0,0,,,2,,,,,,,,,,,,,,,,,,,,,,,,,,,,0,"6308.24 PA",2024-08-07,,,2,,,,0,,1,0,0,0,0,0,0,0,0,0,0,,0,,,,,,,,,,,,,,,,,,,,,,,,,,,,,,,,,,,,,,,,,,,,,,,,,,0,,,0,0,0,0,0,0,0,0,0,0,0,0,0,0,0,0,0,,,,,,,,,,,,,,,,,,,,0,,,,,0,,,,,,,,,,,0,,,,,,,,,,,,,,,,,,,,,,,,,,,,,0,,,0,0,0,0,0,0,0,0,0,0,0,0,0,0,0,0,0,0,0,0,0,0,,,,,,,,,,,,,,,,,,,,,,,0,0,0,0,0,0,0,0,0,0,0,0,,,0,0,0,0,0,0,0,0,0,0,,,,,0,,0,0,0,0,0,0,0,0,0,0,0,0,0,0,0,0,0,0,0,0,0,0,0,0,0,0,0,0,0,0,0,0,0,0,0,0,0,0,0,0,0,0,0,0,0,0,0,0,0,0,0,0,0,0,0,0,0,0,0,0,0,0,0,0,0,0,0,0,0,0,0,0,0,0,0,0,0,0,0,0,0,0,0,0,0,0,0,0,0,0,0,0,0,0,0,0,0,0,,,0
27-324,hds,"2024-08-12 10:07",1,1,0,0,1,1,,2,16,2,,3,1,,,,,,0,0,0,1,0,0,1,0,0,0,1,0,0,0,0,0,0,0,0,,,,,,3,,7,,,,5,,,,2,,,,1,0,0,0,0,0,0,0,0,0,0,0,0,0,,,,,,,,1,,,,,,,,,,,,,,1,0,0,0,0,0,0,0,0,0,0,0,0,0,,0,0,0,0,,0,,,,,,0,0,0,0,0,0,0,0,0,0,0,0,0,0,,,0,1,1,1,2022,11,0,,,0,2,74,152,37.1,122,118,51,21,95,5.1,15,0,0,0,0,32.029085872576,2,0,0,0,2,1,,0,,0,0,0,0,0,0,0,0,0,0,0,0,0,0,0,0,0,0,0,0,0,0,0,0,0,0,0,0,0,0,0,0,0,0,0,0,0,0,0,0,0,0,0,0,0,0,0,0,0,0,0,0,0,0,0,0,,,0,0,0,0,0,0,0,0,0,0,0,0,0,0,2,1,0,,,,,,,,,,,,,,,,0,,,,,,2,2,,3,0,0,0,0,0,0,0,0,0,0,0,0,0,0,0,0,0,0,0,0,0,0,1,1,0,0,1,0,0,0,0,0,1,0,0,0,0,0,0,0,,,,5,,,,,,5,,0,0,1,0,0,0,0,0,0,0,0,2,1,,AIQE3870NOF,,,,1,1,1,0,0,0,0,0,0,0,0,0,0,0,0,0,,1,,AIQE3871NOF,,1,0,0,0,0,0,0,0,0,0,,0,,,,,1,,AIQE2908NOF,,1,,AIQE3874NOF,,0,,,0,,,2,2,1,1733404046496.jpg,6436/24,0,,0,0,0,0,0,0,0,0,0,0,0,0,0,0,0,0,0,0,,,2,,,,,,,,,,,,,,,,,,,,,,,,,,,,0,"6436.24 PA",2024-08-13,,,2,,,,0,https://cloud.butterflynetwork.com/-/shared/gBqyq_npSvuYGLgNkUVMrA?region=US,0,0,0,0,0,0,0,0,0,0,0,,2,,,,,,,,,,,,,,,,,,,,,,,,,,,,,,,,,,,,,,,,,,,,,,,,,,0,,,0,0,0,0,0,0,0,0,0,0,0,0,0,0,0,0,0,,,,,,,,,,,,,,,,,,,,0,,,,,0,,,,,,,,,,,0,,,,,,,,,,,,,,,,,,,,,,,,,,,,,0,,,0,0,0,0,0,0,0,0,0,0,0,0,0,0,0,0,0,0,0,0,0,0,,,,,,,,,,,,,,,,,,,,,,,0,0,0,0,0,0,0,0,0,0,0,0,,,0,0,0,0,0,0,0,0,0,0,,,,,0,,0,0,0,0,0,0,0,0,0,0,0,0,0,0,0,0,0,0,0,0,0,0,0,0,0,0,0,0,0,0,0,0,0,0,0,0,0,0,0,0,0,0,0,0,0,0,0,0,0,0,0,0,0,0,0,0,0,0,0,0,0,0,0,0,0,0,0,0,0,0,0,0,0,0,0,0,0,0,0,0,0,0,0,0,0,0,0,0,0,0,0,0,0,0,0,0,0,0,,,0
27-325,hds,"2024-08-07 11:06",1,1,0,0,1,1,0,2,12,2,,5,1,,,,,,0,0,0,1,0,0,0,0,0,0,0,0,0,0,0,0,0,0,0,,,,,,3,,,,,,,,,,2,,,,1,0,0,0,0,0,0,0,0,0,0,0,0,0,,,,,,,,1,,,,,,,,,,,,,,1,0,0,0,0,0,0,0,0,0,0,0,0,0,,1,1,0,0,,0,,,,,,0,0,0,0,0,0,0,0,0,0,0,0,0,0,,,0,1,2,2,2020,6,0,,,0,0,52,163,36,133,113,56,18,89,5.8,15,0,0,0,0,19.571681282698,3,0,0,0,2,0,"Patient refused",0,,0,0,0,0,0,0,0,0,0,0,0,0,0,0,0,0,0,0,0,0,0,0,0,0,0,0,0,0,0,0,0,0,0,0,0,0,0,0,0,0,0,0,0,0,0,0,0,0,0,0,0,0,0,0,0,0,,,0,0,0,0,0,0,0,0,0,0,0,0,0,0,2,2,0,,,,,,,,,,,,,,,,0,,,,,,2,2,,3,0,0,0,0,0,0,0,0,0,0,0,0,0,0,0,0,0,0,0,0,0,0,0,1,0,0,1,0,0,0,0,0,0,0,0,0,0,0,0,0,,,,5,,,,,,,,0,1,1,0,0,0,0,0,0,0,0,2,1,,AIQE8112NOF,,,,1,1,1,0,0,0,0,0,0,0,0,0,0,0,0,0,,1,,AIQE9362NOF,,1,0,0,0,0,0,0,0,0,0,,0,,,,,1,,NICD,,0,,,,0,,,0,,,2,2,1,,,0,,0,0,0,0,0,0,0,0,0,0,0,0,0,0,0,0,0,0,,,2,,,,,,,,,,,,,,,,,,,,,,,,,,,,0,,,,,0,,,,0,https://cloud.butterflynetwork.com/-/shared/oHZydNpdThCN9OsqUI-4Og?region=US,0,0,0,0,1,0,0,0,0,0,0,"two folders with same butterfly link",2,,,,,,,,,,,,,,,,,,,,,,,,,,,,,,,,,,,,,,,,,,,,,,,,,,0,,,0,0,0,0,0,0,0,0,0,0,0,0,0,0,0,0,0,,,,,,,,,,,,,,,,,,,,0,,,,,0,,,,,,,,,,,0,,,,,,,,,,,,,,,,,,,,,,,,,,,,,0,,,0,0,0,0,0,0,0,0,0,0,0,0,0,0,0,0,0,0,0,0,0,0,,,,,,,,,,,,,,,,,,,,,,,0,0,0,0,0,0,0,0,0,0,0,0,,,0,0,0,0,0,0,0,0,0,0,,,,,0,,0,0,0,0,0,0,0,0,0,0,0,0,0,0,0,0,0,0,0,0,0,0,0,0,0,0,0,0,0,0,0,0,0,0,0,0,0,0,0,0,0,0,0,0,0,0,0,0,0,0,0,0,0,0,0,0,0,0,0,0,0,0,0,0,0,0,0,0,0,0,0,0,0,0,0,0,0,0,0,0,0,0,0,0,0,0,0,0,0,0,0,0,0,0,0,0,0,0,,,0
27-326,hds,"2024-08-12 23:18",1,1,0,0,1,1,,2,16,3,,,,1,,,,,0,0,0,0,0,0,0,1,0,0,0,0,0,0,0,0,0,0,0,,,,,,,,,2,,,,,,,2,,,,1,0,0,0,0,0,0,0,0,0,0,0,0,0,,,,,,,,1,,,,,,,,,,,,,,1,0,0,0,0,0,0,0,0,0,0,0,0,0,,1,1,0,0,,0,,,,,,0,0,0,0,0,0,0,0,0,0,0,0,0,0,,,0,0,,,,,0,,,0,2,67,174,36.1,87,236,100,32,80,8.3,15,1,0,0,1,22.129739727837,2,0,0,0,2,0,Refused,0,,0,0,0,0,0,0,0,0,0,0,0,0,0,0,0,0,0,0,0,0,0,0,0,0,0,0,0,0,0,0,0,0,0,0,0,0,0,0,0,0,0,0,0,0,0,0,0,0,0,0,0,0,0,0,0,0,,,0,0,0,0,0,0,0,0,0,0,0,0,0,0,2,1,0,,,,,,,,,,,,,,,,0,,,,,,2,2,,6,0,0,0,0,0,0,0,0,0,0,0,0,0,0,0,0,0,0,0,0,0,0,0,1,0,0,1,0,0,0,0,0,0,0,0,0,0,0,0,0,,,,5,,,,,,,,0,1,1,0,0,0,0,0,0,0,0,2,1,AIQE8158NOF,,AIQE9383NOF,,,1,1,1,0,0,0,1,0,0,0,0,0,0,0,0,0,,1,AIQE9381NOF,,,1,0,0,0,0,0,0,0,0,0,,0,,,,,1,,NICD,,0,,,,0,,,0,,,2,2,1,1733404138819.jpg,6428/24,0,,0,0,0,0,0,0,0,0,0,0,0,0,0,0,0,0,0,0,,,2,,,,,,,,,,,,,,,,,,,,,,,,,,,,0,"6428.24 AP",2024-08-12,,,2,,,,0,https://cloud.butterflynetwork.com/-/shared/T_bHTmR4SfiuEy3NViZ8tA?region=US,0,0,0,0,0,0,0,0,0,0,0,,2,,,,,,,,,,,,,,,,,,,,,,,,,,,,,,,,,,,,,,,,,,,,,,,,,,0,,,0,0,0,0,0,0,0,0,0,0,0,0,0,0,0,0,0,,,,,,,,,,,,,,,,,,,,0,,,,,0,,,,,,,,,,,0,,,,,,,,,,,,,,,,,,,,,,,,,,,,,0,,,0,0,0,0,0,0,0,0,0,0,0,0,0,0,0,0,0,0,0,0,0,0,,,,,,,,,,,,,,,,,,,,,,,0,0,0,0,0,0,0,0,0,0,0,0,,,0,0,0,0,0,0,0,0,0,0,,,,,0,,0,0,0,0,0,0,0,0,0,0,0,0,0,0,0,0,0,0,0,0,0,0,0,0,0,0,0,0,0,0,0,0,0,0,0,0,0,0,0,0,0,0,0,0,0,0,0,0,0,0,0,0,0,0,0,0,0,0,0,0,0,0,0,0,0,0,0,0,0,0,0,0,0,0,0,0,0,0,0,0,0,0,0,0,0,0,0,0,0,0,0,0,0,0,0,0,0,0,,,0
27-327,hds,"2024-08-16 13:06",1,1,0,0,1,1,,2,11,3,,,,4,,,,,0,1,0,0,0,0,1,0,0,0,0,0,0,0,0,0,0,0,0,,7,1,,,,,5,,,,,,,,2,,,,1,0,0,0,0,0,0,0,0,0,0,0,0,0,,,,,,,,1,,,,,,,,,,,,,,1,0,0,0,0,0,0,0,0,0,0,0,0,0,,0,0,0,0,,2,,,,,,0,0,0,0,0,0,0,0,0,0,0,0,0,0,,,0,0,,,,,0,,,0,0,60,151,38.9,130,133,71,26,89,8.8,15,1,0,0,1,26.314635323012,5,0,0,0,2,1,,0,,0,0,0,0,0,0,0,0,0,0,0,0,0,0,0,0,0,0,0,0,0,0,0,0,0,0,0,0,0,0,0,0,0,0,0,0,0,0,0,0,0,0,0,0,0,0,0,0,0,0,0,0,0,0,0,0,,,0,0,0,0,0,0,0,0,0,0,0,0,0,0,2,2,0,,,,,,,,,,,,,,,,0,,,,,,2,2,,3,0,0,0,0,0,0,1,0,0,0,0,0,0,0,0,0,0,0,0,0,0,0,0,1,0,0,0,0,1,0,0,1,1,0,0,0,0,0,0,0,,,,,,5,,,3,5,,0,0,1,0,0,0,0,0,0,0,0,2,1,,AIQE8394NOF,,,,1,1,0,0,0,0,0,0,0,0,0,0,0,0,0,0,,1,,AIQE8393NOF,,1,0,0,0,0,0,0,0,0,0,,0,,,,,1,,AIQE3962NOF,,0,,,,0,,,0,,,1,2,1,1733405076618.jpg,6567/24,0,,0,0,0,0,0,0,0,0,0,0,0,0,0,0,0,0,0,0,,,2,,,,,,,,,,,,,,,,,,,,,,,,,,,,0,"6567.24 PA",2024-08-16,,,2,,,,0,https://cloud.butterflynetwork.com/-/shared/bWmQzT4TR-qt57somBssew?region=US,1,0,0,0,0,0,0,0,0,0,0,,2,,,,,,,,,,,,,,,,,,,,,,,,,,,,,,,,,,,,,,,,,,,,,,,,,,0,,,0,0,0,0,0,0,0,0,0,0,0,0,0,0,0,0,0,,,,,,,,,,,,,,,,,,,,0,,,,,0,,,,,,,,,,,0,,,,,,,,,,,,,,,,,,,,,,,,,,,,,0,,,0,0,0,0,0,0,0,0,0,0,0,0,0,0,0,0,0,0,0,0,0,0,,,,,,,,,,,,,,,,,,,,,,,0,0,0,0,0,0,0,0,0,0,0,0,,,0,0,0,0,0,0,0,0,0,0,,,,,0,,0,0,0,0,0,0,0,0,0,0,0,0,0,0,0,0,0,0,0,0,0,0,0,0,0,0,0,0,0,0,0,0,0,0,0,0,0,0,0,0,0,0,0,0,0,0,0,0,0,0,0,0,0,0,0,0,0,0,0,0,0,0,0,0,0,0,0,0,0,0,0,0,0,0,0,0,0,0,0,0,0,0,0,0,0,0,0,0,0,0,0,0,0,0,0,0,0,0,,,0
27-328,hds,"2024-08-26 17:26",1,1,0,0,1,1,,2,16,2,,3,1,,,,,,0,0,0,1,0,0,0,1,1,0,0,0,0,0,0,0,0,0,0,,,,,,3,,,3,7,,,,,,2,,,,1,0,0,0,0,0,0,0,0,0,0,0,0,0,,,,,,,,1,,,,,,,,,,,,,,1,0,0,0,0,0,0,0,0,0,0,0,0,0,,0,0,0,0,,0,,,,,,0,0,0,0,0,0,0,0,0,0,0,0,0,0,,,0,1,1,1,2022,10,0,,,0,0,64,178,38.0,136,90,56,24,99,6.8,15,1,0,1,2,20.199469763919,1,0,0,0,2,0,Refused,0,,0,0,0,0,0,0,0,0,0,0,0,0,0,0,0,0,0,0,0,0,0,0,0,0,0,0,0,0,0,0,0,0,0,0,0,0,0,0,0,0,0,0,0,0,0,0,0,0,0,0,0,0,0,0,0,0,,,0,0,0,0,0,0,0,0,0,0,0,0,0,0,2,1,0,,,,,,,,,,,,,,,,0,,,,,,2,2,,6,0,0,0,0,0,0,0,0,0,0,0,0,0,0,0,0,0,0,0,0,0,0,0,1,0,0,1,0,0,0,0,1,0,0,0,0,0,0,0,0,,,,7,,,,,3,,,0,1,1,0,0,0,0,0,0,0,0,2,1,,AIYO5273NOF,,ADLK2516HOF,,1,1,1,1,1,0,0,0,0,0,0,0,0,0,0,0,,1,,AIYO5275NOF,,1,0,0,0,0,0,0,0,0,0,,0,,,,,1,,AIYO5463NOF,,0,,,,0,,,0,,,0,2,1,1733404403291.jpg,6846/24,0,,0,0,0,0,0,0,0,0,0,0,0,0,0,0,0,0,0,0,,,2,,,,,,,,,,,,,,,,,,,,,,,,,,,,0,"6846.24 PA",2024-08-27,,,2,,,,0,https://cloud.butterflynetwork.com/-/shared/PHeKE6ltQZeT393xnyDLEA?region=US,1,0,0,0,0,0,0,0,0,0,0,,2,,,,,,,,,,,,,,,,,,,,,,,,,,,,,,,,,,,,,,,,,,,,,,,,,,0,,,0,0,0,0,0,0,0,0,0,0,0,0,0,0,0,0,0,,,,,,,,,,,,,,,,,,,,0,,,,,0,,,,,,,,,,,0,,,,,,,,,,,,,,,,,,,,,,,,,,,,,0,,,0,0,0,0,0,0,0,0,0,0,0,0,0,0,0,0,0,0,0,0,0,0,,,,,,,,,,,,,,,,,,,,,,,0,0,0,0,0,0,0,0,0,0,0,0,,,0,0,0,0,0,0,0,0,0,0,,,,,0,,0,0,0,0,0,0,0,0,0,0,0,0,0,0,0,0,0,0,0,0,0,0,0,0,0,0,0,0,0,0,0,0,0,0,0,0,0,0,0,0,0,0,0,0,0,0,0,0,0,0,0,0,0,0,0,0,0,0,0,0,0,0,0,0,0,0,0,0,0,0,0,0,0,0,0,0,0,0,0,0,0,0,0,0,0,0,0,0,0,0,0,0,0,0,0,0,0,0,,,0
27-329,hds,"2024-09-09 02:49",1,1,0,0,1,1,,2,16,2,,21,1,,,,,,0,0,1,1,0,1,1,0,0,0,0,0,0,0,0,0,0,0,0,,,,60,1,14,,21,,,,,,,,2,,,,2,0,1,1,0,0,0,0,0,0,0,0,0,0,,,7,3,,,,1,,,,,,,,,,,,,,1,0,0,0,0,0,0,0,0,0,0,0,0,0,,0,1,0,0,,1,,,,,2,0,0,0,0,0,0,0,0,0,0,0,0,0,0,,,0,0,,,,,0,,,0,0,77,173,36.4,117,114,85,30,89,6.3,15,1,0,0,1,25.727555214006,2,1,0,0,2,0,"Patient refused",0,,0,0,0,0,0,0,0,0,0,0,0,0,0,0,0,0,0,0,0,0,0,0,0,0,0,0,0,0,0,0,0,0,0,0,0,0,0,0,0,0,0,0,0,0,0,0,0,0,0,0,0,0,0,0,0,0,,,0,0,0,0,0,0,0,0,0,0,0,0,0,0,2,2,1,"Unable to get a good video of a spleen, because the patient was complaining about chest pain",,,,,,,,,,,,,,,1,1,,1,,1,2,2,,6,0,0,0,0,0,0,0,0,0,0,0,0,0,0,0,0,0,0,0,0,0,0,0,1,0,0,0,0,1,0,0,0,0,0,0,0,0,0,0,0,,,,,,7,,,,,,1,1,1,0,0,0,0,0,0,0,0,2,1,,AIJT817NOF,,,,1,1,1,0,0,0,0,0,0,0,0,0,0,0,0,0,,1,,AIYO5179NOF,,1,0,0,0,0,0,0,0,0,0,,0,,,,,1,,AIJT8233NOF,,0,,,,0,,,0,,,0,2,1,1733751559536.jpg,7174/24,0,,0,0,0,0,0,0,0,0,0,0,0,0,0,0,0,0,0,0,,,2,,,,,,,,,,,,,,,,,,,,,,,,,,,,0,"7174.24 PA",2024-09-09,,,2,,,,0,https://cloud.butterflynetwork.com/-/shared/ep1xp51gT_eiAlQN55MFDg?region=US,0,0,0,0,0,0,0,0,0,0,0,,2,,,,,,,,,,,,,,,,,,,,,,,,,,,,,,,,,,,,,,,,,,,,,,,,,,0,,,0,0,0,0,0,0,0,0,0,0,0,0,0,0,0,0,0,,,,,,,,,,,,,,,,,,,,0,,,,,0,,,,,,,,,,,0,,,,,,,,,,,,,,,,,,,,,,,,,,,,,0,,,0,0,0,0,0,0,0,0,0,0,0,0,0,0,0,0,0,0,0,0,0,0,,,,,,,,,,,,,,,,,,,,,,,0,0,0,0,0,0,0,0,0,0,0,0,,,0,0,0,0,0,0,0,0,0,0,,,,,0,,0,0,0,0,0,0,0,0,0,0,0,0,0,0,0,0,0,0,0,0,0,0,0,0,0,0,0,0,0,0,0,0,0,0,0,0,0,0,0,0,0,0,0,0,0,0,0,0,0,0,0,0,0,0,0,0,0,0,0,0,0,0,0,0,0,0,0,0,0,0,0,0,0,0,0,0,0,0,0,0,0,0,0,0,0,0,0,0,0,0,0,0,0,0,0,0,0,0,,,0
27-330,hds,"2024-09-10 08:58",1,1,0,0,1,1,,2,16,3,,,,2,,,,,0,1,0,1,0,0,0,0,0,0,0,0,0,0,0,0,0,0,0,,14,1,,,14,,,,,,,,,,2,0,0,,1,0,0,0,0,0,0,0,0,0,0,0,0,0,,,,,,,,2,,,,2023,,0,,0,,3,3,,,1,0,0,0,0,0,0,0,0,0,0,0,0,0,,0,0,0,0,,0,,,,,,0,0,0,0,0,0,0,0,0,0,0,0,0,0,,,0,1,2,2,2021,10,0,,,0,2,74,178,38.4,136,160,71,30,84,6.6,15,1,0,0,1,23.355636914531,3,1,0,0,2,1,,0,,0,0,0,0,0,0,0,0,0,0,0,0,0,0,0,0,0,0,0,0,0,0,0,0,0,0,0,0,0,0,0,0,0,0,0,0,0,0,0,0,0,0,0,0,0,0,0,0,0,0,0,0,0,0,0,0,,,0,0,0,0,0,0,0,0,0,0,0,0,0,0,2,1,0,,,,,,,,,,,,,,,,1,1,,2,,1,2,2,,6,0,0,0,0,0,0,0,0,0,0,0,0,0,0,0,0,0,0,0,0,0,0,0,1,0,0,1,0,0,0,0,1,0,0,0,0,0,0,0,0,,,,7,,,,,3,,,0,1,1,0,0,0,0,0,0,0,0,2,1,,AIJT8130NOF,,,,1,1,1,0,0,0,1,0,0,0,0,0,0,0,0,0,,1,,AIJT8084NOF,,1,0,0,0,0,0,0,0,0,0,,0,,,,,1,,AIJT8086NOF,,0,,,,0,,,0,,,2,2,1,1733404573074.jpg,7244/24,0,,0,0,0,0,0,0,0,0,0,0,0,0,0,0,0,0,0,0,,,2,,,,,,,,,,,,,,,,,,,,,,,,,,,,0,"7244.24 AP",2024-09-11,,,2,,,,0,https://cloud.butterflynetwork.com/-/shared/LGuFftJ6TnStMx7Sko-0TA?region=US,0,0,0,0,0,0,0,0,0,0,0,,2,,,,,,,,,,,,,,,,,,,,,,,,,,,,,,,,,,,,,,,,,,,,,,,,,,0,,,0,0,0,0,0,0,0,0,0,0,0,0,0,0,0,0,0,,,,,,,,,,,,,,,,,,,,0,,,,,0,,,,,,,,,,,0,,,,,,,,,,,,,,,,,,,,,,,,,,,,,0,,,0,0,0,0,0,0,0,0,0,0,0,0,0,0,0,0,0,0,0,0,0,0,,,,,,,,,,,,,,,,,,,,,,,0,0,0,0,0,0,0,0,0,0,0,0,,,0,0,0,0,0,0,0,0,0,0,,,,,0,,0,0,0,0,0,0,0,0,0,0,0,0,0,0,0,0,0,0,0,0,0,0,0,0,0,0,0,0,0,0,0,0,0,0,0,0,0,0,0,0,0,0,0,0,0,0,0,0,0,0,0,0,0,0,0,0,0,0,0,0,0,0,0,0,0,0,0,0,0,0,0,0,0,0,0,0,0,0,0,0,0,0,0,0,0,0,0,0,0,0,0,0,0,0,0,0,0,0,,,0
27-331,hds,"2024-08-26 14:25",1,1,0,0,1,1,0,2,11,3,,,,7,,,,,0,1,0,0,0,0,0,0,0,0,0,0,0,0,0,0,0,0,0,,14,1,,,,,,,,,,,,,2,,,,1,0,0,0,0,0,0,0,0,0,0,0,0,0,,,,,,,,1,,,,,,,,,,,,,,2,0,0,0,0,0,0,0,0,0,0,0,0,0,,0,0,0,0,,2,,,,,,0,0,0,0,0,0,0,0,0,0,0,0,0,0,,,0,0,,,,,0,,,1,0,63,168,36.5,105,102,64,18,100,5.7,15,0,0,0,0,22.321428571429,2,0,0,1,2,1,,0,,0,0,0,0,0,0,0,0,0,0,0,0,0,0,0,0,0,0,0,0,0,0,0,0,0,0,0,0,0,0,0,0,0,0,0,0,0,0,0,0,0,0,0,0,0,0,0,0,0,0,0,0,0,0,0,0,,,0,0,0,0,0,0,0,0,0,0,0,0,0,0,2,2,0,,,,,,,,,,,,,,,,0,,,,,,2,2,,3,0,0,0,0,0,0,0,0,0,0,0,0,0,0,0,0,0,0,0,0,0,0,0,1,1,0,0,0,1,0,0,0,0,0,0,0,0,0,0,0,,5,,,,5,,,,,,0,0,1,0,0,0,0,0,0,0,0,2,1,,AIYO5265NOF,,,,1,1,1,0,0,0,0,0,0,0,0,0,0,0,0,0,,0,,,,0,0,0,0,0,0,0,0,0,0,,0,,,,,1,,AIYO5462NOF,,0,,,,0,,,0,,,2,2,1,1733404298787.jpg,8607/24,0,,0,0,0,0,0,0,0,0,0,0,0,0,0,0,0,0,0,0,,,2,,,,,,,,,,,,,,,,,,,,,,,,,,,,0,,,,,0,,,,0,https://cloud.butterflynetwork.com/-/shared/pTyv91bvQzaXHn-emXG6NQ?region=US,0,0,0,0,0,0,0,0,0,0,0,,2,,,,,,,,,,,,,,,,,,,,,,,,,,,,,,,,,,,,,,,,,,,,,,,,,,0,,,0,0,0,0,0,0,0,0,0,0,0,0,0,0,0,0,0,,,,,,,,,,,,,,,,,,,,0,,,,,0,,,,,,,,,,,0,,,,,,,,,,,,,,,,,,,,,,,,,,,,,0,,,0,0,0,0,0,0,0,0,0,0,0,0,0,0,0,0,0,0,0,0,0,0,,,,,,,,,,,,,,,,,,,,,,,0,0,0,0,0,0,0,0,0,0,0,0,,,0,0,0,0,0,0,0,0,0,0,,,,,0,,0,0,0,0,0,0,0,0,0,0,0,0,0,0,0,0,0,0,0,0,0,0,0,0,0,0,0,0,0,0,0,0,0,0,0,0,0,0,0,0,0,0,0,0,0,0,0,0,0,0,0,0,0,0,0,0,0,0,0,0,0,0,0,0,0,0,0,0,0,0,0,0,0,0,0,0,0,0,0,0,0,0,0,0,0,0,0,0,0,0,0,0,0,0,0,0,0,0,,,0
27-332,hds,"2024-09-05 11:48",1,1,0,0,1,1,0,2,11,3,,,,6,,,,,0,0,1,0,0,0,0,0,0,0,0,0,0,0,0,0,0,0,0,,,,,8,,,,,,,,,,,2,,,,1,0,0,0,0,0,0,0,0,0,0,0,0,0,,,,,,,,1,,,,,,,,,,,,,,1,0,0,0,0,0,0,0,0,0,0,0,0,0,,0,0,0,0,,1,,,,,,0,0,0,0,0,0,0,0,0,0,0,0,0,0,,,0,0,,,,,0,,,1,0,63,164,36.8,95,142,77,18,95,5.0,15,0,0,0,0,23.423557406306,2,0,0,1,2,0,"Patient  coughing non stop",0,,0,0,0,0,0,0,0,0,0,0,0,0,0,0,0,0,0,0,0,0,0,0,0,0,0,0,0,0,0,0,0,0,0,0,0,0,0,0,0,0,0,0,0,0,0,0,0,0,0,0,0,0,0,0,0,0,,,0,0,0,0,0,0,0,0,0,0,0,0,0,0,2,2,0,,,,,,,,,,,,,,,,0,,,,,,2,2,,3,0,0,0,0,0,0,0,0,0,0,0,0,0,0,0,0,0,0,0,0,0,0,1,1,0,0,1,0,0,0,0,0,0,0,0,0,0,0,0,0,,,,5,,,,,,,,0,1,1,0,0,0,0,0,0,0,0,2,1,,AIY05812NOF,,,,1,1,1,0,0,0,0,0,0,0,0,0,0,0,0,0,,,,,,0,0,0,0,0,0,0,0,0,0,,,,,,,,,,,,,,,,,,,,,,0,0,,,,,0,0,0,0,0,0,0,0,0,0,0,0,0,0,0,0,0,0,,,2,,,,,,,,,,,,,,,,,,,,,,,,,,,,0,,,,,2,,,,0,https://cloud.butterflynetwork.com/-/shared/Kc2tHerBQ9yeSKDU_T0BHA?region=US,0,0,0,0,0,0,0,0,0,0,0,,2,,,,,,,,,,,,,,,,,,,,,,,,,,,,,,,,,,,,,,,,,,,,,,,,,,0,,,0,0,0,0,0,0,0,0,0,0,0,0,0,0,0,0,0,,,,,,,,,,,,,,,,,,,,0,,,,,0,,,,,,,,,,,0,,,,,,,,,,,,,,,,,,,,,,,,,,,,,0,,,0,0,0,0,0,0,0,0,0,0,0,0,0,0,0,0,0,0,0,0,0,0,,,,,,,,,,,,,,,,,,,,,,,0,0,0,0,0,0,0,0,0,0,0,0,,,0,0,0,0,0,0,0,0,0,0,,,,,0,,0,0,0,0,0,0,0,0,0,0,0,0,0,0,0,0,0,0,0,0,0,0,0,0,0,0,0,0,0,0,0,0,0,0,0,0,0,0,0,0,0,0,0,0,0,0,0,0,0,0,0,0,0,0,0,0,0,0,0,0,0,0,0,0,0,0,0,0,0,0,0,0,0,0,0,0,0,0,0,0,0,0,0,0,0,0,0,0,0,0,0,0,0,0,0,0,0,0,,,0
27-333,hds,"2024-09-15 19:50",1,1,0,0,1,1,,2,16,2,,3,1,,,,,,0,0,1,1,0,1,1,0,0,0,0,0,0,0,0,0,0,0,0,,,,30,1,3,,30,,,,,,,,2,,,,1,0,0,0,0,0,0,0,0,0,0,0,0,0,,,,,,,,1,,,,,,,,,,,,,,1,0,0,0,0,0,0,0,0,0,0,0,0,0,,0,0,0,0,,1,,,,,2,0,0,0,0,0,0,0,0,0,0,0,0,0,0,,,0,1,1,1,2022,11,0,,,0,2,75,162,36.8,104,114,73,20,98,6.3,15,0,0,0,0,28.577960676726,2,0,0,0,2,0,Refused,0,,0,0,0,0,0,0,0,0,0,0,0,0,0,0,0,0,0,0,0,0,0,0,0,0,0,0,0,0,0,0,0,0,0,0,0,0,0,0,0,0,0,0,0,0,0,0,0,0,0,0,0,0,0,0,0,0,,,0,0,0,0,0,0,0,0,0,0,0,0,0,0,2,1,0,,,,,,,,,,,,,,,,0,,,,,,2,2,,3,0,0,0,0,0,1,0,0,0,0,0,0,0,0,0,0,0,0,0,0,0,0,0,1,0,0,0,0,1,0,0,0,1,0,0,0,0,0,0,0,,,,,,7,,,,7,,0,1,1,0,0,0,0,0,0,0,0,2,1,,ADLQ5015HOF,,,,1,1,1,0,1,1,0,0,0,0,0,0,0,0,0,0,,1,,AIJT8407NOF,,1,0,0,0,0,0,0,0,0,0,,0,,,,,0,,,,0,,,,0,,,0,,,0,2,0,,,,,0,0,0,0,0,0,0,0,0,0,0,0,0,0,0,0,0,0,,,2,,,,,,,,,,,,,,,,,,,,,,,,,,,,0,,,,,2,,,,0,https://cloud.butterflynetwork.com/-/shared/Xnb2tUS1SyKUBNQ89s_sjA?region=US,0,0,0,0,0,0,0,0,0,0,0,,2,,,,,,,,,,,,,,,,,,,,,,,,,,,,,,,,,,,,,,,,,,,,,,,,,,0,,,0,0,0,0,0,0,0,0,0,0,0,0,0,0,0,0,0,,,,,,,,,,,,,,,,,,,,0,,,,,0,,,,,,,,,,,0,,,,,,,,,,,,,,,,,,,,,,,,,,,,,0,,,0,0,0,0,0,0,0,0,0,0,0,0,0,0,0,0,0,0,0,0,0,0,,,,,,,,,,,,,,,,,,,,,,,0,0,0,0,0,0,0,0,0,0,0,0,,,0,0,0,0,0,0,0,0,0,0,,,,,0,,0,0,0,0,0,0,0,0,0,0,0,0,0,0,0,0,0,0,0,0,0,0,0,0,0,0,0,0,0,0,0,0,0,0,0,0,0,0,0,0,0,0,0,0,0,0,0,0,0,0,0,0,0,0,0,0,0,0,0,0,0,0,0,0,0,0,0,0,0,0,0,0,0,0,0,0,0,0,0,0,0,0,0,0,0,0,0,0,0,0,0,0,0,0,0,0,0,0,,,0
27-334,hds,"2024-09-17 11:40",1,1,0,0,1,1,0,2,12,4,,,,,5,,,,0,1,0,0,0,0,0,0,0,0,0,0,0,0,0,0,0,0,0,,7,0,,,,,,,,,,,,,2,,,,1,0,0,0,0,0,0,0,0,0,0,0,0,0,,,,,,,,1,,,,,,,,,,,,,,3,0,0,0,0,0,0,0,0,0,0,0,0,0,,0,0,0,0,,0,,,,,,0,0,0,0,0,0,0,0,0,0,0,0,0,0,,,0,0,,,,,0,,,0,0,50,157,36,136,135,102,18,89,6.9,15,0,0,0,0,20.28479857195,2,0,0,0,2,1,,0,,0,0,0,0,0,0,0,0,0,0,0,0,0,0,0,0,0,0,0,0,0,0,0,0,0,0,0,0,0,0,0,0,0,0,0,0,0,0,0,0,0,0,0,0,0,0,0,0,0,0,0,0,0,0,0,0,,,0,0,0,0,0,0,0,0,0,0,0,0,0,0,2,2,0,,,,,,,,,,,,,,,,1,2,2,,1,,2,2,,3,0,0,0,0,0,0,0,0,0,0,0,0,0,0,0,0,0,0,0,0,0,0,0,1,0,0,1,0,1,0,0,0,0,0,0,0,0,0,0,0,,,,,,,,,,,,0,0,1,0,0,0,0,0,0,0,0,2,1,,AIJ8436NOF,,,,1,1,0,0,0,0,0,0,0,0,0,0,0,0,0,0,,0,,,,0,0,0,0,0,0,0,0,0,0,,0,,,,,1,,AIJT8387NOF,,0,,,,0,,,0,,,0,2,1,1733405276373.jpg,7378/24,0,,0,0,0,0,0,0,0,0,0,0,0,0,0,0,0,0,0,0,,,2,,,,,,,,,,,,,,,,,,,,,,,,,,,,0,"7378.24 PA",2024-09-19,,,2,,,,0,https://cloud.butterflynetwork.com/-/shared/nlgUKQxmTg2y757H7yS1qA?region=US,0,0,0,0,0,0,0,0,0,0,0,,2,,,,,,,,,,,,,,,,,,,,,,,,,,,,,,,,,,,,,,,,,,,,,,,,,,0,,,0,0,0,0,0,0,0,0,0,0,0,0,0,0,0,0,0,,,,,,,,,,,,,,,,,,,,0,,,,,0,,,,,,,,,,,0,,,,,,,,,,,,,,,,,,,,,,,,,,,,,0,,,0,0,0,0,0,0,0,0,0,0,0,0,0,0,0,0,0,0,0,0,0,0,,,,,,,,,,,,,,,,,,,,,,,0,0,0,0,0,0,0,0,0,0,0,0,,,0,0,0,0,0,0,0,0,0,0,,,,,0,,0,0,0,0,0,0,0,0,0,0,0,0,0,0,0,0,0,0,0,0,0,0,0,0,0,0,0,0,0,0,0,0,0,0,0,0,0,0,0,0,0,0,0,0,0,0,0,0,0,0,0,0,0,0,0,0,0,0,0,0,0,0,0,0,0,0,0,0,0,0,0,0,0,0,0,0,0,0,0,0,0,0,0,0,0,0,0,0,0,0,0,0,0,0,0,0,0,0,,,0
27-335,hds,"2024-09-25 13:56",1,1,0,0,1,1,,2,16,3,,,,2,,,,,0,1,0,0,0,0,0,0,0,0,0,0,0,0,0,0,0,0,0,,14,0,,,,,,,,,,,,,2,,,,1,0,0,0,0,0,0,0,0,0,0,0,0,0,,,,,,,,4,04/2024,2,,,,0,,0,,,,,,1,0,0,0,0,0,0,0,0,0,0,0,0,0,,0,1,0,0,,1,295,2024-09-25,,,2,0,0,0,0,0,0,0,0,0,0,0,0,0,0,,,0,0,,,,,0,,,0,2,71,177,36.4,77,143,71,18,90,6.1,15,0,0,0,0,22.662708672476,2,0,0,0,2,0,"Patient refused",0,,0,0,0,0,0,0,0,0,0,0,0,0,0,0,0,0,0,0,0,0,0,0,0,0,0,0,0,0,0,0,0,0,0,0,0,0,0,0,0,0,0,0,0,0,0,0,0,0,0,0,0,0,0,0,0,0,,,0,0,0,0,0,0,0,0,0,0,0,0,0,0,2,1,0,,,,,,,,,,,,,,,,0,,,,,,2,2,,6,0,0,0,0,0,0,0,0,0,0,0,0,0,0,0,0,0,0,0,0,0,0,1,1,0,0,1,0,0,0,0,0,0,0,0,0,0,0,0,0,,,,7,,,,,,,,0,1,1,0,0,0,0,0,0,0,0,2,1,,AIYO4093NOF,,ADLQ5015HOF,,1,1,1,0,1,1,1,0,0,0,0,0,0,0,0,0,,1,,AIYO4094NOF,,1,0,0,0,0,0,0,0,0,0,,0,,,,,0,,,,0,,,,0,,,0,,,2,2,0,,,,,0,0,0,0,0,0,0,0,0,0,0,0,0,0,0,0,0,0,,,2,,,,,,,,,,,,,,,,,,,,,,,,,,,,0,,,,,2,,,,0,,0,1,0,0,0,0,0,0,0,0,0,,0,,,,,,,,,,,,,,,,,,,,,,,,,,,,,,,,,,,,,,,,,,,,,,,,,,0,,,0,0,0,0,0,0,0,0,0,0,0,0,0,0,0,0,0,,,,,,,,,,,,,,,,,,,,0,,,,,0,,,,,,,,,,,0,,,,,,,,,,,,,,,,,,,,,,,,,,,,,0,,,0,0,0,0,0,0,0,0,0,0,0,0,0,0,0,0,0,0,0,0,0,0,,,,,,,,,,,,,,,,,,,,,,,0,0,0,0,0,0,0,0,0,0,0,0,,,0,0,0,0,0,0,0,0,0,0,,,,,0,,0,0,0,0,0,0,0,0,0,0,0,0,0,0,0,0,0,0,0,0,0,0,0,0,0,0,0,0,0,0,0,0,0,0,0,0,0,0,0,0,0,0,0,0,0,0,0,0,0,0,0,0,0,0,0,0,0,0,0,0,0,0,0,0,0,0,0,0,0,0,0,0,0,0,0,0,0,0,0,0,0,0,0,0,0,0,0,0,0,0,0,0,0,0,0,0,0,0,,,0
27-336,hds,"2024-10-02 09:45",1,1,0,0,1,1,0,2,,,,,,,,,,,0,0,0,0,0,0,0,0,0,0,0,0,0,0,0,0,0,0,0,,,,,,,,,,,,,,,,,,,,,0,0,0,0,0,0,0,0,0,0,0,0,0,,,,,,,,,,,,,,,,,,,,,,,,0,0,0,0,0,0,0,0,0,0,0,0,,,,,,,,,,,,,0,0,0,0,0,0,0,0,0,0,0,0,0,0,,,,,,,,,,,,,,,,,,,,,,,,,,,,,,,,,0,,,,,0,0,0,0,0,0,0,0,0,0,0,0,0,0,0,0,0,0,0,0,0,0,0,0,0,0,0,0,0,0,0,0,0,0,0,0,0,0,0,0,0,0,0,0,0,0,0,0,0,0,0,0,0,0,0,0,,,0,0,0,0,0,0,0,0,0,0,0,0,0,0,0,,,,,,,,,,,,,,,,,,,,,,,,0,,,,0,0,0,0,0,0,0,0,0,0,0,0,0,0,0,0,0,0,0,0,0,0,,,0,0,0,0,0,0,0,0,0,0,0,0,0,0,0,0,,,,,,,,,,,,,,0,0,0,0,0,0,0,0,0,0,,,,,,,0,0,0,0,0,0,0,0,0,0,0,0,0,0,0,0,,,,,,0,0,0,0,0,0,0,0,0,0,,,,,,,,,,,,,,,,,,,,,,0,0,,,,,0,0,0,0,0,0,0,0,0,0,0,0,0,0,0,0,0,0,,,0,,,,,,,,,,,,,,,,,,,,,,,,,,,,0,,,,,2,,,,0,,0,1,0,0,0,0,0,0,0,0,0,,0,,,,,,,,,,,,,,,,,,,,,,,,,,,,,,,,,,,,,,,,,,,,,,,,,,0,,,0,0,0,0,0,0,0,0,0,0,0,0,0,0,0,0,0,,,,,,,,,,,,,,,,,,,,0,,,,,0,,,,,,,,,,,0,,,,,,,,,,,,,,,,,,,,,,,,,,,,,0,,,0,0,0,0,0,0,0,0,0,0,0,0,0,0,0,0,0,0,0,0,0,0,,,,,,,,,,,,,,,,,,,,,,,0,0,0,0,0,0,0,0,0,0,0,0,,,0,0,0,0,0,0,0,0,0,0,,,,,0,,0,0,0,0,0,0,0,0,0,0,0,0,0,0,0,0,0,0,0,0,0,0,0,0,0,0,0,0,0,0,0,0,0,0,0,0,0,0,0,0,0,0,0,0,0,0,0,0,0,0,0,0,0,0,0,0,0,0,0,0,0,0,0,0,0,0,0,0,0,0,0,0,0,0,0,0,0,0,0,0,0,0,0,0,0,0,0,0,0,0,0,0,0,0,0,0,0,0,,,0
27-337,hds,"2024-11-05 09:49",1,1,0,0,1,1,,2,16,3,,,,2,,,,,0,1,0,0,0,0,1,0,0,0,0,0,0,0,0,0,0,0,0,,10,1,,,,,30,,,,,,,,2,,,,1,0,0,0,0,0,0,0,0,0,0,0,0,0,,,,,,,,2,,,,2014,,0,,0,,3,5,,,1,0,0,0,0,0,0,0,0,0,0,0,0,0,,0,0,0,0,,1,,,,,2,0,0,0,0,0,0,0,0,0,0,0,0,0,0,,,0,1,1,1,2022,10,0,,,1,2,76,162,38,131,102,70,22,90,6.2,15,1,0,0,1,28.959000152416,2,0,0,0,2,0,"Patient refused",0,,0,0,0,0,0,0,0,0,0,0,0,0,0,0,0,0,0,0,0,0,0,0,0,0,0,0,0,0,0,0,0,0,0,0,0,0,0,0,0,0,0,0,0,0,0,0,0,0,0,0,0,0,0,0,0,0,,,0,0,0,0,0,0,0,0,0,0,0,0,0,0,0,1,0,,,,,,,,,,,,,,,,0,,,,,,2,2,,6,1,0,0,0,0,0,0,0,0,0,0,0,0,0,0,0,0,0,0,0,0,0,0,1,0,0,0,0,1,0,0,1,1,0,0,0,0,0,0,0,,,,,,7,,,3,5,,0,1,1,0,0,0,0,0,0,0,0,2,1,,AIYQ0505NOF,,,,1,1,1,0,0,1,1,0,1,0,0,0,0,0,0,0,,1,,AISI4800NOF,,1,0,0,0,0,0,0,0,0,0,,0,,,,,1,,NICD,,0,,,,0,,,0,,,0,2,1,,"8302/24 mapulaneng",0,,0,0,0,0,0,0,0,0,0,0,0,0,0,0,0,0,0,0,,,2,,,,,,,,,,,,,,,,,,,,,,,,,,,,0,,,,,0,,,,0,https://cloud.butterflynetwork.com/-/shared/aM3dEXbZTJWrgxTBaKjZSg?region=US,0,0,0,0,0,0,0,0,0,0,0,,2,,,,,,,,,,,,,,,,,,,,,,,,,,,,,,,,,,,,,,,,,,,,,,,,,,0,,,0,0,0,0,0,0,0,0,0,0,0,0,0,0,0,0,0,,,,,,,,,,,,,,,,,,,,0,,,,,0,,,,,,,,,,,0,,,,,,,,,,,,,,,,,,,,,,,,,,,,,0,,,0,0,0,0,0,0,0,0,0,0,0,0,0,0,0,0,0,0,0,0,0,0,,,,,,,,,,,,,,,,,,,,,,,0,0,0,0,0,0,0,0,0,0,0,0,,,0,0,0,0,0,0,0,0,0,0,,,,,0,,0,0,0,0,0,0,0,0,0,0,0,0,0,0,0,0,0,0,0,0,0,0,0,0,0,0,0,0,0,0,0,0,0,0,0,0,0,0,0,0,0,0,0,0,0,0,0,0,0,0,0,0,0,0,0,0,0,0,0,0,0,0,0,0,0,0,0,0,0,0,0,0,0,0,0,0,0,0,0,0,0,0,0,0,0,0,0,0,0,0,0,0,0,0,0,0,0,0,,,0
27-338,hds,"2024-11-19 10:32",1,1,0,0,1,1,,2,16,2,,21,1,,,,,,0,0,0,1,0,0,1,1,0,0,0,0,0,0,0,0,0,0,0,,,,,,5,,30,3,,,,,,,2,,,,1,0,0,0,0,0,0,0,0,0,0,0,0,0,,,,,,,,1,,,,,,,,,,,,,,1,0,0,0,0,0,0,0,0,0,0,0,0,0,,0,0,0,0,,1,04,2024-11-19,,,2,0,0,0,0,0,0,0,0,0,0,0,0,0,0,,,0,0,,,,,0,,,0,2,50,156,36.5,139,115,60,22,93,4.6,15,1,0,0,1,20.545693622617,2,0,0,0,2,0,"Patient went to Mapulaneng for X-ray ",0,,0,0,0,0,0,0,0,0,0,0,0,0,0,0,0,0,0,0,0,0,0,0,0,0,0,0,0,0,0,0,0,0,0,0,0,0,0,0,0,0,0,0,0,0,0,0,0,0,0,0,0,0,0,0,0,0,,,0,0,0,0,0,0,0,0,0,0,0,0,0,0,2,1,0,,,,,,,,,,,,,,,,0,,,,,,2,2,,6,0,0,0,0,0,0,0,0,0,0,0,0,0,0,0,0,0,0,0,0,0,0,0,1,0,0,0,0,1,0,0,1,1,0,0,0,0,0,0,0,,,,,,5,,,3,5,,0,1,1,0,0,0,0,0,0,0,0,2,1,,ADOI0244HOF,,,,1,1,1,0,1,0,0,0,0,0,0,0,0,0,0,0,,1,,AJDJ7654NOF,,1,0,0,0,0,0,0,0,0,0,,0,,,,,1,,AJDJ7618NOF,,0,,,,0,,,0,,,0,2,0,,,,,0,0,0,0,0,0,0,0,0,0,0,0,0,0,0,0,0,0,,,2,,,,,,,,,,,,,,,,,,,,,,,,,,,,0,,,,,2,,,,0,https://cloud.butterflynetwork.com/-/shared/LLVpCxQrTlGfmAz49Cwq9g?region=US,0,0,0,0,0,0,0,0,0,0,0,,2,,,,,,,,,,,,,,,,,,,,,,,,,,,,,,,,,,,,,,,,,,,,,,,,,,0,,,0,0,0,0,0,0,0,0,0,0,0,0,0,0,0,0,0,,,,,,,,,,,,,,,,,,,,0,,,,,0,,,,,,,,,,,0,,,,,,,,,,,,,,,,,,,,,,,,,,,,,0,,,0,0,0,0,0,0,0,0,0,0,0,0,0,0,0,0,0,0,0,0,0,0,,,,,,,,,,,,,,,,,,,,,,,0,0,0,0,0,0,0,0,0,0,0,0,,,0,0,0,0,0,0,0,0,0,0,,,,,0,,0,0,0,0,0,0,0,0,0,0,0,0,0,0,0,0,0,0,0,0,0,0,0,0,0,0,0,0,0,0,0,0,0,0,0,0,0,0,0,0,0,0,0,0,0,0,0,0,0,0,0,0,0,0,0,0,0,0,0,0,0,0,0,0,0,0,0,0,0,0,0,0,0,0,0,0,0,0,0,0,0,0,0,0,0,0,0,0,0,0,0,0,0,0,0,0,0,0,,,0
27-339,hds,"2024-11-21 09:46",1,1,0,0,1,1,0,2,15,2,,5,1,,,,,,0,0,1,0,0,0,0,0,0,0,0,0,0,0,0,0,0,0,0,,,,,3,,,,,,,,,,,2,,,,1,0,0,0,0,0,0,0,0,0,0,0,0,0,,,,,,,,1,,,,,,,,,,,,,,1,0,0,0,0,0,0,0,0,0,0,0,0,0,,0,0,0,0,,2,,,,,,0,0,0,0,0,0,0,0,0,0,0,0,0,0,,,0,0,,,,,0,,,0,0,72,173,37,140,94,53,18,89,6.8,15,0,0,1,1,24.056934745565,2,1,0,1,2,0,"Noise ",0,,0,0,0,0,0,0,0,0,0,0,0,0,0,0,0,0,0,0,0,0,0,0,0,0,0,0,0,0,0,0,0,0,0,0,0,0,0,0,0,0,0,0,0,0,0,0,0,0,0,0,0,0,0,0,0,0,,,0,0,0,0,0,0,0,0,0,0,0,0,0,0,2,,,,,,,,,,,,,,,,,,,,,,,,0,2,,7,0,0,0,0,0,0,0,0,0,0,0,0,0,0,0,0,0,0,0,0,0,0,0,1,1,0,0,0,0,0,0,1,0,0,0,0,0,0,0,0,,5,,,,,,,3,,,0,0,1,0,0,0,0,0,0,0,0,2,1,,AIYQ0906NOF,,,,1,1,0,0,0,0,0,0,0,0,0,0,0,0,0,0,,,,,,0,0,0,0,0,0,0,0,0,0,,0,,,,,,,,,,,,,0,,,0,,,0,0,1,1733405444298.jpg,8535/24,0,,0,0,0,0,0,0,0,0,0,0,0,0,0,0,0,0,0,0,,,2,,,,,,,,,,,,,,,,,,,,,,,,,,,,0,"8535.24 PA",2024-11-22,,,2,,,,0,https://cloud.butterflynetwork.com/-/shared/NAchBlc5Qf6KpqUQhQpJ9w?region=US,0,0,0,0,0,0,0,0,0,0,0,,2,,,,,,,,,,,,,,,,,,,,,,,,,,,,,,,,,,,,,,,,,,,,,,,,,,0,,,0,0,0,0,0,0,0,0,0,0,0,0,0,0,0,0,0,,,,,,,,,,,,,,,,,,,,0,,,,,0,,,,,,,,,,,0,,,,,,,,,,,,,,,,,,,,,,,,,,,,,0,,,0,0,0,0,0,0,0,0,0,0,0,0,0,0,0,0,0,0,0,0,0,0,,,,,,,,,,,,,,,,,,,,,,,0,0,0,0,0,0,0,0,0,0,0,0,,,0,0,0,0,0,0,0,0,0,0,,,,,0,,0,0,0,0,0,0,0,0,0,0,0,0,0,0,0,0,0,0,0,0,0,0,0,0,0,0,0,0,0,0,0,0,0,0,0,0,0,0,0,0,0,0,0,0,0,0,0,0,0,0,0,0,0,0,0,0,0,0,0,0,0,0,0,0,0,0,0,0,0,0,0,0,0,0,0,0,0,0,0,0,0,0,0,0,0,0,0,0,0,0,0,0,0,0,0,0,0,0,,,0
27-340,hds,"2024-11-28 11:29",1,1,0,0,1,1,0,2,12,2,,,1,,,,,,0,0,1,0,0,0,0,0,0,0,0,0,0,0,0,0,0,0,0,,,,,5,,,,,,,,,,,2,,,,1,0,0,0,0,0,0,0,0,0,0,0,0,0,,,,,,,,1,,,,,,,,,,,,,,1,0,0,0,0,0,0,0,0,0,0,0,0,0,,0,0,0,0,,0,,,,,,0,0,0,0,0,0,0,0,0,0,0,0,0,0,,,0,0,,,,,0,,,1,0,96,173,36.2,91,99,60,21,93,10.1,15,0,0,1,1,32.075912994086,3,0,0,0,2,0,"Patient refused ",0,,0,0,0,0,0,0,0,0,0,0,0,0,0,0,0,0,0,0,0,0,0,0,0,0,0,0,0,0,0,0,0,0,0,0,0,0,0,0,0,0,0,0,0,0,0,0,0,0,0,0,0,0,0,0,0,0,,,0,0,0,0,0,0,0,0,0,0,0,0,0,0,2,2,1,"Patient was restless ",,,,,,,,,,,,,,,1,1,,1,,,2,2,,3,0,0,0,0,0,0,0,0,0,0,0,0,0,0,0,0,0,0,0,0,0,0,0,1,0,0,1,0,1,0,0,0,0,0,0,0,0,0,0,0,,,,5,,5,,,,,,0,0,1,0,0,0,0,0,0,0,0,2,,,,,,,0,0,0,0,0,0,0,0,0,0,0,0,0,0,0,0,,1,,AJD7676NOF,,1,0,0,0,0,0,0,0,0,0,,0,,,,,0,,,,0,,,,0,,,0,,,0,2,1,1733986047587.jpg,8689/24,0,,0,0,0,0,0,0,0,0,0,0,0,0,0,0,0,0,0,0,,,2,,,,,,,,,,,,,,,,,,,,,,,,,,,,0,"8689.24 PA",2024-11-27,,,2,,,,0,,1,0,0,0,0,0,0,0,0,0,0,,0,,,,,,,,,,,,,,,,,,,,,,,,,,,,,,,,,,,,,,,,,,,,,,,,,,0,,,0,0,0,0,0,0,0,0,0,0,0,0,0,0,0,0,0,,,,,,,,,,,,,,,,,,,,0,,,,,0,,,,,,,,,,,0,,,,,,,,,,,,,,,,,,,,,,,,,,,,,0,,,0,0,0,0,0,0,0,0,0,0,0,0,0,0,0,0,0,0,0,0,0,0,,,,,,,,,,,,,,,,,,,,,,,0,0,0,0,0,0,0,0,0,0,0,0,,,0,0,0,0,0,0,0,0,0,0,,,,,0,,0,0,0,0,0,0,0,0,0,0,0,0,0,0,0,0,0,0,0,0,0,0,0,0,0,0,0,0,0,0,0,0,0,0,0,0,0,0,0,0,0,0,0,0,0,0,0,0,0,0,0,0,0,0,0,0,0,0,0,0,0,0,0,0,0,0,0,0,0,0,0,0,0,0,0,0,0,0,0,0,0,0,0,0,0,0,0,0,0,0,0,0,0,0,0,0,0,0,,,0
27-341,hds,"2024-12-17 11:32",1,1,0,0,1,1,,2,16,2,,21,1,,,,,,0,0,1,1,0,1,0,0,0,0,0,0,0,0,0,0,0,0,0,,,,60,1,21,,,,,,,,,,2,,,,1,0,0,0,0,0,0,0,0,0,0,0,0,0,,,,,,,,2,,,,2012,,1,2021,,,3,5,,,1,0,0,0,0,0,0,0,0,0,0,0,0,0,,0,0,0,0,,2,,,,,,0,0,0,0,0,0,0,0,0,0,0,0,0,0,,,0,1,1,1,2022,12,0,,,0,2,56,162,36.9,113,102,56,18,95,13.1,15,0,0,0,0,21.338210638622,2,0,0,0,2,1,,0,,0,0,0,0,0,0,0,0,0,0,0,0,0,0,0,0,0,0,0,0,0,0,0,0,0,0,0,0,0,0,0,0,0,0,0,0,0,0,0,0,0,0,0,0,0,0,0,0,0,0,0,0,0,0,0,0,,,0,0,0,0,0,0,0,0,0,0,0,0,0,0,2,1,0,,,,,,,,,,,,,,,,1,2,1,,1,,2,2,,4,0,0,0,0,0,0,0,0,0,0,0,0,0,0,0,0,0,0,0,0,0,0,0,1,0,0,1,0,1,0,0,1,0,0,0,0,0,0,0,0,,,,7,,7,,,3,,,0,0,1,0,0,0,0,0,0,0,0,2,1,,AIJT9231NOF,,,,1,1,1,0,1,1,1,0,0,0,0,0,0,0,0,0,,1,,AIJT9037NOF,,1,0,0,0,0,0,0,0,0,0,,0,,,,,1,,AIJT9040NOF,,0,,,,0,,,0,,,0,2,1,1734606267995.jpg,9190/24,0,,0,0,0,0,0,0,0,0,0,0,0,0,0,0,0,0,0,0,,,2,,,,,,,,,,,,,,,,,,,,,,,,,,,,0,,,,,0,,,,0,,0,1,0,0,0,0,0,0,0,0,0,,0,,,,,,,,,,,,,,,,,,,,,,,,,,,,,,,,,,,,,,,,,,,,,,,,,,0,,,0,0,0,0,0,0,0,0,0,0,0,0,0,0,0,0,0,,,,,,,,,,,,,,,,,,,,0,,,,,0,,,,,,,,,,,0,,,,,,,,,,,,,,,,,,,,,,,,,,,,,0,,,0,0,0,0,0,0,0,0,0,0,0,0,0,0,0,0,0,0,0,0,0,0,,,,,,,,,,,,,,,,,,,,,,,0,0,0,0,0,0,0,0,0,0,0,0,,,0,0,0,0,0,0,0,0,0,0,,,,,0,,0,0,0,0,0,0,0,0,0,0,0,0,0,0,0,0,0,0,0,0,0,0,0,0,0,0,0,0,0,0,0,0,0,0,0,0,0,0,0,0,0,0,0,0,0,0,0,0,0,0,0,0,0,0,0,0,0,0,0,0,0,0,0,0,0,0,0,0,0,0,0,0,0,0,0,0,0,0,0,0,0,0,0,0,0,0,0,0,0,0,0,0,0,0,0,0,0,0,,,0
27-342,hds,"2025-01-26 09:31",1,1,0,0,1,1,,2,16,2,,4,1,,,,,,1,0,0,0,0,1,1,0,0,0,0,0,0,0,0,0,0,0,0,4,,,30,,,,4,,,,,,,,2,,,,1,0,0,0,0,0,0,0,0,0,0,0,0,0,,,,,,,,1,,,,,,,,,,,,,,1,0,0,0,0,0,0,0,0,0,0,0,0,0,,0,0,0,0,,0,,,,,,0,0,0,0,0,0,0,0,0,0,0,0,0,0,,,0,0,,,,,0,,,0,0,61,172,37.0,103,86,46,18,96,6.4,15,0,0,1,1,20.619253650622,2,0,0,0,2,0,"Patient refused he said he is tired",0,,0,0,0,0,0,0,0,0,0,0,0,0,0,0,0,0,0,0,0,0,0,0,0,0,0,0,0,0,0,0,0,0,0,0,0,0,0,0,0,0,0,0,0,0,0,0,0,0,0,0,0,0,0,0,0,0,,,0,0,0,0,0,0,0,0,0,0,0,0,0,0,2,1,0,,,,,,,,,,,,,,,,0,,,,,,2,2,,6,0,0,0,0,0,0,0,0,0,0,0,0,0,0,0,0,0,0,0,0,0,0,0,1,0,0,1,0,0,0,0,1,0,0,0,0,0,0,0,0,,,,7,,,,,3,,,0,0,1,0,0,0,0,0,0,0,0,2,1,,AJDJ6876NOF,,,,1,1,1,1,0,0,0,0,1,0,0,0,0,0,0,0,,1,,"AJDJ6875NOF / AJDJ6632NOF",,1,0,0,0,0,0,0,0,0,0,,0,,,,,1,,NICD,,0,,,,0,,,0,,,2,2,1,1743755203146.jpg,559/25,0,,0,0,0,0,0,0,0,0,0,0,0,0,0,0,0,0,0,0,,,2,,,,,,,,,,,,,,,,,,,,,,,,,,,,0,,,,,0,,,,0,,0,1,0,0,0,0,0,0,0,0,0,,0,,,,,,,,,,,,,,,,,,,,,,,,,,,,,,,,,,,,,,,,,,,,,,,,,,0,,,0,0,0,0,0,0,0,0,0,0,0,0,0,0,0,0,0,,,,,,,,,,,,,,,,,,,,0,,,,,0,,,,,,,,,,,0,,,,,,,,,,,,,,,,,,,,,,,,,,,,,0,,,0,0,0,0,0,0,0,0,0,0,0,0,0,0,0,0,0,0,0,0,0,0,,,,,,,,,,,,,,,,,,,,,,,0,0,0,0,0,0,0,0,0,0,0,0,,,0,0,0,0,0,0,0,0,0,0,,,,,0,,0,0,0,0,0,0,0,0,0,0,0,0,0,0,0,0,0,0,0,0,0,0,0,0,0,0,0,0,0,0,0,0,0,0,0,0,0,0,0,0,0,0,0,0,0,0,0,0,0,0,0,0,0,0,0,0,0,0,0,0,0,0,0,0,0,0,0,0,0,0,0,0,0,0,0,0,0,0,0,0,0,0,0,0,0,0,0,0,0,0,0,0,0,0,0,0,0,0,,,0
27-343,hds,"2025-02-03 16:45",1,1,0,0,1,1,,2,16,3,,,,2,,,,,0,1,0,0,0,0,0,1,0,0,1,0,0,0,0,0,0,0,0,,30,1,,,,,,14,,,3,,,,2,,,,1,0,0,0,0,0,0,0,0,0,0,0,0,0,,,,,,,,2,,,,2023,,0,,0,,3,4,,,1,0,0,0,0,0,0,0,0,0,0,0,0,0,,0,0,0,0,,2,,,,,,0,0,0,0,0,0,0,0,0,0,0,0,0,0,,,0,0,,,,,0,,,0,2,52,157,36.0,138,91,42,26,84,6.2,15,1,0,1,2,21.096190514828,2,1,0,1,2,0,Refused,0,,0,0,0,0,0,0,0,0,0,0,0,0,0,0,0,0,0,0,0,0,0,0,0,0,0,0,0,0,0,0,0,0,0,0,0,0,0,0,0,0,0,0,0,0,0,0,0,0,0,0,0,0,0,0,0,0,,,0,0,0,0,0,0,0,0,0,0,0,0,0,0,2,1,0,,,,,,,,,,,,,,,,0,,,,,,2,2,,6,0,0,0,0,0,0,0,0,0,0,0,0,0,0,0,0,0,0,0,0,0,0,0,1,0,0,1,0,0,0,0,1,0,0,0,0,0,0,0,0,,,,7,,,,,3,,,0,1,1,0,0,0,0,0,0,0,0,2,1,,AIYX7717NOF,,ADLK2549NOF,,1,1,1,1,1,0,1,0,0,0,0,0,0,0,0,0,,1,,AIYX7718NOF,,1,0,0,0,0,0,0,0,0,0,,0,,,,,1,,NICD,,0,,,,0,,,0,,,1,2,1,1743753112096.jpg,814/25,0,,0,0,0,0,0,0,0,0,0,0,0,0,0,0,0,0,0,0,,,2,,,,,,,,,,,,,,,,,,,,,,,,,,,,0,,,,,0,,,,0,https://cloud.butterflynetwork.com/-/shared/foAxK5bJRcyLUYKmykR8lg?region=US,0,0,0,0,0,0,0,0,0,0,0,,2,,,,,,,,,,,,,,,,,,,,,,,,,,,,,,,,,,,,,,,,,,,,,,,,,,0,,,0,0,0,0,0,0,0,0,0,0,0,0,0,0,0,0,0,,,,,,,,,,,,,,,,,,,,0,,,,,0,,,,,,,,,,,0,,,,,,,,,,,,,,,,,,,,,,,,,,,,,0,,,0,0,0,0,0,0,0,0,0,0,0,0,0,0,0,0,0,0,0,0,0,0,,,,,,,,,,,,,,,,,,,,,,,0,0,0,0,0,0,0,0,0,0,0,0,,,0,0,0,0,0,0,0,0,0,0,,,,,0,,0,0,0,0,0,0,0,0,0,0,0,0,0,0,0,0,0,0,0,0,0,0,0,0,0,0,0,0,0,0,0,0,0,0,0,0,0,0,0,0,0,0,0,0,0,0,0,0,0,0,0,0,0,0,0,0,0,0,0,0,0,0,0,0,0,0,0,0,0,0,0,0,0,0,0,0,0,0,0,0,0,0,0,0,0,0,0,0,0,0,0,0,0,0,0,0,0,0,,,0
27-344,hds,"2025-02-04 15:39",1,1,0,0,1,1,0,2,16,2,,21,1,,,,,,1,0,0,0,0,0,1,0,0,0,1,0,0,0,0,0,0,0,0,5,,,,,,,21,,,,7,,,,2,,,,1,0,0,0,0,0,0,0,0,0,0,0,0,0,,,,,,,,1,,,,,,,,,,,,,,1,0,0,0,0,0,0,0,0,0,0,0,0,0,,0,0,0,0,,1,,,,,2,0,0,0,0,0,0,0,0,0,0,0,0,0,0,,,0,0,,,,,0,,,0,0,49,150,37.6,82,96,58,16,96,6.8,15,0,0,1,1,21.777777777778,2,0,0,1,2,0,Refused,0,,0,0,0,0,0,0,0,0,0,0,0,0,0,0,0,0,0,0,0,0,0,0,0,0,0,0,0,0,0,0,0,0,0,0,0,0,0,0,0,0,0,0,0,0,0,0,0,0,0,0,0,0,0,0,0,0,,,0,0,0,0,0,0,0,0,0,0,0,0,0,0,2,1,0,,,,,,,,,,,,,,,,0,,,,,,2,2,,6,0,0,1,0,0,0,0,0,0,0,0,0,0,0,0,0,0,0,0,0,0,0,0,1,0,0,1,0,0,0,0,0,1,0,0,0,0,0,0,0,,,,7,,,,,,7,,0,0,1,0,0,0,0,0,0,0,0,2,1,,AIYX7757NOF,,,,1,1,1,0,0,0,1,0,0,0,0,0,0,0,0,0,,1,,AIYX7758NOF,,1,0,0,0,0,0,0,0,0,0,,0,,,,,1,,NICD,,0,,,,0,,,0,,,1,2,1,1743753017850.jpg,801/25,0,,0,0,0,0,0,0,0,0,0,0,0,0,0,0,0,0,0,0,,,2,,,,,,,,,,,,,,,,,,,,,,,,,,,,0,,,,,0,,,,0,https://cloud.butterflynetwork.com/-/shared/RBPTQLuCQcy37SLnXqRT3Q?region=US,0,0,0,0,0,0,0,0,0,0,0,,2,,,,,,,,,,,,,,,,,,,,,,,,,,,,,,,,,,,,,,,,,,,,,,,,,,0,,,0,0,0,0,0,0,0,0,0,0,0,0,0,0,0,0,0,,,,,,,,,,,,,,,,,,,,0,,,,,0,,,,,,,,,,,0,,,,,,,,,,,,,,,,,,,,,,,,,,,,,0,,,0,0,0,0,0,0,0,0,0,0,0,0,0,0,0,0,0,0,0,0,0,0,,,,,,,,,,,,,,,,,,,,,,,0,0,0,0,0,0,0,0,0,0,0,0,,,0,0,0,0,0,0,0,0,0,0,,,,,0,,0,0,0,0,0,0,0,0,0,0,0,0,0,0,0,0,0,0,0,0,0,0,0,0,0,0,0,0,0,0,0,0,0,0,0,0,0,0,0,0,0,0,0,0,0,0,0,0,0,0,0,0,0,0,0,0,0,0,0,0,0,0,0,0,0,0,0,0,0,0,0,0,0,0,0,0,0,0,0,0,0,0,0,0,0,0,0,0,0,0,0,0,0,0,0,0,0,0,,,0
27-345,hds,"2025-02-27 10:05",1,1,0,0,1,1,0,2,16,3,,,,3,,,,,0,1,0,0,0,0,0,0,0,0,0,0,0,0,0,0,0,0,0,,7,1,,,,,,,,,,,,,2,,,,1,0,0,0,0,0,0,0,0,0,0,0,0,0,,,,,,,,2,,,,2022,,0,,0,,3,2,,,1,0,0,0,0,0,0,0,0,0,0,0,0,0,,0,1,0,0,,1,9,,,,2,0,0,0,0,0,0,0,0,0,0,0,0,0,0,,,0,1,2,2,2021,8,0,,,0,0,50,171,37,56,128,74,22,95,4.7,15,1,0,0,1,17.099278410451,2,0,0,0,2,0,"No network",0,,0,0,0,0,0,0,0,0,0,0,0,0,0,0,0,0,0,0,0,0,0,0,0,0,0,0,0,0,0,0,0,0,0,0,0,0,0,0,0,0,0,0,0,0,0,0,0,0,0,0,0,0,0,0,0,0,,,0,0,0,0,0,0,0,0,0,0,0,0,0,0,2,,,,,,,,,,,,,,,,,,,,,,,,0,2,,3,0,0,0,0,0,0,0,0,0,0,0,0,0,0,0,0,0,0,0,0,0,0,0,1,0,0,0,0,1,0,0,1,1,0,0,0,0,0,0,0,,,,,,5,,,3,5,,0,0,1,0,0,0,0,0,0,0,0,2,1,,ADQK2957HOF,,AJAY8883NOF,,1,1,1,0,1,0,0,0,0,0,0,0,0,0,0,0,,1,,AJAZ1827NOF,,1,0,0,0,0,0,0,0,0,0,,0,,,,,1,,AJAY8869NOF,,0,,,,0,,,0,,,0,2,1,1743753297280.jpg,136/25,0,,0,0,0,0,0,0,0,0,0,0,0,0,0,0,0,0,0,0,,,0,,,,,,,,,,,,,,,,,,,,,,,,,,,,0,,,,,0,,,,0,,0,1,0,0,0,0,0,0,0,0,0,,0,,,,,,,,,,,,,,,,,,,,,,,,,,,,,,,,,,,,,,,,,,,,,,,,,,0,,,0,0,0,0,0,0,0,0,0,0,0,0,0,0,0,0,0,,,,,,,,,,,,,,,,,,,,0,,,,,0,,,,,,,,,,,0,,,,,,,,,,,,,,,,,,,,,,,,,,,,,0,,,0,0,0,0,0,0,0,0,0,0,0,0,0,0,0,0,0,0,0,0,0,0,,,,,,,,,,,,,,,,,,,,,,,0,0,0,0,0,0,0,0,0,0,0,0,,,0,0,0,0,0,0,0,0,0,0,,,,,0,,0,0,0,0,0,0,0,0,0,0,0,0,0,0,0,0,0,0,0,0,0,0,0,0,0,0,0,0,0,0,0,0,0,0,0,0,0,0,0,0,0,0,0,0,0,0,0,0,0,0,0,0,0,0,0,0,0,0,0,0,0,0,0,0,0,0,0,0,0,0,0,0,0,0,0,0,0,0,0,0,0,0,0,0,0,0,0,0,0,0,0,0,0,0,0,0,0,0,,,0
